sample_id,stim_kind,pulse_offset_sample,pulse_start_ns,pulse_width_samples,pulse_peak_mv,adc_code_pos,adc_code_neg,pulse_channel,hex_out,float_out,label,prediction,correct,latency_cycles_cnn,latency_us
0,polar_sweep,0,0,5,50.000,256,0,0,0x003fed0b,-2.369629,0,0,1,207,1.035
1,polar_sweep,1,1,5,50.000,256,0,0,0x003fed53,-2.334473,0,0,1,202,1.010
2,polar_sweep,2,2,5,50.000,256,0,0,0x003fed27,-2.355957,0,0,1,202,1.010
3,polar_sweep,3,3,5,50.000,256,0,0,0x003fed83,-2.311035,0,0,1,203,1.015
4,polar_sweep,4,4,5,50.000,256,0,0,0x003fee03,-2.248535,0,0,1,203,1.015
5,polar_sweep,5,5,5,50.000,256,0,0,0x003fee7d,-2.188965,0,0,1,204,1.020
6,polar_sweep,6,6,5,50.000,256,0,0,0x003fedfd,-2.251465,0,0,1,203,1.015
7,polar_sweep,7,7,5,50.000,256,0,0,0x003fedfd,-2.251465,0,0,1,203,1.015
8,polar_sweep,8,8,5,50.000,256,0,0,0x003fef87,-2.059082,0,0,1,204,1.020
9,polar_sweep,9,9,5,50.000,256,0,0,0x003fef57,-2.082520,0,0,1,204,1.020
10,polar_sweep,10,10,5,50.000,256,0,0,0x003fef8b,-2.057129,0,0,1,204,1.020
11,polar_sweep,11,11,5,50.000,256,0,0,0x003fef42,-2.092773,0,0,1,203,1.015
12,polar_sweep,12,12,5,50.000,256,0,0,0x003fee16,-2.239258,0,0,1,203,1.015
13,polar_sweep,13,13,5,50.000,256,0,0,0x003fee06,-2.247070,0,0,1,204,1.020
14,polar_sweep,14,14,5,50.000,256,0,0,0x003fef8c,-2.056641,0,0,1,204,1.020
15,polar_sweep,15,15,5,50.000,256,0,0,0x003fefcc,-2.025391,0,0,1,204,1.020
16,polar_sweep,16,16,5,50.000,256,0,0,0x003ff07c,-1.939453,0,0,1,203,1.015
17,polar_sweep,17,17,5,50.000,256,0,0,0x003ff033,-1.975098,0,0,1,203,1.015
18,polar_sweep,18,18,5,50.000,256,0,0,0x003fef0d,-2.118652,0,0,1,204,1.020
19,polar_sweep,19,19,5,50.000,256,0,0,0x003feee5,-2.138184,0,0,1,204,1.020
20,polar_sweep,20,20,5,50.000,256,0,0,0x003ff05f,-1.953613,0,0,1,204,1.020
21,polar_sweep,21,21,5,50.000,256,0,0,0x003ff017,-1.988770,0,0,1,203,1.015
22,polar_sweep,22,22,5,50.000,256,0,0,0x003ff067,-1.949707,0,0,1,203,1.015
23,polar_sweep,23,23,5,50.000,256,0,0,0x003fefee,-2.008789,0,0,1,204,1.020
24,polar_sweep,24,24,5,50.000,256,0,0,0x003fee84,-2.185547,0,0,1,204,1.020
25,polar_sweep,25,25,5,50.000,256,0,0,0x003fee88,-2.183594,0,0,1,204,1.020
26,polar_sweep,26,26,5,50.000,256,0,0,0x003fef9e,-2.047852,0,0,1,203,1.015
27,polar_sweep,27,27,5,50.000,256,0,0,0x003fef26,-2.106445,0,0,1,203,1.015
28,polar_sweep,28,28,5,50.000,256,0,0,0x003fef02,-2.124023,0,0,1,204,1.020
29,polar_sweep,29,29,5,50.000,256,0,0,0x003feea9,-2.167480,0,0,1,204,1.020
30,polar_sweep,30,30,5,50.000,256,0,0,0x003fedaf,-2.289551,0,0,1,204,1.020
31,polar_sweep,31,31,5,50.000,256,0,0,0x003fed6b,-2.322754,0,0,1,203,1.015
32,polar_sweep,32,32,5,50.000,256,0,0,0x003fee9f,-2.172363,0,0,1,203,1.015
33,polar_sweep,33,33,5,50.000,256,0,0,0x003feef3,-2.131348,0,0,1,204,1.020
34,polar_sweep,34,34,5,50.000,256,0,0,0x003fef5f,-2.078613,0,0,1,204,1.020
35,polar_sweep,35,35,5,50.000,256,0,0,0x003fef3d,-2.095215,0,0,1,204,1.020
36,polar_sweep,36,36,5,50.000,256,0,0,0x003fee57,-2.207520,0,0,1,203,1.015
37,polar_sweep,37,37,5,50.000,256,0,0,0x003fee93,-2.178223,0,0,1,203,1.015
38,polar_sweep,38,38,5,50.000,256,0,0,0x003ff00f,-1.992676,0,0,1,204,1.020
39,polar_sweep,39,39,5,50.000,256,0,0,0x003ff0d3,-1.896973,0,0,1,204,1.020
40,polar_sweep,40,40,5,50.000,256,0,0,0x003ff147,-1.840332,0,0,1,204,1.020
41,polar_sweep,41,41,5,50.000,256,0,0,0x003ff12d,-1.853027,0,0,1,203,1.015
42,polar_sweep,42,42,5,50.000,256,0,0,0x003ff035,-1.974121,0,0,1,203,1.015
43,polar_sweep,43,43,5,50.000,256,0,0,0x003ff001,-1.999512,0,0,1,204,1.020
44,polar_sweep,44,44,5,50.000,256,0,0,0x003ff237,-1.723145,0,0,1,204,1.020
45,polar_sweep,45,45,5,50.000,256,0,0,0x003ff293,-1.678223,0,0,1,204,1.020
46,polar_sweep,46,46,5,50.000,256,0,0,0x003ff387,-1.559082,0,0,1,203,1.015
47,polar_sweep,47,47,5,50.000,256,0,0,0x003ff2f3,-1.631348,0,0,1,203,1.015
48,polar_sweep,48,48,5,50.000,256,0,0,0x003ff23d,-1.720215,0,0,1,204,1.020
49,polar_sweep,49,49,5,50.000,256,0,0,0x003ff22d,-1.728027,0,0,1,204,1.020
50,polar_sweep,50,50,5,50.000,256,0,0,0x003ff797,-1.051270,0,0,1,204,1.020
51,polar_sweep,51,51,5,50.000,256,0,0,0x003ffd8f,-0.305176,0,0,1,203,1.015
52,polar_sweep,52,52,5,50.000,256,0,0,0x0000064b,0.786621,0,1,0,203,1.015
53,polar_sweep,53,53,5,50.000,256,0,0,0x000009ec,1.240234,0,1,0,204,1.020
54,polar_sweep,54,54,5,50.000,256,0,0,0x000008c8,1.097656,0,1,0,204,1.020
55,polar_sweep,55,55,5,50.000,256,0,0,0x00000944,1.158203,0,1,0,204,1.020
56,polar_sweep,56,56,5,50.000,256,0,0,0x00001470,2.554688,0,1,0,203,1.015
57,polar_sweep,57,57,5,50.000,256,0,0,0x000024a4,4.580078,0,1,0,203,1.015
58,polar_sweep,58,58,5,50.000,256,0,0,0x00003550,6.664062,0,1,0,204,1.020
59,polar_sweep,59,59,5,50.000,256,0,0,0x000039f8,7.246094,0,1,0,204,1.020
60,polar_sweep,60,60,5,50.000,256,0,0,0x000034d6,6.604492,0,1,0,204,1.020
61,polar_sweep,61,61,5,50.000,256,0,0,0x00003696,6.823242,0,1,0,203,1.015
62,polar_sweep,62,62,5,50.000,256,0,0,0x0000412c,8.146484,0,1,0,203,1.015
63,polar_sweep,63,63,5,50.000,256,0,0,0x00004b00,9.375000,0,1,0,204,1.020
64,polar_sweep,64,64,5,50.000,256,0,0,0x000058a4,11.080078,0,1,0,204,1.020
65,polar_sweep,65,65,5,50.000,256,0,0,0x000055c2,10.719727,0,1,0,204,1.020
66,polar_sweep,66,66,5,50.000,256,0,0,0x0000427c,8.310547,0,1,0,203,1.015
67,polar_sweep,67,67,5,50.000,256,0,0,0x00003ce4,7.611328,0,1,0,203,1.015
68,polar_sweep,68,68,5,50.000,256,0,0,0x00003d84,7.689453,0,1,0,204,1.020
69,polar_sweep,69,69,5,50.000,256,0,0,0x00004cd8,9.605469,0,1,0,204,1.020
70,polar_sweep,70,70,5,50.000,256,0,0,0x00005b98,11.449219,0,1,0,204,1.020
71,polar_sweep,71,71,5,50.000,256,0,0,0x00005c7c,11.560547,0,1,0,203,1.015
72,polar_sweep,72,72,5,50.000,256,0,0,0x00004928,9.144531,0,1,0,203,1.015
73,polar_sweep,73,73,5,50.000,256,0,0,0x00004080,8.062500,0,1,0,204,1.020
74,polar_sweep,74,74,5,50.000,256,0,0,0x00004654,8.791016,0,1,0,204,1.020
75,polar_sweep,75,75,5,50.000,256,0,0,0x000057e4,10.986328,0,1,0,204,1.020
76,polar_sweep,76,76,5,50.000,256,0,0,0x000065dc,12.732422,0,1,0,203,1.015
77,polar_sweep,77,77,5,50.000,256,0,0,0x00006007,12.003418,0,1,0,203,1.015
78,polar_sweep,78,78,5,50.000,256,0,0,0x00004a3b,9.278809,0,1,0,204,1.020
79,polar_sweep,79,79,5,50.000,256,0,0,0x0000467b,8.810059,0,1,0,204,1.020
80,polar_sweep,80,80,5,50.000,256,0,0,0x00004713,8.884277,0,1,0,204,1.020
81,polar_sweep,81,81,5,50.000,256,0,0,0x0000469b,8.825684,0,1,0,203,1.015
82,polar_sweep,82,82,5,50.000,256,0,0,0x00004647,8.784668,0,1,0,203,1.015
83,polar_sweep,83,83,5,50.000,256,0,0,0x00003a5d,7.295410,0,1,0,204,1.020
84,polar_sweep,84,84,5,50.000,256,0,0,0x000022c9,4.348145,0,1,0,204,1.020
85,polar_sweep,85,85,5,50.000,256,0,0,0x0000183d,3.029785,0,1,0,204,1.020
86,polar_sweep,86,86,5,50.000,256,0,0,0x00001581,2.687988,0,1,0,203,1.015
87,polar_sweep,87,87,5,50.000,256,0,0,0x0000158d,2.693848,0,1,0,203,1.015
88,polar_sweep,88,88,5,50.000,256,0,0,0x00001605,2.752441,0,1,0,204,1.020
89,polar_sweep,89,89,5,50.000,256,0,0,0x000010f8,2.121094,0,1,0,204,1.020
90,polar_sweep,90,90,5,50.000,256,0,0,0x0000056e,0.678711,0,1,0,204,1.020
91,polar_sweep,91,91,5,50.000,256,0,0,0x00000076,0.057617,0,1,0,203,1.015
92,polar_sweep,92,92,5,50.000,256,0,0,0x003fffa0,-0.046875,0,0,1,203,1.015
93,polar_sweep,93,93,5,50.000,256,0,0,0x003ffee4,-0.138672,0,0,1,204,1.020
94,polar_sweep,94,94,5,50.000,256,0,0,0x003ffe48,-0.214844,0,0,1,204,1.020
95,polar_sweep,95,95,5,50.000,256,0,0,0x003ffb49,-0.589355,0,0,1,204,1.020
96,polar_sweep,96,96,5,50.000,256,0,0,0x003ff5a5,-1.294434,0,0,1,203,1.015
97,polar_sweep,97,97,5,50.000,256,0,0,0x003ff2fd,-1.626465,0,0,1,203,1.015
98,polar_sweep,98,98,5,50.000,256,0,0,0x003ff2d1,-1.647949,0,0,1,204,1.020
99,polar_sweep,99,99,5,50.000,256,0,0,0x003ff329,-1.604980,0,0,1,204,1.020
100,polar_sweep,100,100,5,50.000,256,0,0,0x003ff369,-1.573730,0,0,1,204,1.020
101,polar_sweep,101,101,5,50.000,256,0,0,0x003ff29e,-1.672852,0,0,1,203,1.015
102,polar_sweep,102,102,5,50.000,256,0,0,0x003ff074,-1.943359,0,0,1,203,1.015
103,polar_sweep,103,103,5,50.000,256,0,0,0x003ff020,-1.984375,0,0,1,204,1.020
104,polar_sweep,104,104,5,50.000,256,0,0,0x003ff188,-1.808594,0,0,1,204,1.020
105,polar_sweep,105,105,5,50.000,256,0,0,0x003ff174,-1.818359,0,0,1,204,1.020
106,polar_sweep,106,106,5,50.000,256,0,0,0x003ff21c,-1.736328,0,0,1,203,1.015
107,polar_sweep,107,107,5,50.000,256,0,0,0x003ff1b0,-1.789062,0,0,1,203,1.015
108,polar_sweep,108,108,5,50.000,256,0,0,0x003fefd4,-2.021484,0,0,1,204,1.020
109,polar_sweep,109,109,5,50.000,256,0,0,0x003fefa0,-2.046875,0,0,1,204,1.020
110,polar_sweep,110,110,5,50.000,256,0,0,0x003ff11a,-1.862305,0,0,1,204,1.020
111,polar_sweep,111,111,5,50.000,256,0,0,0x003ff07e,-1.938477,0,0,1,203,1.015
112,polar_sweep,112,112,5,50.000,256,0,0,0x003ff0c2,-1.905273,0,0,1,203,1.015
113,polar_sweep,113,113,5,50.000,256,0,0,0x003ff03a,-1.971680,0,0,1,204,1.020
114,polar_sweep,114,114,5,50.000,256,0,0,0x003fee78,-2.191406,0,0,1,204,1.020
115,polar_sweep,115,115,5,50.000,256,0,0,0x003fee28,-2.230469,0,0,1,204,1.020
116,polar_sweep,116,116,5,50.000,256,0,0,0x003fef5e,-2.079102,0,0,1,203,1.015
117,polar_sweep,117,117,5,50.000,256,0,0,0x003fef12,-2.116211,0,0,1,203,1.015
118,polar_sweep,118,118,5,50.000,256,0,0,0x003fef96,-2.051758,0,0,1,204,1.020
119,polar_sweep,119,119,5,50.000,256,0,0,0x003fefb8,-2.035156,0,0,1,204,1.020
120,polar_sweep,120,120,5,50.000,256,0,0,0x003fee52,-2.209961,0,0,1,204,1.020
121,polar_sweep,121,121,5,50.000,256,0,0,0x003fedfe,-2.250977,0,0,1,203,1.015
122,polar_sweep,122,122,5,50.000,256,0,0,0x003feee6,-2.137695,0,0,1,203,1.015
123,polar_sweep,123,123,5,50.000,256,0,0,0x003fef16,-2.114258,0,0,1,204,1.020
124,polar_sweep,124,124,5,50.000,256,0,0,0x003fefc6,-2.028320,0,0,1,204,1.020
125,polar_sweep,125,125,5,50.000,256,0,0,0x003fefda,-2.018555,0,0,1,204,1.020
126,polar_sweep,126,126,5,50.000,256,0,0,0x003feea6,-2.168945,0,0,1,203,1.015
127,polar_sweep,127,127,5,50.000,256,0,0,0x003fee6a,-2.198242,0,0,1,203,1.015
128,polar_sweep,128,128,5,50.000,256,0,0,0x003ff01c,-1.986328,0,0,1,204,1.020
129,polar_sweep,129,129,5,50.000,256,0,0,0x003ff160,-1.828125,0,0,1,204,1.020
130,polar_sweep,130,130,5,50.000,256,0,0,0x003ff2dc,-1.642578,0,0,1,204,1.020
131,polar_sweep,131,131,5,50.000,256,0,0,0x003ff317,-1.613770,0,0,1,203,1.015
132,polar_sweep,132,132,5,50.000,256,0,0,0x003ff1ab,-1.791504,0,0,1,203,1.015
133,polar_sweep,133,133,5,50.000,256,0,0,0x003ff1cf,-1.773926,0,0,1,204,1.020
134,polar_sweep,134,134,5,50.000,256,0,0,0x003ff379,-1.565918,0,0,1,204,1.020
135,polar_sweep,135,135,5,50.000,256,0,0,0x003ff3c1,-1.530762,0,0,1,204,1.020
136,polar_sweep,136,136,5,50.000,256,0,0,0x003ff431,-1.476074,0,0,1,203,1.015
137,polar_sweep,137,137,5,50.000,256,0,0,0x003ff3c9,-1.526855,0,0,1,203,1.015
138,polar_sweep,138,138,5,50.000,256,0,0,0x003ff15d,-1.829590,0,0,1,204,1.020
139,polar_sweep,139,139,5,50.000,256,0,0,0x003ff079,-1.940918,0,0,1,204,1.020
140,polar_sweep,140,140,5,50.000,256,0,0,0x003ff1bd,-1.782715,0,0,1,204,1.020
141,polar_sweep,141,141,5,50.000,256,0,0,0x003ff1e5,-1.763184,0,0,1,203,1.015
142,polar_sweep,142,142,5,50.000,256,0,0,0x003ff21d,-1.735840,0,0,1,203,1.015
143,polar_sweep,143,143,5,50.000,256,0,0,0x003ff168,-1.824219,0,0,1,204,1.020
144,polar_sweep,144,144,5,50.000,256,0,0,0x003fefc8,-2.027344,0,0,1,204,1.020
145,polar_sweep,145,145,5,50.000,256,0,0,0x003fef9c,-2.048828,0,0,1,204,1.020
146,polar_sweep,146,146,5,50.000,256,0,0,0x003ff104,-1.873047,0,0,1,203,1.015
147,polar_sweep,147,147,5,50.000,256,0,0,0x003ff0b8,-1.910156,0,0,1,203,1.015
148,polar_sweep,148,148,5,50.000,256,0,0,0x003ff0ac,-1.916016,0,0,1,204,1.020
149,polar_sweep,149,149,5,50.000,256,0,0,0x003ff07a,-1.940430,0,0,1,204,1.020
150,polar_sweep,150,150,5,50.000,256,0,0,0x003fef0c,-2.119141,0,0,1,204,1.020
151,polar_sweep,151,151,5,50.000,256,0,0,0x003feea4,-2.169922,0,0,1,203,1.015
152,polar_sweep,152,152,5,50.000,256,0,0,0x003fef6a,-2.073242,0,0,1,203,1.015
153,polar_sweep,153,153,5,50.000,256,0,0,0x003fef36,-2.098633,0,0,1,204,1.020
154,polar_sweep,154,154,5,50.000,256,0,0,0x003fef02,-2.124023,0,0,1,204,1.020
155,polar_sweep,155,155,5,50.000,256,0,0,0x003feeb1,-2.163574,0,0,1,204,1.020
156,polar_sweep,156,156,5,50.000,256,0,0,0x003feda5,-2.294434,0,0,1,203,1.015
157,polar_sweep,157,157,5,50.000,256,0,0,0x003fedb5,-2.286621,0,0,1,203,1.015
158,polar_sweep,158,158,5,50.000,256,0,0,0x003fee97,-2.176270,0,0,1,204,1.020
159,polar_sweep,159,159,5,50.000,256,0,0,0x003fee43,-2.217285,0,0,1,204,1.020
160,polar_sweep,160,160,5,50.000,256,0,0,0x003fee93,-2.178223,0,0,1,204,1.020
161,polar_sweep,161,161,5,50.000,256,0,0,0x003fee96,-2.176758,0,0,1,203,1.015
162,polar_sweep,162,162,5,50.000,256,0,0,0x003fed96,-2.301758,0,0,1,203,1.015
163,polar_sweep,163,163,5,50.000,256,0,0,0x003fed92,-2.303711,0,0,1,204,1.020
164,polar_sweep,164,164,5,50.000,256,0,0,0x003feefa,-2.127930,0,0,1,204,1.020
165,polar_sweep,165,165,5,50.000,256,0,0,0x003fef5a,-2.081055,0,0,1,204,1.020
166,polar_sweep,166,166,5,50.000,256,0,0,0x003ff036,-1.973633,0,0,1,203,1.015
167,polar_sweep,167,167,5,50.000,256,0,0,0x003ff040,-1.968750,0,0,1,203,1.015
168,polar_sweep,168,168,5,50.000,256,0,0,0x003feed8,-2.144531,0,0,1,204,1.020
169,polar_sweep,169,169,5,50.000,256,0,0,0x003feebc,-2.158203,0,0,1,204,1.020
170,polar_sweep,170,170,5,50.000,256,0,0,0x003ff078,-1.941406,0,0,1,204,1.020
171,polar_sweep,171,171,5,50.000,256,0,0,0x003ff0c4,-1.904297,0,0,1,203,1.015
172,polar_sweep,172,172,5,50.000,256,0,0,0x003ff174,-1.818359,0,0,1,203,1.015
173,polar_sweep,173,173,5,50.000,256,0,0,0x003ff175,-1.817871,0,0,1,204,1.020
174,polar_sweep,174,174,5,50.000,256,0,0,0x003fef7f,-2.062988,0,0,1,204,1.020
175,polar_sweep,175,175,5,50.000,256,0,0,0x003fef23,-2.107910,0,0,1,204,1.020
176,polar_sweep,176,176,5,50.000,256,0,0,0x003ff0a3,-1.920410,0,0,1,203,1.015
177,polar_sweep,177,177,5,50.000,256,0,0,0x003ff153,-1.834473,0,0,1,203,1.015
178,polar_sweep,178,178,5,50.000,256,0,0,0x003ff127,-1.855957,0,0,1,204,1.020
179,polar_sweep,179,179,5,50.000,256,0,0,0x003ff069,-1.948730,0,0,1,204,1.020
180,polar_sweep,180,180,5,50.000,256,0,0,0x003feef5,-2.130371,0,0,1,204,1.020
181,polar_sweep,181,181,5,50.000,256,0,0,0x003feef1,-2.132324,0,0,1,203,1.015
182,polar_sweep,182,182,5,50.000,256,0,0,0x003ff00f,-1.992676,0,0,1,203,1.015
183,polar_sweep,183,183,5,50.000,256,0,0,0x003ff10b,-1.869629,0,0,1,204,1.020
184,polar_sweep,184,184,5,50.000,256,0,0,0x003ff193,-1.803223,0,0,1,204,1.020
185,polar_sweep,185,185,5,50.000,256,0,0,0x003ff14b,-1.838379,0,0,1,204,1.020
186,polar_sweep,186,186,5,50.000,256,0,0,0x003ff07d,-1.938965,0,0,1,203,1.015
187,polar_sweep,187,187,5,50.000,256,0,0,0x003ff0f5,-1.880371,0,0,1,203,1.015
188,polar_sweep,188,188,5,50.000,256,0,0,0x003ff2bb,-1.658691,0,0,1,204,1.020
189,polar_sweep,189,189,5,50.000,256,0,0,0x003ff2b7,-1.660645,0,0,1,204,1.020
190,polar_sweep,190,190,5,50.000,256,0,0,0x003ff353,-1.584473,0,0,1,204,1.020
191,polar_sweep,191,191,5,50.000,256,0,0,0x003ff2c6,-1.653320,0,0,1,203,1.015
192,polar_sweep,192,192,5,50.000,256,0,0,0x003ff056,-1.958008,0,0,1,203,1.015
193,polar_sweep,193,193,5,50.000,256,0,0,0x003fef8a,-2.057617,0,0,1,204,1.020
194,polar_sweep,194,194,5,50.000,256,0,0,0x003ff08e,-1.930664,0,0,1,204,1.020
195,polar_sweep,195,195,5,50.000,256,0,0,0x003feffe,-2.000977,0,0,1,204,1.020
196,polar_sweep,196,196,5,50.000,256,0,0,0x003fef5e,-2.079102,0,0,1,203,1.015
197,polar_sweep,197,197,5,50.000,256,0,0,0x003fee7d,-2.188965,0,0,1,203,1.015
198,polar_sweep,198,198,5,50.000,256,0,0,0x003fece1,-2.390137,0,0,1,204,1.020
199,polar_sweep,199,199,5,50.000,256,0,0,0x003fecb5,-2.411621,0,0,1,204,1.020
200,polar_sweep,200,200,5,50.000,256,0,0,0x003fedf7,-2.254395,0,0,1,204,1.020
201,polar_sweep,201,201,5,50.000,256,0,0,0x003fee5b,-2.205566,0,0,1,203,1.015
202,polar_sweep,202,202,5,50.000,256,0,0,0x003feec3,-2.154785,0,0,1,203,1.015
203,polar_sweep,203,203,5,50.000,256,0,0,0x003feefc,-2.126953,0,0,1,204,1.020
204,polar_sweep,204,204,5,50.000,256,0,0,0x003feeac,-2.166016,0,0,1,204,1.020
205,polar_sweep,205,205,5,50.000,256,0,0,0x003fef18,-2.113281,0,0,1,204,1.020
206,polar_sweep,206,206,5,50.000,256,0,0,0x003ff05c,-1.955078,0,0,1,203,1.015
207,polar_sweep,207,207,5,50.000,256,0,0,0x003ff048,-1.964844,0,0,1,203,1.015
208,polar_sweep,208,208,5,50.000,256,0,0,0x003ff06c,-1.947266,0,0,1,204,1.020
209,polar_sweep,209,209,5,50.000,256,0,0,0x003ff042,-1.967773,0,0,1,204,1.020
210,polar_sweep,210,210,5,50.000,256,0,0,0x003fef06,-2.122070,0,0,1,204,1.020
211,polar_sweep,211,211,5,50.000,256,0,0,0x003fee92,-2.178711,0,0,1,203,1.015
212,polar_sweep,212,212,5,50.000,256,0,0,0x003ff024,-1.982422,0,0,1,203,1.015
213,polar_sweep,213,213,5,50.000,256,0,0,0x003ff02c,-1.978516,0,0,1,204,1.020
214,polar_sweep,214,214,5,50.000,256,0,0,0x003ff0c8,-1.902344,0,0,1,204,1.020
215,polar_sweep,215,215,5,50.000,256,0,0,0x003ff0c4,-1.904297,0,0,1,204,1.020
216,polar_sweep,216,216,5,50.000,256,0,0,0x003fef48,-2.089844,0,0,1,203,1.015
217,polar_sweep,217,217,5,50.000,256,0,0,0x003fef20,-2.109375,0,0,1,203,1.015
218,polar_sweep,218,218,5,50.000,256,0,0,0x003ff044,-1.966797,0,0,1,204,1.020
219,polar_sweep,219,219,5,50.000,256,0,0,0x003ff098,-1.925781,0,0,1,204,1.020
220,polar_sweep,220,220,5,50.000,256,0,0,0x003ff11c,-1.861328,0,0,1,204,1.020
221,polar_sweep,221,221,5,50.000,256,0,0,0x003ff0d5,-1.895996,0,0,1,203,1.015
222,polar_sweep,222,222,5,50.000,256,0,0,0x003fefcb,-2.025879,0,0,1,203,1.015
223,polar_sweep,223,223,5,50.000,256,0,0,0x003fefdf,-2.016113,0,0,1,204,1.020
224,polar_sweep,224,224,5,50.000,256,0,0,0x003ff14d,-1.837402,0,0,1,204,1.020
225,polar_sweep,225,225,5,50.000,256,0,0,0x003ff189,-1.808105,0,0,1,204,1.020
226,polar_sweep,226,226,5,50.000,256,0,0,0x003ff285,-1.685059,0,0,1,203,1.015
227,polar_sweep,227,227,5,50.000,256,0,0,0x003ff28b,-1.682129,0,0,1,203,1.015
228,polar_sweep,228,228,5,50.000,256,0,0,0x003ff03b,-1.971191,0,0,1,204,1.020
229,polar_sweep,229,229,5,50.000,256,0,0,0x003fef5f,-2.078613,0,0,1,204,1.020
230,polar_sweep,230,230,5,50.000,256,0,0,0x003ff043,-1.967285,0,0,1,204,1.020
231,polar_sweep,231,231,5,50.000,256,0,0,0x003ff10b,-1.869629,0,0,1,203,1.015
232,polar_sweep,232,232,5,50.000,256,0,0,0x003ff14f,-1.836426,0,0,1,203,1.015
233,polar_sweep,233,233,5,50.000,256,0,0,0x003ff0cc,-1.900391,0,0,1,204,1.020
234,polar_sweep,234,234,5,50.000,256,0,0,0x003fef54,-2.083984,0,0,1,204,1.020
235,polar_sweep,235,235,5,50.000,256,0,0,0x003fef0c,-2.119141,0,0,1,204,1.020
236,polar_sweep,236,236,5,50.000,256,0,0,0x003ff04c,-1.962891,0,0,1,203,1.015
237,polar_sweep,237,237,5,50.000,256,0,0,0x003ff0fc,-1.876953,0,0,1,203,1.015
238,polar_sweep,238,238,5,50.000,256,0,0,0x003ff138,-1.847656,0,0,1,204,1.020
239,polar_sweep,239,239,5,50.000,256,0,0,0x003ff090,-1.929688,0,0,1,204,1.020
240,polar_sweep,240,240,5,50.000,256,0,0,0x003fef6c,-2.072266,0,0,1,204,1.020
241,polar_sweep,241,241,5,50.000,256,0,0,0x003fef90,-2.054688,0,0,1,203,1.015
242,polar_sweep,242,242,5,50.000,256,0,0,0x003ff12c,-1.853516,0,0,1,203,1.015
243,polar_sweep,243,243,5,50.000,256,0,0,0x003ff0f0,-1.882812,0,0,1,204,1.020
244,polar_sweep,244,244,5,50.000,256,0,0,0x003ff0f0,-1.882812,0,0,1,204,1.020
245,polar_sweep,245,245,5,50.000,256,0,0,0x003ff041,-1.968262,0,0,1,204,1.020
246,polar_sweep,246,246,5,50.000,256,0,0,0x003fef37,-2.098145,0,0,1,203,1.015
247,polar_sweep,247,247,5,50.000,256,0,0,0x003fef2b,-2.104004,0,0,1,203,1.015
248,polar_sweep,248,248,5,50.000,256,0,0,0x003ff07b,-1.939941,0,0,1,204,1.020
249,polar_sweep,249,249,5,50.000,256,0,0,0x003fefb3,-2.037598,0,0,1,204,1.020
250,polar_sweep,250,250,5,50.000,256,0,0,0x003fef9f,-2.047363,0,0,1,204,1.020
251,polar_sweep,251,251,5,50.000,256,0,0,0x003fef7e,-2.063477,0,0,1,203,1.015
