stim_kind,count,score_min,score_max,score_mean
zero,256,-2.208984,-2.208984,-2.208984
bipolar_sweep,247,-2.558105,12.397461,-0.700122
polar_sweep,252,-2.411621,12.732422,-0.576976
monopolar_100mv_100ns_sweep,356,-2.570801,69.619629,20.778648
monopolar_100mv_100ns_erf_tr100ns_sweep,356,-1.700195,57.931152,22.245721
monopolar_50mv_50ns_erf_tr50ns_sweep,306,-2.432129,31.655762,5.185692
monopolar_10mv_10ns_erf_tr10ns_sweep,266,-2.303223,-0.566406,-2.065857
monopolar_50mv_20ns_erf_tr5ns_sweep,276,-2.390625,28.339844,1.660965
monopolar_100mv_20ns_erf_tr5ns_sweep,276,-2.364746,49.546875,4.649756
