event_index,event_chunk_id,event_timestamp,event_score_hex,event_batch_index,event_last,event_data_hex,event_output_time_ns,event_valid,event_ready,event_fire
0,0,0,0x00001adc,0,0,0x000000000000000000000000000000000000000000000000023fd803e027014febfd406700c015029030fe5023049fe9,1298,1,1,1
0,0,0,0x00001adc,1,0,0x000000000000000000000000000000000000000000000000f9402300bfccfe1ff7096f95fce00c032fbdf96ff5043fca,1302,1,1,1
0,0,0,0x00001adc,2,0,0x000000000000000000000000000000000000000000000000ffffc305803e00e02cfc9ff100a026048fd4faa092feb049,1306,1,1,1
0,0,0,0x00001adc,3,0,0x000000000000000000000000000000000000000000000000fb1078017fbc066fc8fbd045ff4039028f81fb502303af9c,1310,1,1,1
0,0,0,0x00001adc,4,0,0x00000000000000000000000000000000000000000000000007d00aff6fde03a04cfb2fd4fb7033003feffe5ff0017046,1314,1,1,1
0,0,0,0x00001adc,5,0,0x000000000000000000000000000000000000000000000000f9f06efb9fa6053fcefbcff300903101cfe9017fcd041fda,1318,1,1,1
0,0,0,0x00001adc,6,0,0x000000000000000000000000000000000000000000000000fb801f04c00ffedfdb029ffeff800b01bfb5016f7a031016,1322,1,1,1
0,0,0,0x00001adc,7,0,0x00000000000000000000000000000000000000000000000000afb506bfbf024080fc6fef01afbffc703ffe2fdb00305b,1326,1,1,1
0,0,0,0x00001adc,8,0,0x000000000000000000000000000000000000000000000000018fd6ffb03704503efaffae059f5100906cf9c06ffd600c,1330,1,1,1
0,0,0,0x00001adc,9,0,0x000000000000000000000000000000000000000000000000ff1021fc900f00ffd9f9402700e026fa0042051f85019044,1334,1,1,1
0,0,0,0x00001adc,10,0,0x000000000000000000000000000000000000000000000000005ff7036ff803a018fad066fb400dfdd014060001fbc018,1338,1,1,1
0,0,0,0x00001adc,11,0,0x000000000000000000000000000000000000000000000000017fe6041faa01e00efbbfe2f8eff304c03cff804bfb8fd7,1342,1,1,1
0,0,0,0x00001adc,12,0,0x000000000000000000000000000000000000000000000000fe5fdbff5015fbdfff026004011050ff001a030ff4ff1fe5,1346,1,1,1
0,0,0,0x00001adc,13,0,0x000000000000000000000000000000000000000000000000037fc9fcc074fe7fe8099fbafddfd2fda001024029f6605b,1350,1,1,1
0,0,0,0x00001adc,14,0,0x000000000000000000000000000000000000000000000000025029fdaff4f9406e003fd5f7000d06c01ff6a05f04bfa7,1354,1,1,1
0,0,0,0x00001adc,15,0,0x000000000000000000000000000000000000000000000000fefffd013fc0f6906a012001105f5600205505b01bffd00b,1358,1,1,1
0,0,0,0x00001adc,16,0,0x000000000000000000000000000000000000000000000000040fbf016029f5801505c00f08804cefbffbfeb035f7bfea,1362,1,1,1
0,0,0,0x00001adc,17,0,0x000000000000000000000000000000000000000000000000f8115af7dfb7fdcfe50ae00e00df58fb7049017f7d055034,1366,1,1,1
0,0,0,0x00001adc,18,0,0x000000000000000000000000000000000000000000000000fa00b40a8f1c03c050ff0fa700603402e04ffbe00cff3015,1370,1,1,1
0,0,0,0x00001adc,19,0,0x0000000000000000000000000000000000000000000000000470b6ff7f20ff602bf7601001407cfaef8701afdaff6065,1374,1,1,1
0,0,0,0x00001adc,20,0,0x000000000000000000000000000000000000000000000000050fcaf45028012f9f04501f016f5c026001fa501101bfcc,1378,1,1,1
0,0,0,0x00001adc,21,0,0x000000000000000000000000000000000000000000000000f99fd909afe001c014fd6017fd4ff9fb60b7024f74ff909c,1382,1,1,1
0,0,0,0x00001adc,22,0,0x000000000000000000000000000000000000000000000000fc202d02bffcfe6fbe034fe3fda04505bfaffdffd304701e,1386,1,1,1
0,0,0,0x00001adc,23,0,0x000000000000000000000000000000000000000000000000fb8059036fd1fe1004010046ff100efcfffefed01603efc9,1390,1,1,1
0,0,0,0x00001adc,24,0,0x00000000000000000000000000000000000000000000000000403ef6a03bffe04b064f8dff9fc8fd6061fd3fae004030,1394,1,1,1
0,0,0,0x00001adc,25,0,0x00000000000000000000000000000000000000000000000007bf9202d01efd104601bf78097fe9ff402cfc205dfca066,1398,1,1,1
0,0,0,0x00001adc,26,0,0x000000000000000000000000000000000000000000000000006064fdbfa300ff8a029038011fef008f71fea00efda014,1402,1,1,1
0,0,0,0x00001adc,27,0,0x000000000000000000000000000000000000000000000000006013ffcfb8fbeff2090fcefbb030fee022f99ffc091fd4,1406,1,1,1
0,0,0,0x00001adc,28,0,0x000000000000000000000000000000000000000000000000012007ff6018fa101f06dfbd05a055fe1ff4fc1ffc028004,1410,1,1,1
0,0,0,0x00001adc,29,0,0x00000000000000000000000000000000000000000000000002b006006fbdfbafee03900f02d01afbef9a070fb5fed05f,1414,1,1,1
0,0,0,0x00001adc,30,0,0x000000000000000000000000000000000000000000000000fde01ffdb003fe5ff203c01f025042fae00cfbaf9e054fb4,1418,1,1,1
0,0,0,0x00001adc,31,0,0x00000000000000000000000000000000000000000000000002c006ffd00800701efdeffe006fd102efc000a004fd30a5,1422,1,1,1
0,0,0,0x00001adc,32,0,0x000000000000000000000000000000000000000000000000018042ff2fbafabf7e05c00806ffacfde02cfd501b039fa8,1426,1,1,1
0,0,0,0x00001adc,33,0,0x000000000000000000000000000000000000000000000000016fe3fb2ffb083f69feb0c0ffd003f8904afac028028ffa,1430,1,1,1
0,0,0,0x00001adc,34,0,0x000000000000000000000000000000000000000000000000f96000fe806cfd8ff4fbc014fc2039024ff703fffefdf021,1434,1,1,1
0,0,0,0x00001adc,35,0,0x000000000000000000000000000000000000000000000000fe6fdb086ff8fae008023058fcd037ff6ff3fd3028fb700b,1438,1,1,1
0,0,0,0x00001adc,36,0,0x000000000000000000000000000000000000000000000000ff4fd201affdfd004804bfb6ffb045fec00bf7901902b020,1442,1,1,1
0,0,0,0x00001adc,37,0,0x000000000000000000000000000000000000000000000000064fdbfc8058077f94023ffefb105e025fa705ef9a07c00b,1446,1,1,1
0,0,0,0x00001adc,38,0,0x000000000000000000000000000000000000000000000000f6003e03cf9b022010000fb6024fe7066fb7008043fe8fbb,1450,1,1,1
0,0,0,0x00001adc,39,0,0x000000000000000000000000000000000000000000000000042f9e08e00efbd057f6703e013048fdcfd0fa4097fd9fb5,1454,1,1,1
0,0,0,0x00001adc,40,0,0x000000000000000000000000000000000000000000000000006052fccfca00afd504701b021fe4011fbffe9fd4fcf049,1458,1,1,1
0,0,0,0x00001adc,41,0,0x00000000000000000000000000000000000000000000000009bfb9fc600cfec00ffd4ffb00703dfa8030fe2fbe02305d,1462,1,1,1
0,0,0,0x00001adc,42,0,0x000000000000000000000000000000000000000000000000ff2031fc3fd5016fa0fc507e08dfd7fd1feffa602304bfe9,1466,1,1,1
0,0,0,0x00001adc,43,0,0x000000000000000000000000000000000000000000000000fe8039fe2011014facfc608ffcbfd8001fde036ffeffe023,1470,1,1,1
0,0,0,0x00001adc,44,0,0x000000000000000000000000000000000000000000000000046f97059fbc055fea045fec03d045fc704efd6023037f91,1474,1,1,1
0,0,0,0x00001adc,45,0,0x000000000000000000000000000000000000000000000000f95fb0042013ffe02afcefafff0064feef7c01a02af81052,1478,1,1,1
0,0,0,0x00001adc,46,0,0x000000000000000000000000000000000000000000000000022ff803504cfc001e034fe0024feffe4ffafc300506efc1,1482,1,1,1
0,0,0,0x00001adc,47,0,0x000000000000000000000000000000000000000000000000fb1076ff5fa1010fecfd8035fc703cfe700300b01002cfc0,1486,1,1,1
0,0,0,0x00001adc,48,0,0x000000000000000000000000000000000000000000000000004ffd04ffd3006f9401f02500ffa9070fd1008ffefb2037,1490,1,1,1
0,0,0,0x00001adc,49,0,0x000000000000000000000000000000000000000000000000018fc0009fea01c009fe004e059f76fcf070fe7000031ff2,1494,1,1,1
0,0,0,0x00001adc,50,0,0x000000000000000000000000000000000000000000000000046fb2fc9069065001ff6fca033ff5ff500c02300efefff6,1498,1,1,1
0,0,0,0x00001adc,51,0,0x000000000000000000000000000000000000000000000000ffb028f97026f54076ff5fa905100df64039016fa3ffb00d,1502,1,1,1
0,0,0,0x00001adc,52,0,0x000000000000000000000000000000000000000000000000fdffbb011037093fd8ff2051fb8ffc03afc9fde01e01b02b,1506,1,1,1
0,0,0,0x00001adc,53,0,0x000000000000000000000000000000000000000000000000058f96fed057febff6fddfbcfc0fbe05802400303c026fa0,1510,1,1,1
0,0,0,0x00001adc,54,0,0x000000000000000000000000000000000000000000000000fe8fb9ffd038027fe700b02eff5fea054ffffc602001ffc3,1514,1,1,1
0,0,0,0x00001adc,55,0,0x000000000000000000000000000000000000000000000000f8305d028ffe01f033fcffeaffe01efd601dfee00200c01d,1518,1,1,1
0,0,0,0x00001adc,56,0,0x000000000000000000000000000000000000000000000000034019fb903f043051fc2fd7025fdb02bfd6fd3062022fc2,1522,1,1,1
0,0,0,0x00001adc,57,0,0x000000000000000000000000000000000000000000000000034019ff9fcdff803f008f7efef046f89034024fa5ff7fff,1526,1,1,1
0,0,0,0x00001adc,58,0,0x00000000000000000000000000000000000000000000000006dfd9fdffcbf8f02f010fe2051f9301b00404efa3fe206f,1530,1,1,1
0,0,0,0x00001adc,59,0,0x000000000000000000000000000000000000000000000000ff2fb0fff003fb80010540210a4fbef5608dfce070fccfeb,1534,1,1,1
0,0,0,0x00001adc,60,0,0x000000000000000000000000000000000000000000000000032004ff703affdfe1060fd301704ffb4fc8006022ffdfdb,1538,1,1,1
0,0,0,0x00001adc,61,0,0x00000000000000000000000000000000000000000000000004afc0015fc205ffe4ff4009fcbfd0002ff5ff2fd002eff2,1542,1,1,1
0,0,0,0x00001adc,62,0,0x00000000000000000000000000000000000000000000000000e043faa00900202bfd7fcdfdbffd02404afb4010065fcf,1546,1,1,1
0,0,0,0x00001adc,63,1,0x000000000000000000000000000000000000000000000000fb300d016fd803b001000fdf05dfeaffcffefbe03efc1039,1550,1,1,1
1,5,5,0x00000cf4,0,0,0x00000000000000000000000000000000000000000000000005f006f55065070fa801cfd2f74065fc9ff301d019007fef,2582,1,1,1
1,5,5,0x00000cf4,1,0,0x000000000000000000000000000000000000000000000000fae029ffbfdc00cfebfbf012004f94068031015fd306cf9b,2586,1,1,1
1,5,5,0x00000cf4,2,0,0x00000000000000000000000000000000000000000000000000fff5fcc05f082fa7fc0059fea03701500002a013fd8fff,2590,1,1,1
1,5,5,0x00000cf4,3,0,0x000000000000000000000000000000000000000000000000ff5ffd03bfd4041014fbffe8fb400703cfb000e05efabfe8,2594,1,1,1
1,5,5,0x00000cf4,4,0,0x00000000000000000000000000000000000000000000000000902dfa002b018fd4fe0ff6fb8026ff6055fccfec029fc7,2598,1,1,1
1,5,5,0x00000cf4,5,0,0x00000000000000000000000000000000000000000000000003b02bfc4013fe5f8b04d01c00101704afce012fdaffc05c,2602,1,1,1
1,5,5,0x00000cf4,6,0,0x00000000000000000000000000000000000000000000000000a002048f73fe1fda04a02afa7015ffcfe8070fdd018fcd,2606,1,1,1
1,5,5,0x00000cf4,7,0,0x000000000000000000000000000000000000000000000000fdafdcfe1026065ffbfb5025051f8d08001e035fcafbbff8,2610,1,1,1
1,5,5,0x00000cf4,8,0,0x000000000000000000000000000000000000000000000000038ff7ffe045055fc9fb101efd103401cf95fc6040fcc038,2614,1,1,1
1,5,5,0x00000cf4,9,0,0x00000000000000000000000000000000000000000000000000804cfacfcb044fee010fd6ff6f8f02f02504102402bfc8,2618,1,1,1
1,5,5,0x00000cf4,10,0,0x000000000000000000000000000000000000000000000000023fb200102702601efacfe7ff2029ff404e0a9004f8efc9,2622,1,1,1
1,5,5,0x00000cf4,11,0,0x000000000000000000000000000000000000000000000000fd6fd8077fb901ffe3f78061fef01d022fa8f8d019ff8fb4,2626,1,1,1
1,5,5,0x00000cf4,12,0,0x000000000000000000000000000000000000000000000000f8400cfed04903afa500404afb7ffc00b016003f7e02b07b,2630,1,1,1
1,5,5,0x00000cf4,13,0,0x00000000000000000000000000000000000000000000000002b053fe005905203ffc6fedf8702005300e01cfdb01f03e,2634,1,1,1
1,5,5,0x00000cf4,14,0,0x000000000000000000000000000000000000000000000000fe7079fdcf7200df8401efa9fc203c02300100403dfd3fcb,2638,1,1,1
1,5,5,0x00000cf4,15,0,0x000000000000000000000000000000000000000000000000093f4501301b015fb1f1a12802cf9f018012faa05afa3038,2642,1,1,1
1,5,5,0x00000cf4,16,0,0x000000000000000000000000000000000000000000000000f3c054034fdff8cf3e05c09400af9cff7051fd0f68062016,2646,1,1,1
1,5,5,0x00000cf4,17,0,0x000000000000000000000000000000000000000000000000fe907102700403dfb406206ff83098fc103f111f88f650fa,2650,1,1,1
1,5,5,0x00000cf4,18,0,0x000000000000000000000000000000000000000000000000ffcfeffeefc703fff1f7e02a00bfaa04afe503ffc3f37ff9,2654,1,1,1
1,5,5,0x00000cf4,19,0,0x00000000000000000000000000000000000000000000000004a003fe404d04205afb100102dff9fc8071fa6fcf00b09a,2658,1,1,1
1,5,5,0x00000cf4,20,0,0x000000000000000000000000000000000000000000000000fbb08aff4f71056ffafa4fd4ffd091faefb4007fec035ff1,2662,1,1,1
1,5,5,0x00000cf4,21,0,0x000000000000000000000000000000000000000000000000fe5fb308afc802dfe3026fd401901efecfdefd7ff3f9207f,2666,1,1,1
1,5,5,0x00000cf4,22,0,0x000000000000000000000000000000000000000000000000004ffa01200a005033fcefd700a00fff8fd9007fe7ffd04c,2670,1,1,1
1,5,5,0x00000cf4,23,0,0x000000000000000000000000000000000000000000000000fe3fa5055feefcefd3032ff903401dfd3ff7068fb101bffb,2674,1,1,1
1,5,5,0x00000cf4,24,0,0x000000000000000000000000000000000000000000000000fac02700203afab00d02c01eff200400bfdefc2020fedfd9,2678,1,1,1
1,5,5,0x00000cf4,25,0,0x000000000000000000000000000000000000000000000000fd200f00202300603ffd0042fe5026febff1014007ff0033,2682,1,1,1
1,5,5,0x00000cf4,26,0,0x000000000000000000000000000000000000000000000000095fe4fc204707a00904cf7dfd200efc5053026fa6013ff4,2686,1,1,1
1,5,5,0x00000cf4,27,0,0x000000000000000000000000000000000000000000000000fb8009035f6a053068f68fa505401c002007041fa5ffe03b,2690,1,1,1
1,5,5,0x00000cf4,28,0,0x000000000000000000000000000000000000000000000000033fd9faf097fe100202dfb0034ffcfcafb2fd9016f9c043,2694,1,1,1
1,5,5,0x00000cf4,29,0,0x000000000000000000000000000000000000000000000000fed060022fb2f9cff904dfc6049fdbfd202b044fe4015031,2698,1,1,1
1,5,5,0x00000cf4,30,0,0x000000000000000000000000000000000000000000000000fef017006fa8092fa6f8f0d3037ff6fd2fea02904d00af80,2702,1,1,1
1,5,5,0x00000cf4,31,0,0x000000000000000000000000000000000000000000000000fd8ff2ff203c00dfdc01bfacfd702ffa7032fc603ffcefc8,2706,1,1,1
1,5,5,0x00000cf4,32,0,0x000000000000000000000000000000000000000000000000fdefc3046012ff2012001019011ff801effa05dfdaff103e,2710,1,1,1
1,5,5,0x00000cf4,33,0,0x000000000000000000000000000000000000000000000000f95033072fe401903bfcdfe7fc202efc8015094fe9ffbfaa,2714,1,1,1
1,5,5,0x00000cf4,34,0,0x00000000000000000000000000000000000000000000000000b016030fcbf8d03c025fd7018fe3fe004702bfe9ffaf9b,2718,1,1,1
1,5,5,0x00000cf4,35,0,0x000000000000000000000000000000000000000000000000f89035036fcf030ff104efdf03dfd6ffe01904e036fa4014,2722,1,1,1
1,5,5,0x00000cf4,36,0,0x000000000000000000000000000000000000000000000000fec02a015005047019fe0fd8fda019fccfe9fc908bfc1fbb,2726,1,1,1
1,5,5,0x00000cf4,37,0,0x00000000000000000000000000000000000000000000000004b02bfd8007fb500e055f8109ef78fd0091002ffa059f92,2730,1,1,1
1,5,5,0x00000cf4,38,0,0x000000000000000000000000000000000000000000000000016ff8ffdf84004084fa302e069016faafce049f3203202e,2734,1,1,1
1,5,5,0x00000cf4,39,0,0x000000000000000000000000000000000000000000000000fdbfa8fea068065fd9ff0fcefd302bfd4ff201f023f88081,2738,1,1,1
1,5,5,0x00000cf4,40,0,0x000000000000000000000000000000000000000000000000f8e06efb906c083018f7800cfb5076022fb4ff903102bfa2,2742,1,1,1
1,5,5,0x00000cf4,41,0,0x00000000000000000000000000000000000000000000000002dfde04dff101c036fb5fc9009fb3fb6058006004fe0ff6,2746,1,1,1
1,5,5,0x00000cf4,42,0,0x000000000000000000000000000000000000000000000000feb011001fd8005047ffbfca015ffbfc8077fa5ffb01d005,2750,1,1,1
1,5,5,0x00000cf4,43,0,0x00000000000000000000000000000000000000000000000002703bfd100101402c007fa602c022fe6fecfedfd5008060,2754,1,1,1
1,5,5,0x00000cf4,44,0,0x00000000000000000000000000000000000000000000000007bf76ff8ff5065fd7fc700c00b042febfb2048fc1fb6063,2758,1,1,1
1,5,5,0x00000cf4,45,0,0x000000000000000000000000000000000000000000000000fc2027ff001005afce03cfbe03ef88054fd4fa4fbc052ff7,2762,1,1,1
1,5,5,0x00000cf4,46,0,0x00000000000000000000000000000000000000000000000002403ffd0ffbfe80d2f98f90fbd00208bfa7feb01902e042,2766,1,1,1
1,5,5,0x00000cf4,47,0,0x000000000000000000000000000000000000000000000000ff3feb008ff5016020fa9000028ff3fe8fff025044ffffac,2770,1,1,1
1,5,5,0x00000cf4,48,0,0x000000000000000000000000000000000000000000000000013020026fc402104ffacfff02bfd6fd9043fbd05cfeafbf,2774,1,1,1
1,5,5,0x00000cf4,49,0,0x000000000000000000000000000000000000000000000000034fdaf9c03804c008f90018051ffcfd6ff2035ff1017ff8,2778,1,1,1
1,5,5,0x00000cf4,50,0,0x00000000000000000000000000000000000000000000000001300cfce021065f99023fd9fdcfc7061fb7fcefe9064f98,2782,1,1,1
1,5,5,0x00000cf4,51,0,0x000000000000000000000000000000000000000000000000032fb3036ff1fe4fd1ff600201506bfc501401000dff602a,2786,1,1,1
1,5,5,0x00000cf4,52,0,0x000000000000000000000000000000000000000000000000041fe401efd0fbcfd006002600e016f9bfe9010fc202afd3,2790,1,1,1
1,5,5,0x00000cf4,53,0,0x000000000000000000000000000000000000000000000000f8d03cffefd7017ffaff501b010fcbff8046fdaffa01a01f,2794,1,1,1
1,5,5,0x00000cf4,54,0,0x000000000000000000000000000000000000000000000000fdafed084ff8015fbffe403afe5001fec012fcd00303efdb,2798,1,1,1
1,5,5,0x00000cf4,55,0,0x00000000000000000000000000000000000000000000000003500a009fd2fa601e01200dfca061012007022f7d03f02b,2802,1,1,1
1,5,5,0x00000cf4,56,0,0x000000000000000000000000000000000000000000000000fd8fbafe3014033fb0023032034035027f84007fd0ff403d,2806,1,1,1
1,5,5,0x00000cf4,57,0,0x000000000000000000000000000000000000000000000000fcafff03e05b028fdcff400506bff1fb0febff301b020006,2810,1,1,1
1,5,5,0x00000cf4,58,0,0x000000000000000000000000000000000000000000000000fff062fdefc6fed011fe8015feafea047fb4f960a302ff7a,2814,1,1,1
1,5,5,0x00000cf4,59,0,0x000000000000000000000000000000000000000000000000006fe2fe001aff105c016fc7001fe3034fda022fe1005ffc,2818,1,1,1
1,5,5,0x00000cf4,60,0,0x000000000000000000000000000000000000000000000000fc201400700e031fb604afb101200eff4023fdf02a032fd5,2822,1,1,1
1,5,5,0x00000cf4,61,0,0x000000000000000000000000000000000000000000000000048fca04700a00c082ff9fc4069072fa8fc8fa904b00efc5,2826,1,1,1
1,5,5,0x00000cf4,62,0,0x000000000000000000000000000000000000000000000000fb506402df7303bfdbfdffa1091fe5f7ffc4fe4ff9fde044,2830,1,1,1
1,5,5,0x00000cf4,63,1,0x000000000000000000000000000000000000000000000000fbefd4048feafecfb100d04703cfbcff100601af8c03a034,2834,1,1,1
2,6,6,0x00001c8c,0,0,0x000000000000000000000000000000000000000000000000051f9bf94050fdb074fba02bfe2ffdfcd029fef037016fd6,2838,1,1,1
2,6,6,0x00001c8c,1,0,0x000000000000000000000000000000000000000000000000fd4fcf032023054f36065febfc705101dfec03901d00bfbb,2842,1,1,1
2,6,6,0x00001c8c,2,0,0x000000000000000000000000000000000000000000000000000fddffd02ffbd02300002700c016fba014fba02802ef93,2846,1,1,1
2,6,6,0x00001c8c,3,0,0x000000000000000000000000000000000000000000000000fbe034ff901b000fe9043fe6057fd002dffafbbfed009034,2850,1,1,1
2,6,6,0x00001c8c,4,0,0x000000000000000000000000000000000000000000000000fc3ff3029001025046fa901affe071f8bfc701afc0079004,2854,1,1,1
2,6,6,0x00001c8c,5,0,0x00000000000000000000000000000000000000000000000001601101502302effcfc3fdffac003fe701ffba047fd7fe4,2858,1,1,1
2,6,6,0x00001c8c,6,0,0x000000000000000000000000000000000000000000000000042004ff2fc0017fe5fa406000dfb907f011fc5fde049014,2862,1,1,1
2,6,6,0x00001c8c,7,0,0x000000000000000000000000000000000000000000000000fd3018febfe0012013020fe2feb029016fd1fedfc804900c,2866,1,1,1
2,6,6,0x00001c8c,8,0,0x00000000000000000000000000000000000000000000000001bf7b0320330a8001f9effbfba093012faffc4033fc1047,2870,1,1,1
2,6,6,0x00001c8c,9,0,0x00000000000000000000000000000000000000000000000000f00dfcc05bfe3063faefaa08afea00ffbd058fec030ff4,2874,1,1,1
2,6,6,0x00001c8c,10,0,0x000000000000000000000000000000000000000000000000ffe035014fad00903cffbfe304efdffd6fb1fb601f009f9b,2878,1,1,1
2,6,6,0x00001c8c,11,0,0x000000000000000000000000000000000000000000000000ff0faf03bfec059046fc0fd7f7a022fd001dfdffee016041,2882,1,1,1
2,6,6,0x00001c8c,12,0,0x000000000000000000000000000000000000000000000000fbc01c02a00d00d04dfabfa1029feefd909003dfe5003018,2886,1,1,1
2,6,6,0x00001c8c,13,0,0x000000000000000000000000000000000000000000000000fca008fdc03406bfa5fd403fff9fec002fe5fad03203af9b,2890,1,1,1
2,6,6,0x00001c8c,14,0,0x000000000000000000000000000000000000000000000000feffab03f03df42068fccfe8000f6d068011fd3ff6fe2044,2894,1,1,1
2,6,6,0x00001c8c,15,0,0x00000000000000000000000000000000000000000000000002d041fd60210cbf13fa210902104afb305dfd6007002042,2898,1,1,1
2,6,6,0x00001c8c,16,0,0x00000000000000000000000000000000000000000000000002a088f60fdbf5ff95ff1062fbe050066f4cfa6ff8049fea,2902,1,1,1
2,6,6,0x00001c8c,17,0,0x000000000000000000000000000000000000000000000000fb008904cf7bfa3ff5116035fc408806df7c0a2f3f02605a,2906,1,1,1
2,6,6,0x00001c8c,18,0,0x00000000000000000000000000000000000000000000000006a023035f5006a092fbff6f06a044f47fe9065006ede08a,2910,1,1,1
2,6,6,0x00001c8c,19,0,0x00000000000000000000000000000000000000000000000000c027f5702402efc2fb4feefbafb700702cfd0fadfe4069,2914,1,1,1
2,6,6,0x00001c8c,20,0,0x000000000000000000000000000000000000000000000000fd9fe3031ffbf3f087009ffe04b017ff9031fd701a05200b,2918,1,1,1
2,6,6,0x00001c8c,21,0,0x00000000000000000000000000000000000000000000000003df8c06a006033feb02f019fe701e016f9101f056fdcfca,2922,1,1,1
2,6,6,0x00001c8c,22,0,0x000000000000000000000000000000000000000000000000ff2074f8dffffc6ff501cfda02ffe3fe7025feffb7fca019,2926,1,1,1
2,6,6,0x00001c8c,23,0,0x000000000000000000000000000000000000000000000000fe1f84052ff4fb2049034ffbfe400c034fc5f8cfcf0b2015,2930,1,1,1
2,6,6,0x00001c8c,24,0,0x00000000000000000000000000000000000000000000000008fff1f93094f93091022fb905601efc100e00b08000afd8,2934,1,1,1
2,6,6,0x00001c8c,25,0,0x000000000000000000000000000000000000000000000000003ffff82fe6069f9500600109efb3fbdfe6fe900cfd2fc7,2938,1,1,1
2,6,6,0x00001c8c,26,0,0x000000000000000000000000000000000000000000000000027f6c02e06f019fb3025018000053f93ffffd8ffafd905f,2942,1,1,1
2,6,6,0x00001c8c,27,0,0x000000000000000000000000000000000000000000000000ff705dfe5ffa00d092ff7fb9002fe3fd9fef00dfb6050009,2946,1,1,1
2,6,6,0x00001c8c,28,0,0x000000000000000000000000000000000000000000000000fd8fe9039facfe7050fc4f8b09bfd2f2d0e1ff3016009ff7,2950,1,1,1
2,6,6,0x00001c8c,29,0,0x000000000000000000000000000000000000000000000000fc8011fcd064016fcefd905904afba002fc9ffe05bf9601a,2954,1,1,1
2,6,6,0x00001c8c,30,0,0x00000000000000000000000000000000000000000000000000bfc5069ffbfe8fdafca03bff403cff3fe4032fe5fc7018,2958,1,1,1
2,6,6,0x00001c8c,31,0,0x000000000000000000000000000000000000000000000000fc7048011fcb02ef9e02006103b03cfa6ff5058fabffd015,2962,1,1,1
2,6,6,0x00001c8c,32,0,0x000000000000000000000000000000000000000000000000008fed024ff1fe000d004fe3fa9012010fd301f03af9900d,2966,1,1,1
2,6,6,0x00001c8c,33,0,0x000000000000000000000000000000000000000000000000003fe602dfe9fb2f9402b03b044fe201602f031ff9fb300f,2970,1,1,1
2,6,6,0x00001c8c,34,0,0x000000000000000000000000000000000000000000000000fdd068fc5ff4053f7cfe50c7ff4062faefcf014fa8023009,2974,1,1,1
2,6,6,0x00001c8c,35,0,0x000000000000000000000000000000000000000000000000ffcfcdfda032fa403f02bfd7fd3fc600f012fecfec03bffb,2978,1,1,1
2,6,6,0x00001c8c,36,0,0x000000000000000000000000000000000000000000000000fe600901a01b03900bfeb004faefbd05503305c053fa6003,2982,1,1,1
2,6,6,0x00001c8c,37,0,0x000000000000000000000000000000000000000000000000004fcd045feffe1022fc5ffdfbefd703705203bf7a01ffb3,2986,1,1,1
2,6,6,0x00001c8c,38,0,0x00000000000000000000000000000000000000000000000001902f01efc601cf9100903d081fcafff031033fe9fc2057,2990,1,1,1
2,6,6,0x00001c8c,39,0,0x000000000000000000000000000000000000000000000000fc102ff9d001026fe000a03efc2fbe059f8efe9030fa801f,2994,1,1,1
2,6,6,0x00001c8c,40,0,0x00000000000000000000000000000000000000000000000000d01ff98096f960b6fc6fbbfd0fe9033053001ffc044fdb,2998,1,1,1
2,6,6,0x00001c8c,41,0,0x00000000000000000000000000000000000000000000000007bfc2ff9fe7fb800e06cfc5fe6fb307ffc6fe6ff801efdb,3002,1,1,1
2,6,6,0x00001c8c,42,0,0x000000000000000000000000000000000000000000000000feb050f91001fd0fb5071fe7032fa6fc9081fa8fea045002,3006,1,1,1
2,6,6,0x00001c8c,43,0,0x000000000000000000000000000000000000000000000000fa303f073fb1fb405603600e032fdc001017f8301602c032,3010,1,1,1
2,6,6,0x00001c8c,44,0,0x00000000000000000000000000000000000000000000000004402fff0fc7009fd203efac08bfddfbd00cfcafcc089005,3014,1,1,1
2,6,6,0x00001c8c,45,0,0x000000000000000000000000000000000000000000000000ff5023fbafff00afa8fef06b03202dfa9fd3fe5febffb036,3018,1,1,1
2,6,6,0x00001c8c,46,0,0x000000000000000000000000000000000000000000000000fba009058fbffa206cfb7029000003ffffd3fc305afee00e,3022,1,1,1
2,6,6,0x00001c8c,47,0,0x00000000000000000000000000000000000000000000000005bfcafd204b04bf8fffb05d04eff3fb5035fc602803bfe4,3026,1,1,1
2,6,6,0x00001c8c,48,0,0x000000000000000000000000000000000000000000000000fe7fc0044fd9ffb00c025fddfca05efe1fcf03400d07af7f,3030,1,1,1
2,6,6,0x00001c8c,49,0,0x000000000000000000000000000000000000000000000000fb104dfdc019ff806bfaaffc079fccfb2029ffb051fd0fb5,3034,1,1,1
2,6,6,0x00001c8c,50,0,0x000000000000000000000000000000000000000000000000048fe0fb8070056fd4018fdaffd02ef7203bfeb031fe3fdf,3038,1,1,1
2,6,6,0x00001c8c,51,0,0x000000000000000000000000000000000000000000000000091fedfe9fc607c035f81fe2fcffed01600efcff6e02803d,3042,1,1,1
2,6,6,0x00001c8c,52,0,0x000000000000000000000000000000000000000000000000fb6031fc9fcf017fcafceff2fe4fc4057009025032fe0080,3046,1,1,1
2,6,6,0x00001c8c,53,0,0x000000000000000000000000000000000000000000000000fbd03d02dff9008041fa8036fbe02001e010024031fd9f93,3050,1,1,1
2,6,6,0x00001c8c,54,0,0x0000000000000000000000000000000000000000000000000a1f9802effc000fb8035fe5021fcb002016034fedfb5032,3054,1,1,1
2,6,6,0x00001c8c,55,0,0x000000000000000000000000000000000000000000000000fe6059fb3fa8fd902cfd0034ff1f8e05801001aff8033fb6,3058,1,1,1
2,6,6,0x00001c8c,56,0,0x000000000000000000000000000000000000000000000000fe203cf94046fc0ffe00201ffc2038039005039fc9fc3027,3062,1,1,1
2,6,6,0x00001c8c,57,0,0x000000000000000000000000000000000000000000000000fe3fd300e02afd701703001b03900dffbfc0ff603303afca,3066,1,1,1
2,6,6,0x00001c8c,58,0,0x00000000000000000000000000000000000000000000000000a00f00701800bff605afbaff8fc2fe103300c010fd3fd1,3070,1,1,1
2,6,6,0x00001c8c,59,0,0x00000000000000000000000000000000000000000000000002b016fc700403802a007fb9fb2041ff5018fd6fda024020,3074,1,1,1
2,6,6,0x00001c8c,60,0,0x000000000000000000000000000000000000000000000000011ff300efcf00100afb1fe7056f99fb406c061ffaffe00b,3078,1,1,1
2,6,6,0x00001c8c,61,0,0x00000000000000000000000000000000000000000000000001bff1f9e04501afe2faf06df6f000fcc05e03aff9fedfbe,3082,1,1,1
2,6,6,0x00001c8c,62,0,0x000000000000000000000000000000000000000000000000fcbfd402801e027fda00b00f042f85026096fe801dfd8fde,3086,1,1,1
2,6,6,0x00001c8c,63,1,0x000000000000000000000000000000000000000000000000014fd9073febfe1080fccfdffe3fff010ff5015faf068009,3090,1,1,1
