sample_id,hex_out,float_out,label,prediction,correct,latency_cycles_cnn,latency_us,input_first_fire_time_ns,input_last_fire_time_ns,cnn_result_time_ns
0,0x003fee62,-2.202148,0,0,1,202,1.010,234,486,1243
1,0x003fee63,-2.201660,0,0,1,201,1.005,1246,1498,2253
2,0x003feeeb,-2.135254,0,0,1,202,1.010,2254,2506,3263
3,0x003fee60,-2.203125,0,0,1,201,1.005,3266,3518,4273
4,0x003fedb8,-2.285156,0,0,1,202,1.010,4274,4526,5283
5,0x003feddc,-2.267578,0,0,1,202,1.010,5286,5538,6298
6,0x003fee2c,-2.228516,0,0,1,203,1.015,6298,6550,7313
7,0x003fee6d,-2.196777,0,0,1,203,1.015,7314,7566,8328
8,0x003fee8f,-2.180176,0,0,1,203,1.015,8330,8582,9343
9,0x003fedc0,-2.281250,0,0,1,202,1.010,9346,9598,10358
10,0x003fed7f,-2.312988,0,0,1,203,1.015,10358,10610,11373
11,0x003fee0c,-2.244141,0,0,1,203,1.015,11374,11626,12388
12,0x003feda4,-2.294922,0,0,1,203,1.015,12390,12642,13403
13,0x003fee2f,-2.227051,0,0,1,202,1.010,13406,13658,14418
14,0x003fee1d,-2.235840,0,0,1,203,1.015,14418,14670,15433
15,0x003fed4c,-2.337891,0,0,1,203,1.015,15434,15686,16448
16,0x003fed74,-2.318359,0,0,1,203,1.015,16450,16702,17463
17,0x003fedb3,-2.287598,0,0,1,202,1.010,17466,17718,18478
18,0x003fed4a,-2.338867,0,0,1,203,1.015,18478,18730,19493
19,0x003fedf7,-2.254395,0,0,1,203,1.015,19494,19746,20508
20,0x003feda6,-2.293945,0,0,1,203,1.015,20510,20762,21523
21,0x003fed17,-2.363770,0,0,1,202,1.010,21526,21778,22538
22,0x003fed3e,-2.344727,0,0,1,203,1.015,22538,22790,23553
23,0x003fed78,-2.316406,0,0,1,203,1.015,23554,23806,24568
24,0x003fed5f,-2.328613,0,0,1,203,1.015,24570,24822,25583
25,0x003fedda,-2.268555,0,0,1,202,1.010,25586,25838,26598
26,0x003feda9,-2.292480,0,0,1,203,1.015,26598,26850,27613
27,0x003fed19,-2.362793,0,0,1,203,1.015,27614,27866,28628
28,0x003fed89,-2.308105,0,0,1,203,1.015,28630,28882,29643
29,0x003fed7c,-2.314453,0,0,1,202,1.010,29646,29898,30658
30,0x003fed6d,-2.321777,0,0,1,203,1.015,30658,30910,31673
31,0x003fed7f,-2.312988,0,0,1,203,1.015,31674,31926,32688
32,0x003fed77,-2.316895,0,0,1,203,1.015,32690,32942,33703
33,0x003fecdd,-2.392090,0,0,1,202,1.010,33706,33958,34718
34,0x003fed16,-2.364258,0,0,1,203,1.015,34718,34970,35733
35,0x003fed75,-2.317871,0,0,1,203,1.015,35734,35986,36748
36,0x003fed60,-2.328125,0,0,1,203,1.015,36750,37002,37763
37,0x003fecef,-2.383301,0,0,1,202,1.010,37766,38018,38778
38,0x003fed3c,-2.345703,0,0,1,203,1.015,38778,39030,39793
39,0x003fed49,-2.339355,0,0,1,203,1.015,39794,40046,40808
40,0x003fecff,-2.375488,0,0,1,203,1.015,40810,41062,41823
41,0x003fed72,-2.319336,0,0,1,202,1.010,41826,42078,42838
42,0x003fedec,-2.259766,0,0,1,203,1.015,42838,43090,43853
43,0x003fed24,-2.357422,0,0,1,203,1.015,43854,44106,44868
44,0x003fed50,-2.335938,0,0,1,203,1.015,44870,45122,45883
45,0x003fed80,-2.312500,0,0,1,202,1.010,45886,46138,46898
46,0x003fecb3,-2.412598,0,0,1,203,1.015,46898,47150,47913
47,0x003fed72,-2.319336,0,0,1,203,1.015,47914,48166,48928
48,0x003fedfb,-2.252441,0,0,1,203,1.015,48930,49182,49943
49,0x003fed3a,-2.346680,0,0,1,202,1.010,49946,50198,50958
50,0x003fed00,-2.375000,0,0,1,203,1.015,50958,51210,51973
51,0x003feda8,-2.292969,0,0,1,203,1.015,51974,52226,52988
52,0x003fecf5,-2.380371,0,0,1,203,1.015,52990,53242,54003
53,0x003fed73,-2.318848,0,0,1,202,1.010,54006,54258,55018
54,0x003fee20,-2.234375,0,0,1,203,1.015,55018,55270,56033
55,0x003fed6d,-2.321777,0,0,1,203,1.015,56034,56286,57048
56,0x003fed87,-2.309082,0,0,1,203,1.015,57050,57302,58063
57,0x003fee09,-2.245605,0,0,1,202,1.010,58066,58318,59078
58,0x003fed93,-2.303223,0,0,1,203,1.015,59078,59330,60093
59,0x003fedb0,-2.289062,0,0,1,203,1.015,60094,60346,61108
60,0x003fee6b,-2.197754,0,0,1,203,1.015,61110,61362,62123
61,0x003fed85,-2.310059,0,0,1,202,1.010,62126,62378,63138
62,0x003fed97,-2.301270,0,0,1,203,1.015,63138,63390,64153
63,0x003fedcf,-2.273926,0,0,1,203,1.015,64154,64406,65168
64,0x003fed84,-2.310547,0,0,1,203,1.015,65170,65422,66183
65,0x003fed9c,-2.298828,0,0,1,202,1.010,66186,66438,67198
66,0x003feeb1,-2.163574,0,0,1,203,1.015,67198,67450,68213
67,0x003fed88,-2.308594,0,0,1,203,1.015,68214,68466,69228
68,0x003feda1,-2.296387,0,0,1,203,1.015,69230,69482,70243
69,0x003fee6f,-2.195801,0,0,1,202,1.010,70246,70498,71258
70,0x003fee62,-2.202148,0,0,1,203,1.015,71258,71510,72273
71,0x003fee14,-2.240234,0,0,1,203,1.015,72274,72526,73288
72,0x003feef6,-2.129883,0,0,1,203,1.015,73290,73542,74303
73,0x003fee34,-2.224609,0,0,1,202,1.010,74306,74558,75318
74,0x003fedff,-2.250488,0,0,1,203,1.015,75318,75570,76333
75,0x003fee83,-2.186035,0,0,1,203,1.015,76334,76586,77348
76,0x003fee8e,-2.180664,0,0,1,203,1.015,77350,77602,78363
77,0x003feec7,-2.152832,0,0,1,202,1.010,78366,78618,79378
78,0x003feedd,-2.142090,0,0,1,203,1.015,79378,79630,80393
79,0x003fedd2,-2.272461,0,0,1,203,1.015,80394,80646,81408
80,0x003fedc8,-2.277344,0,0,1,203,1.015,81410,81662,82423
81,0x003fee67,-2.199707,0,0,1,202,1.010,82426,82678,83438
82,0x003fee55,-2.208496,0,0,1,203,1.015,83438,83690,84453
83,0x003fef34,-2.099609,0,0,1,203,1.015,84454,84706,85468
84,0x003feec9,-2.151855,0,0,1,203,1.015,85470,85722,86483
85,0x003fee24,-2.232422,0,0,1,202,1.010,86486,86738,87498
86,0x003fee34,-2.224609,0,0,1,203,1.015,87498,87750,88513
87,0x003fee76,-2.192383,0,0,1,203,1.015,88514,88766,89528
88,0x003fee6a,-2.198242,0,0,1,203,1.015,89530,89782,90543
89,0x003fef5a,-2.081055,0,0,1,202,1.010,90546,90798,91558
90,0x003feef7,-2.129395,0,0,1,203,1.015,91558,91810,92573
91,0x003fedf2,-2.256836,0,0,1,203,1.015,92574,92826,93588
92,0x003fee40,-2.218750,0,0,1,203,1.015,93590,93842,94603
93,0x003fee59,-2.206543,0,0,1,202,1.010,94606,94858,95618
94,0x003fee96,-2.176758,0,0,1,203,1.015,95618,95870,96633
95,0x003fef13,-2.115723,0,0,1,203,1.015,96634,96886,97648
96,0x003fee82,-2.186523,0,0,1,203,1.015,97650,97902,98663
97,0x003fee56,-2.208008,0,0,1,202,1.010,98666,98918,99678
98,0x003feebd,-2.157715,0,0,1,203,1.015,99678,99930,100693
99,0x003fee79,-2.190918,0,0,1,203,1.015,100694,100946,101708
100,0x003fee01,-2.249512,0,0,1,203,1.015,101710,101962,102723
101,0x003feec2,-2.155273,0,0,1,202,1.010,102726,102978,103738
102,0x003fee3e,-2.219727,0,0,1,203,1.015,103738,103990,104753
103,0x003fee35,-2.224121,0,0,1,203,1.015,104754,105006,105768
104,0x003fee84,-2.185547,0,0,1,203,1.015,105770,106022,106783
105,0x003feea4,-2.169922,0,0,1,202,1.010,106786,107038,107798
106,0x003fedf5,-2.255371,0,0,1,203,1.015,107798,108050,108813
107,0x003fee8a,-2.182617,0,0,1,203,1.015,108814,109066,109828
108,0x003fee35,-2.224121,0,0,1,203,1.015,109830,110082,110843
109,0x003fee9e,-2.172852,0,0,1,202,1.010,110846,111098,111858
110,0x003feeb7,-2.160645,0,0,1,203,1.015,111858,112110,112873
111,0x003fef5f,-2.078613,0,0,1,203,1.015,112874,113126,113888
112,0x003fee5d,-2.204590,0,0,1,203,1.015,113890,114142,114903
113,0x003fee17,-2.238770,0,0,1,202,1.010,114906,115158,115918
114,0x003fee20,-2.234375,0,0,1,203,1.015,115918,116170,116933
115,0x003feeb9,-2.159668,0,0,1,203,1.015,116934,117186,117948
116,0x003feecc,-2.150391,0,0,1,203,1.015,117950,118202,118963
117,0x003fef07,-2.121582,0,0,1,202,1.010,118966,119218,119978
118,0x003fede3,-2.264160,0,0,1,203,1.015,119978,120230,120993
119,0x003fee09,-2.245605,0,0,1,203,1.015,120994,121246,122008
120,0x003fee06,-2.247070,0,0,1,203,1.015,122010,122262,123023
121,0x003fee19,-2.237793,0,0,1,202,1.010,123026,123278,124038
122,0x003fee9a,-2.174805,0,0,1,203,1.015,124038,124290,125053
123,0x003fee68,-2.199219,0,0,1,203,1.015,125054,125306,126068
124,0x003fed87,-2.309082,0,0,1,203,1.015,126070,126322,127083
125,0x003feda5,-2.294434,0,0,1,202,1.010,127086,127338,128098
126,0x003fed9f,-2.297363,0,0,1,203,1.015,128098,128350,129113
127,0x003fedb5,-2.286621,0,0,1,203,1.015,129114,129366,130128
128,0x003fee3e,-2.219727,0,0,1,203,1.015,130130,130382,131143
129,0x003fedbc,-2.283203,0,0,1,202,1.010,131146,131398,132158
130,0x003fed4f,-2.336426,0,0,1,203,1.015,132158,132410,133173
131,0x003fed65,-2.325684,0,0,1,203,1.015,133174,133426,134188
132,0x003fed92,-2.303711,0,0,1,203,1.015,134190,134442,135203
133,0x003fedea,-2.260742,0,0,1,202,1.010,135206,135458,136218
134,0x003fedf4,-2.255859,0,0,1,203,1.015,136218,136470,137233
135,0x003fed2d,-2.353027,0,0,1,203,1.015,137234,137486,138248
136,0x003fed3b,-2.346191,0,0,1,203,1.015,138250,138502,139263
137,0x003fed6e,-2.321289,0,0,1,202,1.010,139266,139518,140278
138,0x003fed84,-2.310547,0,0,1,203,1.015,140278,140530,141293
139,0x003fede8,-2.261719,0,0,1,203,1.015,141294,141546,142308
140,0x003fede9,-2.261230,0,0,1,203,1.015,142310,142562,143323
141,0x003fed0c,-2.369141,0,0,1,202,1.010,143326,143578,144338
142,0x003fed27,-2.355957,0,0,1,203,1.015,144338,144590,145353
143,0x003fedb1,-2.288574,0,0,1,203,1.015,145354,145606,146368
144,0x003fedd9,-2.269043,0,0,1,203,1.015,146370,146622,147383
145,0x003fee4d,-2.212402,0,0,1,202,1.010,147386,147638,148398
146,0x003feda6,-2.293945,0,0,1,203,1.015,148398,148650,149413
147,0x003fed41,-2.343262,0,0,1,203,1.015,149414,149666,150428
148,0x003fed65,-2.325684,0,0,1,203,1.015,150430,150682,151443
149,0x003fedb4,-2.287109,0,0,1,202,1.010,151446,151698,152458
150,0x003fee91,-2.179199,0,0,1,203,1.015,152458,152710,153473
151,0x003fee50,-2.210938,0,0,1,203,1.015,153474,153726,154488
152,0x003feda4,-2.294922,0,0,1,203,1.015,154490,154742,155503
153,0x003fed66,-2.325195,0,0,1,202,1.010,155506,155758,156518
154,0x003fed39,-2.347168,0,0,1,203,1.015,156518,156770,157533
155,0x003fee3d,-2.220215,0,0,1,203,1.015,157534,157786,158548
156,0x003fef3d,-2.095215,0,0,1,203,1.015,158550,158802,159563
157,0x003fee91,-2.179199,0,0,1,202,1.010,159566,159818,160578
158,0x003fedf3,-2.256348,0,0,1,203,1.015,160578,160830,161593
159,0x003fedd4,-2.271484,0,0,1,203,1.015,161594,161846,162608
160,0x003fedd3,-2.271973,0,0,1,203,1.015,162610,162862,163623
161,0x003fee65,-2.200684,0,0,1,202,1.010,163626,163878,164638
162,0x003fefbe,-2.032227,0,0,1,203,1.015,164638,164890,165653
163,0x003fee69,-2.198730,0,0,1,203,1.015,165654,165906,166668
164,0x003fee58,-2.207031,0,0,1,203,1.015,166670,166922,167683
165,0x003fedad,-2.290527,0,0,1,202,1.010,167686,167938,168698
166,0x003fedc3,-2.279785,0,0,1,203,1.015,168698,168950,169713
167,0x003fef40,-2.093750,0,0,1,203,1.015,169714,169966,170728
168,0x003fef62,-2.077148,0,0,1,203,1.015,170730,170982,171743
169,0x003fee3c,-2.220703,0,0,1,202,1.010,171746,171998,172758
170,0x003fee9a,-2.174805,0,0,1,203,1.015,172758,173010,173773
171,0x003fedd0,-2.273438,0,0,1,203,1.015,173774,174026,174788
172,0x003fedcd,-2.274902,0,0,1,203,1.015,174790,175042,175803
173,0x003feef2,-2.131836,0,0,1,202,1.010,175806,176058,176818
174,0x003feed7,-2.145020,0,0,1,203,1.015,176818,177070,177833
175,0x003fee1e,-2.235352,0,0,1,203,1.015,177834,178086,178848
176,0x003fee71,-2.194824,0,0,1,203,1.015,178850,179102,179863
177,0x003fede8,-2.261719,0,0,1,202,1.010,179866,180118,180878
178,0x003fee26,-2.231445,0,0,1,203,1.015,180878,181130,181893
179,0x003feeab,-2.166504,0,0,1,203,1.015,181894,182146,182908
180,0x003fee50,-2.210938,0,0,1,203,1.015,182910,183162,183923
181,0x003fee6d,-2.196777,0,0,1,202,1.010,183926,184178,184938
182,0x003feeb6,-2.161133,0,0,1,203,1.015,184938,185190,185953
183,0x003feea3,-2.170410,0,0,1,203,1.015,185954,186206,186968
184,0x003fee31,-2.226074,0,0,1,203,1.015,186970,187222,187983
185,0x003fee7f,-2.187988,0,0,1,202,1.010,187986,188238,188998
186,0x003fee5e,-2.204102,0,0,1,203,1.015,188998,189250,190013
187,0x003fee4a,-2.213867,0,0,1,203,1.015,190014,190266,191028
188,0x003fee82,-2.186523,0,0,1,203,1.015,191030,191282,192043
189,0x003feeca,-2.151367,0,0,1,202,1.010,192046,192298,193058
190,0x003fee24,-2.232422,0,0,1,203,1.015,193058,193310,194073
191,0x003fedd2,-2.272461,0,0,1,203,1.015,194074,194326,195088
192,0x003fee34,-2.224609,0,0,1,203,1.015,195090,195342,196103
193,0x003fee36,-2.223633,0,0,1,202,1.010,196106,196358,197118
194,0x003fee5b,-2.205566,0,0,1,203,1.015,197118,197370,198133
195,0x003feedb,-2.143066,0,0,1,203,1.015,198134,198386,199148
196,0x003fedd7,-2.270020,0,0,1,203,1.015,199150,199402,200163
197,0x003fede6,-2.262695,0,0,1,202,1.010,200166,200418,201178
198,0x003fee2c,-2.228516,0,0,1,203,1.015,201178,201430,202193
199,0x003fedf6,-2.254883,0,0,1,203,1.015,202194,202446,203208
200,0x003fee83,-2.186035,0,0,1,203,1.015,203210,203462,204223
201,0x003feef7,-2.129395,0,0,1,202,1.010,204226,204478,205238
202,0x003fed74,-2.318359,0,0,1,203,1.015,205238,205490,206253
203,0x003fed98,-2.300781,0,0,1,203,1.015,206254,206506,207268
204,0x003fee28,-2.230469,0,0,1,203,1.015,207270,207522,208283
205,0x003fed5e,-2.329102,0,0,1,202,1.010,208286,208538,209298
206,0x003fedb0,-2.289062,0,0,1,203,1.015,209298,209550,210313
207,0x003fede4,-2.263672,0,0,1,203,1.015,210314,210566,211328
208,0x003fecb2,-2.413086,0,0,1,203,1.015,211330,211582,212343
209,0x003fed57,-2.332520,0,0,1,202,1.010,212346,212598,213358
210,0x003fed4c,-2.337891,0,0,1,203,1.015,213358,213610,214373
211,0x003fece2,-2.389648,0,0,1,203,1.015,214374,214626,215388
212,0x003fecf7,-2.379395,0,0,1,203,1.015,215390,215642,216403
213,0x003fed1d,-2.360840,0,0,1,202,1.010,216406,216658,217418
214,0x003fec6a,-2.448242,0,0,1,203,1.015,217418,217670,218433
215,0x003fec99,-2.425293,0,0,1,203,1.015,218434,218686,219448
216,0x003fed0e,-2.368164,0,0,1,203,1.015,219450,219702,220463
217,0x003fec48,-2.464844,0,0,1,202,1.010,220466,220718,221478
218,0x003fecfe,-2.375977,0,0,1,203,1.015,221478,221730,222493
219,0x003fed33,-2.350098,0,0,1,203,1.015,222494,222746,223508
220,0x003fec78,-2.441406,0,0,1,203,1.015,223510,223762,224523
221,0x003fecd2,-2.397461,0,0,1,202,1.010,224526,224778,225538
222,0x003feced,-2.384277,0,0,1,203,1.015,225538,225790,226553
223,0x003fec4e,-2.461914,0,0,1,203,1.015,226554,226806,227568
224,0x003fecdb,-2.393066,0,0,1,203,1.015,227570,227822,228583
225,0x003fed1c,-2.361328,0,0,1,202,1.010,228586,228838,229598
226,0x003feca0,-2.421875,0,0,1,203,1.015,229598,229850,230613
227,0x003fed0a,-2.370117,0,0,1,203,1.015,230614,230866,231628
228,0x003fece6,-2.387695,0,0,1,203,1.015,231630,231882,232643
229,0x003fec7e,-2.438477,0,0,1,202,1.010,232646,232898,233658
230,0x003fed3d,-2.345215,0,0,1,203,1.015,233658,233910,234673
231,0x003fed94,-2.302734,0,0,1,203,1.015,234674,234926,235688
232,0x003fecbd,-2.407715,0,0,1,203,1.015,235690,235942,236703
233,0x003fed7b,-2.314941,0,0,1,202,1.010,236706,236958,237718
234,0x003fed91,-2.304199,0,0,1,203,1.015,237718,237970,238733
235,0x003fecba,-2.409180,0,0,1,203,1.015,238734,238986,239748
236,0x003fedc9,-2.276855,0,0,1,203,1.015,239750,240002,240763
237,0x003fee20,-2.234375,0,0,1,202,1.010,240766,241018,241778
238,0x003fecd5,-2.395996,0,0,1,203,1.015,241778,242030,242793
239,0x003fedcc,-2.275391,0,0,1,203,1.015,242794,243046,243808
240,0x003fedbf,-2.281738,0,0,1,203,1.015,243810,244062,244823
241,0x003fed5e,-2.329102,0,0,1,202,1.010,244826,245078,245838
242,0x003fedf3,-2.256348,0,0,1,203,1.015,245838,246090,246853
243,0x003fee2f,-2.227051,0,0,1,203,1.015,246854,247106,247868
244,0x003fed96,-2.301758,0,0,1,203,1.015,247870,248122,248883
245,0x003fee8a,-2.182617,0,0,1,202,1.010,248886,249138,249898
246,0x003fedba,-2.284180,0,0,1,203,1.015,249898,250150,250913
247,0x003fedcd,-2.274902,0,0,1,203,1.015,250914,251166,251928
248,0x003fee9a,-2.174805,0,0,1,203,1.015,251930,252182,252943
249,0x003fee6d,-2.196777,0,0,1,202,1.010,252946,253198,253958
250,0x003fedf0,-2.257812,0,0,1,203,1.015,253958,254210,254973
251,0x003fee3e,-2.219727,0,0,1,203,1.015,254974,255226,255988
252,0x003feecc,-2.150391,0,0,1,203,1.015,255990,256242,257003
253,0x003feec4,-2.154297,0,0,1,202,1.010,257006,257258,258018
254,0x003fee9b,-2.174316,0,0,1,203,1.015,258018,258270,259033
255,0x003feeaf,-2.164551,0,0,1,203,1.015,259034,259286,260048
256,0x003fef65,-2.075684,0,0,1,203,1.015,260050,260302,261063
257,0x003feec9,-2.151855,0,0,1,202,1.010,261066,261318,262078
258,0x003feecf,-2.148926,0,0,1,203,1.015,262078,262330,263093
259,0x003fef31,-2.101074,0,0,1,203,1.015,263094,263346,264108
260,0x003feea9,-2.167480,0,0,1,203,1.015,264110,264362,265123
261,0x003fedf7,-2.254395,0,0,1,202,1.010,265126,265378,266138
262,0x003fef2b,-2.104004,0,0,1,203,1.015,266138,266390,267153
263,0x003fee4b,-2.213379,0,0,1,203,1.015,267154,267406,268168
264,0x003fee85,-2.185059,0,0,1,203,1.015,268170,268422,269183
265,0x003fef01,-2.124512,0,0,1,202,1.010,269186,269438,270198
266,0x003fee49,-2.214355,0,0,1,203,1.015,270198,270450,271213
267,0x003fedb0,-2.289062,0,0,1,203,1.015,271214,271466,272228
268,0x003feea5,-2.169434,0,0,1,203,1.015,272230,272482,273243
269,0x003fedf0,-2.257812,0,0,1,202,1.010,273246,273498,274258
270,0x003fee8e,-2.180664,0,0,1,203,1.015,274258,274510,275273
271,0x003feed0,-2.148438,0,0,1,203,1.015,275274,275526,276288
272,0x003fedbb,-2.283691,0,0,1,203,1.015,276290,276542,277303
273,0x003fed30,-2.351562,0,0,1,202,1.010,277306,277558,278318
274,0x003fee2a,-2.229492,0,0,1,203,1.015,278318,278570,279333
275,0x003fede7,-2.262207,0,0,1,203,1.015,279334,279586,280348
276,0x003fee05,-2.247559,0,0,1,203,1.015,280350,280602,281363
277,0x003fedc0,-2.281250,0,0,1,202,1.010,281366,281618,282378
278,0x003feda1,-2.296387,0,0,1,203,1.015,282378,282630,283393
279,0x003fed32,-2.350586,0,0,1,203,1.015,283394,283646,284408
280,0x003fed3f,-2.344238,0,0,1,203,1.015,284410,284662,285423
281,0x003fed5f,-2.328613,0,0,1,202,1.010,285426,285678,286438
282,0x003feda1,-2.296387,0,0,1,203,1.015,286438,286690,287453
283,0x003fed90,-2.304688,0,0,1,203,1.015,287454,287706,288468
284,0x003fed58,-2.332031,0,0,1,203,1.015,288470,288722,289483
285,0x003fed3a,-2.346680,0,0,1,202,1.010,289486,289738,290498
286,0x003fed71,-2.319824,0,0,1,203,1.015,290498,290750,291513
287,0x003fed7a,-2.315430,0,0,1,203,1.015,291514,291766,292528
288,0x003fedbd,-2.282715,0,0,1,203,1.015,292530,292782,293543
289,0x003fee33,-2.225098,0,0,1,202,1.010,293546,293798,294558
290,0x003fee71,-2.194824,0,0,1,203,1.015,294558,294810,295573
291,0x003fedf9,-2.253418,0,0,1,203,1.015,295574,295826,296588
292,0x003fee40,-2.218750,0,0,1,203,1.015,296590,296842,297603
293,0x003fedbf,-2.281738,0,0,1,202,1.010,297606,297858,298618
294,0x003fee45,-2.216309,0,0,1,203,1.015,298618,298870,299633
295,0x003fef28,-2.105469,0,0,1,203,1.015,299634,299886,300648
296,0x003feecc,-2.150391,0,0,1,203,1.015,300650,300902,301663
297,0x003fee42,-2.217773,0,0,1,202,1.010,301666,301918,302678
298,0x003fee56,-2.208008,0,0,1,203,1.015,302678,302930,303693
299,0x003fedb3,-2.287598,0,0,1,203,1.015,303694,303946,304708
300,0x003fee8d,-2.181152,0,0,1,203,1.015,304710,304962,305723
301,0x003fef5f,-2.078613,0,0,1,202,1.010,305726,305978,306738
302,0x003fef52,-2.084961,0,0,1,203,1.015,306738,306990,307753
303,0x003fef26,-2.106445,0,0,1,203,1.015,307754,308006,308768
304,0x003feeb8,-2.160156,0,0,1,203,1.015,308770,309022,309783
305,0x003fee7c,-2.189453,0,0,1,202,1.010,309786,310038,310798
306,0x003fef18,-2.113281,0,0,1,203,1.015,310798,311050,311813
307,0x003fefe9,-2.011230,0,0,1,203,1.015,311814,312066,312828
308,0x003fefe8,-2.011719,0,0,1,203,1.015,312830,313082,313843
309,0x003fef81,-2.062012,0,0,1,202,1.010,313846,314098,314858
310,0x003fee61,-2.202637,0,0,1,203,1.015,314858,315110,315873
311,0x003fee2f,-2.227051,0,0,1,203,1.015,315874,316126,316888
312,0x003fef39,-2.097168,0,0,1,203,1.015,316890,317142,317903
313,0x003fefb8,-2.035156,0,0,1,202,1.010,317906,318158,318918
314,0x003fef52,-2.084961,0,0,1,203,1.015,318918,319170,319933
315,0x003fef31,-2.101074,0,0,1,203,1.015,319934,320186,320948
316,0x003fee31,-2.226074,0,0,1,203,1.015,320950,321202,321963
317,0x003fee93,-2.178223,0,0,1,202,1.010,321966,322218,322978
318,0x003feef0,-2.132812,0,0,1,203,1.015,322978,323230,323993
319,0x003fef32,-2.100586,0,0,1,203,1.015,323994,324246,325008
320,0x003fef5c,-2.080078,0,0,1,203,1.015,325010,325262,326023
321,0x003fee92,-2.178711,0,0,1,202,1.010,326026,326278,327038
322,0x003fedfd,-2.251465,0,0,1,203,1.015,327038,327290,328053
323,0x003fee54,-2.208984,0,0,1,203,1.015,328054,328306,329068
324,0x003feef3,-2.131348,0,0,1,203,1.015,329070,329322,330083
325,0x003feee7,-2.137207,0,0,1,202,1.010,330086,330338,331098
326,0x003feef0,-2.132812,0,0,1,203,1.015,331098,331350,332113
327,0x003fee9b,-2.174316,0,0,1,203,1.015,332114,332366,333128
328,0x003fee7a,-2.190430,0,0,1,203,1.015,333130,333382,334143
329,0x003fee8c,-2.181641,0,0,1,202,1.010,334146,334398,335158
330,0x003feee8,-2.136719,0,0,1,203,1.015,335158,335410,336173
331,0x003fef21,-2.108887,0,0,1,203,1.015,336174,336426,337188
332,0x003feeb5,-2.161621,0,0,1,203,1.015,337190,337442,338203
333,0x003fee1f,-2.234863,0,0,1,202,1.010,338206,338458,339218
334,0x003fee70,-2.195312,0,0,1,203,1.015,339218,339470,340233
335,0x003feed0,-2.148438,0,0,1,203,1.015,340234,340486,341248
336,0x003fef04,-2.123047,0,0,1,203,1.015,341250,341502,342263
337,0x003fee7b,-2.189941,0,0,1,202,1.010,342266,342518,343278
338,0x003fee5b,-2.205566,0,0,1,203,1.015,343278,343530,344293
339,0x003feec0,-2.156250,0,0,1,203,1.015,344294,344546,345308
340,0x003fee51,-2.210449,0,0,1,203,1.015,345310,345562,346323
341,0x003feeb0,-2.164062,0,0,1,202,1.010,346326,346578,347338
342,0x003fee8e,-2.180664,0,0,1,203,1.015,347338,347590,348353
343,0x003fee2b,-2.229004,0,0,1,203,1.015,348354,348606,349368
344,0x003fee1b,-2.236816,0,0,1,203,1.015,349370,349622,350383
345,0x003fee9e,-2.172852,0,0,1,202,1.010,350386,350638,351398
346,0x003fee1b,-2.236816,0,0,1,203,1.015,351398,351650,352413
347,0x003fee7b,-2.189941,0,0,1,203,1.015,352414,352666,353428
348,0x003fee6d,-2.196777,0,0,1,203,1.015,353430,353682,354443
349,0x003fed60,-2.328125,0,0,1,202,1.010,354446,354698,355458
350,0x003fedb3,-2.287598,0,0,1,203,1.015,355458,355710,356473
351,0x003fee8c,-2.181641,0,0,1,203,1.015,356474,356726,357488
352,0x003fedea,-2.260742,0,0,1,203,1.015,357490,357742,358503
353,0x003fee62,-2.202148,0,0,1,202,1.010,358506,358758,359518
354,0x003fee1d,-2.235840,0,0,1,203,1.015,359518,359770,360533
355,0x003fed83,-2.311035,0,0,1,203,1.015,360534,360786,361548
356,0x003fedd0,-2.273438,0,0,1,203,1.015,361550,361802,362563
357,0x003feead,-2.165527,0,0,1,202,1.010,362566,362818,363578
358,0x003fee32,-2.225586,0,0,1,203,1.015,363578,363830,364593
359,0x003fede0,-2.265625,0,0,1,203,1.015,364594,364846,365608
360,0x003fee0f,-2.242676,0,0,1,203,1.015,365610,365862,366623
361,0x003fedef,-2.258301,0,0,1,202,1.010,366626,366878,367638
362,0x003fed90,-2.304688,0,0,1,203,1.015,367638,367890,368653
363,0x003fee17,-2.238770,0,0,1,203,1.015,368654,368906,369668
364,0x003fee2c,-2.228516,0,0,1,203,1.015,369670,369922,370683
365,0x003fed44,-2.341797,0,0,1,202,1.010,370686,370938,371698
366,0x003fed60,-2.328125,0,0,1,203,1.015,371698,371950,372713
367,0x003fedd3,-2.271973,0,0,1,203,1.015,372714,372966,373728
368,0x003fed42,-2.342773,0,0,1,203,1.015,373730,373982,374743
369,0x003feda6,-2.293945,0,0,1,202,1.010,374746,374998,375758
370,0x003feddd,-2.267090,0,0,1,203,1.015,375758,376010,376773
371,0x003fecf1,-2.382324,0,0,1,203,1.015,376774,377026,377788
372,0x003fed89,-2.308105,0,0,1,203,1.015,377790,378042,378803
373,0x003fee2b,-2.229004,0,0,1,202,1.010,378806,379058,379818
374,0x003fed87,-2.309082,0,0,1,203,1.015,379818,380070,380833
375,0x003fed4a,-2.338867,0,0,1,203,1.015,380834,381086,381848
376,0x003fedd7,-2.270020,0,0,1,203,1.015,381850,382102,382863
377,0x003fedbb,-2.283691,0,0,1,202,1.010,382866,383118,383878
378,0x003fedbb,-2.283691,0,0,1,203,1.015,383878,384130,384893
379,0x003fee42,-2.217773,0,0,1,203,1.015,384894,385146,385908
380,0x003fedd5,-2.270996,0,0,1,203,1.015,385910,386162,386923
381,0x003fed35,-2.349121,0,0,1,202,1.010,386926,387178,387938
382,0x003fed9f,-2.297363,0,0,1,203,1.015,387938,388190,388953
383,0x003feeb0,-2.164062,0,0,1,203,1.015,388954,389206,389968
384,0x003fee88,-2.183594,0,0,1,203,1.015,389970,390222,390983
385,0x003fee60,-2.203125,0,0,1,202,1.010,390986,391238,391998
386,0x003fee3f,-2.219238,0,0,1,203,1.015,391998,392250,393013
387,0x003fedc3,-2.279785,0,0,1,203,1.015,393014,393266,394028
388,0x003fedf8,-2.253906,0,0,1,203,1.015,394030,394282,395043
389,0x003fefd6,-2.020508,0,0,1,202,1.010,395046,395298,396058
390,0x003fef2c,-2.103516,0,0,1,203,1.015,396058,396310,397073
391,0x003fee34,-2.224609,0,0,1,203,1.015,397074,397326,398088
392,0x003fee76,-2.192383,0,0,1,203,1.015,398090,398342,399103
393,0x003fee2d,-2.228027,0,0,1,202,1.010,399106,399358,400118
394,0x003fee6a,-2.198242,0,0,1,203,1.015,400118,400370,401133
395,0x003ff078,-1.941406,0,0,1,203,1.015,401134,401386,402148
396,0x003feffe,-2.000977,0,0,1,203,1.015,402150,402402,403163
397,0x003feed2,-2.147461,0,0,1,202,1.010,403166,403418,404178
398,0x003fef31,-2.101074,0,0,1,203,1.015,404178,404430,405193
399,0x003feeb2,-2.163086,0,0,1,203,1.015,405194,405446,406208
400,0x003feef3,-2.131348,0,0,1,203,1.015,406210,406462,407223
401,0x003ff056,-1.958008,0,0,1,202,1.010,407226,407478,408238
402,0x003ff00b,-1.994629,0,0,1,203,1.015,408238,408490,409253
403,0x003fef26,-2.106445,0,0,1,203,1.015,409254,409506,410268
404,0x003feedb,-2.143066,0,0,1,203,1.015,410270,410522,411283
405,0x003fee8b,-2.182129,0,0,1,202,1.010,411286,411538,412298
406,0x003fef63,-2.076660,0,0,1,203,1.015,412298,412550,413313
407,0x003fef63,-2.076660,0,0,1,203,1.015,413314,413566,414328
408,0x003fef61,-2.077637,0,0,1,203,1.015,414330,414582,415343
409,0x003fee25,-2.231934,0,0,1,202,1.010,415346,415598,416358
410,0x003fee28,-2.230469,0,0,1,203,1.015,416358,416610,417373
411,0x003fee18,-2.238281,0,0,1,203,1.015,417374,417626,418388
412,0x003fee9c,-2.173828,0,0,1,203,1.015,418390,418642,419403
413,0x003fedd4,-2.271484,0,0,1,202,1.010,419406,419658,420418
414,0x003fee87,-2.184082,0,0,1,203,1.015,420418,420670,421433
415,0x003fedd1,-2.272949,0,0,1,203,1.015,421434,421686,422448
416,0x003fed1f,-2.359863,0,0,1,203,1.015,422450,422702,423463
417,0x003fedbc,-2.283203,0,0,1,202,1.010,423466,423718,424478
418,0x003fee1a,-2.237305,0,0,1,203,1.015,424478,424730,425493
419,0x003fecdf,-2.391113,0,0,1,203,1.015,425494,425746,426508
420,0x003fed8b,-2.307129,0,0,1,203,1.015,426510,426762,427523
421,0x003fed43,-2.342285,0,0,1,202,1.010,427526,427778,428538
422,0x003fec93,-2.428223,0,0,1,203,1.015,428538,428790,429553
423,0x003fed16,-2.364258,0,0,1,203,1.015,429554,429806,430568
424,0x003fed87,-2.309082,0,0,1,203,1.015,430570,430822,431583
425,0x003fecd5,-2.395996,0,0,1,202,1.010,431586,431838,432598
426,0x003fed0a,-2.370117,0,0,1,203,1.015,432598,432850,433613
427,0x003fed5c,-2.330078,0,0,1,203,1.015,433614,433866,434628
428,0x003fecbe,-2.407227,0,0,1,203,1.015,434630,434882,435643
429,0x003fed67,-2.324707,0,0,1,202,1.010,435646,435898,436658
430,0x003fed05,-2.372559,0,0,1,203,1.015,436658,436910,437673
431,0x003fed1b,-2.361816,0,0,1,203,1.015,437674,437926,438688
432,0x003fed23,-2.357910,0,0,1,203,1.015,438690,438942,439703
433,0x003fed13,-2.365723,0,0,1,202,1.010,439706,439958,440718
434,0x003fec98,-2.425781,0,0,1,203,1.015,440718,440970,441733
435,0x003fed82,-2.311523,0,0,1,203,1.015,441734,441986,442748
436,0x003fed0b,-2.369629,0,0,1,203,1.015,442750,443002,443763
437,0x003fed38,-2.347656,0,0,1,202,1.010,443766,444018,444778
438,0x003fece9,-2.386230,0,0,1,203,1.015,444778,445030,445793
439,0x003fed18,-2.363281,0,0,1,203,1.015,445794,446046,446808
440,0x003fed35,-2.349121,0,0,1,203,1.015,446810,447062,447823
441,0x003fed9c,-2.298828,0,0,1,202,1.010,447826,448078,448838
442,0x003fecb4,-2.412109,0,0,1,203,1.015,448838,449090,449853
443,0x003feddb,-2.268066,0,0,1,203,1.015,449854,450106,450868
444,0x003fed2b,-2.354004,0,0,1,203,1.015,450870,451122,451883
445,0x003fecf2,-2.381836,0,0,1,202,1.010,451886,452138,452898
446,0x003fed69,-2.323730,0,0,1,203,1.015,452898,453150,453913
447,0x003fee26,-2.231445,0,0,1,203,1.015,453914,454166,454928
448,0x003fed17,-2.363770,0,0,1,203,1.015,454930,455182,455943
449,0x003fedc2,-2.280273,0,0,1,202,1.010,455946,456198,456958
450,0x003fed60,-2.328125,0,0,1,203,1.015,456958,457210,457973
451,0x003fed21,-2.358887,0,0,1,203,1.015,457974,458226,458988
452,0x003fedb1,-2.288574,0,0,1,203,1.015,458990,459242,460003
453,0x003fee1a,-2.237305,0,0,1,202,1.010,460006,460258,461018
454,0x003fed7e,-2.313477,0,0,1,203,1.015,461018,461270,462033
455,0x003fedd1,-2.272949,0,0,1,203,1.015,462034,462286,463048
456,0x003fedb5,-2.286621,0,0,1,203,1.015,463050,463302,464063
457,0x003fed23,-2.357910,0,0,1,202,1.010,464066,464318,465078
458,0x003fed7b,-2.314941,0,0,1,203,1.015,465078,465330,466093
459,0x003fedea,-2.260742,0,0,1,203,1.015,466094,466346,467108
460,0x003fed7b,-2.314941,0,0,1,203,1.015,467110,467362,468123
461,0x003fed97,-2.301270,0,0,1,202,1.010,468126,468378,469138
462,0x003fed8f,-2.305176,0,0,1,203,1.015,469138,469390,470153
463,0x003fecf5,-2.380371,0,0,1,203,1.015,470154,470406,471168
464,0x003fedaf,-2.289551,0,0,1,203,1.015,471170,471422,472183
465,0x003fedb5,-2.286621,0,0,1,202,1.010,472186,472438,473198
466,0x003fed35,-2.349121,0,0,1,203,1.015,473198,473450,474213
467,0x003fedb0,-2.289062,0,0,1,203,1.015,474214,474466,475228
468,0x003fed65,-2.325684,0,0,1,203,1.015,475230,475482,476243
469,0x003fed22,-2.358398,0,0,1,202,1.010,476246,476498,477258
470,0x003fed81,-2.312012,0,0,1,203,1.015,477258,477510,478273
471,0x003fed2f,-2.352051,0,0,1,203,1.015,478274,478526,479288
472,0x003fed1c,-2.361328,0,0,1,203,1.015,479290,479542,480303
473,0x003fedbd,-2.282715,0,0,1,202,1.010,480306,480558,481318
474,0x003fed1c,-2.361328,0,0,1,203,1.015,481318,481570,482333
475,0x003fecc7,-2.402832,0,0,1,203,1.015,482334,482586,483348
476,0x003fed25,-2.356934,0,0,1,203,1.015,483350,483602,484363
477,0x003fecf0,-2.382812,0,0,1,202,1.010,484366,484618,485378
478,0x003fece0,-2.390625,0,0,1,203,1.015,485378,485630,486393
479,0x003feda6,-2.293945,0,0,1,203,1.015,486394,486646,487408
480,0x003fecec,-2.384766,0,0,1,203,1.015,487410,487662,488423
481,0x003fed10,-2.367188,0,0,1,202,1.010,488426,488678,489438
482,0x003fed47,-2.340332,0,0,1,203,1.015,489438,489690,490453
483,0x003fecb0,-2.414062,0,0,1,203,1.015,490454,490706,491468
484,0x003fed68,-2.324219,0,0,1,203,1.015,491470,491722,492483
485,0x003feda4,-2.294922,0,0,1,202,1.010,492486,492738,493498
486,0x003fed03,-2.373535,0,0,1,203,1.015,493498,493750,494513
487,0x003fed0f,-2.367676,0,0,1,203,1.015,494514,494766,495528
488,0x003fed19,-2.362793,0,0,1,203,1.015,495530,495782,496543
489,0x003fecb0,-2.414062,0,0,1,202,1.010,496546,496798,497558
490,0x003fed8b,-2.307129,0,0,1,203,1.015,497558,497810,498573
491,0x003feda0,-2.296875,0,0,1,203,1.015,498574,498826,499588
492,0x003fecf6,-2.379883,0,0,1,203,1.015,499590,499842,500603
493,0x003fecae,-2.415039,0,0,1,202,1.010,500606,500858,501618
494,0x003fed28,-2.355469,0,0,1,203,1.015,501618,501870,502633
495,0x003fecd2,-2.397461,0,0,1,203,1.015,502634,502886,503648
496,0x003fed0e,-2.368164,0,0,1,203,1.015,503650,503902,504663
497,0x003fed2b,-2.354004,0,0,1,202,1.010,504666,504918,505678
498,0x003fed04,-2.373047,0,0,1,203,1.015,505678,505930,506693
499,0x003fece5,-2.388184,0,0,1,203,1.015,506694,506946,507708
500,0x003fed1d,-2.360840,0,0,1,203,1.015,507710,507962,508723
501,0x003fed63,-2.326660,0,0,1,202,1.010,508726,508978,509738
502,0x003fecf1,-2.382324,0,0,1,203,1.015,509738,509990,510753
503,0x003fed0a,-2.370117,0,0,1,203,1.015,510754,511006,511768
504,0x003fedbb,-2.283691,0,0,1,203,1.015,511770,512022,512783
505,0x003fed2d,-2.353027,0,0,1,202,1.010,512786,513038,513798
506,0x003fed8f,-2.305176,0,0,1,203,1.015,513798,514050,514813
507,0x003fedbd,-2.282715,0,0,1,203,1.015,514814,515066,515828
508,0x003fed0c,-2.369141,0,0,1,203,1.015,515830,516082,516843
509,0x003fed6b,-2.322754,0,0,1,202,1.010,516846,517098,517858
510,0x003fedef,-2.258301,0,0,1,203,1.015,517858,518110,518873
511,0x003fed37,-2.348145,0,0,1,203,1.015,518874,519126,519888
512,0x003fed79,-2.315918,0,0,1,203,1.015,519890,520142,520903
513,0x003fee59,-2.206543,0,0,1,202,1.010,520906,521158,521918
514,0x003fed63,-2.326660,0,0,1,203,1.015,521918,522170,522933
515,0x003fed32,-2.350586,0,0,1,203,1.015,522934,523186,523948
516,0x003fee35,-2.224121,0,0,1,203,1.015,523950,524202,524963
517,0x003fee16,-2.239258,0,0,1,202,1.010,524966,525218,525978
518,0x003fedea,-2.260742,0,0,1,203,1.015,525978,526230,526993
519,0x003feeaf,-2.164551,0,0,1,203,1.015,526994,527246,528008
520,0x003fee45,-2.216309,0,0,1,203,1.015,528010,528262,529023
521,0x003fed99,-2.300293,0,0,1,202,1.010,529026,529278,530038
522,0x003feee0,-2.140625,0,0,1,203,1.015,530038,530290,531053
523,0x003feecc,-2.150391,0,0,1,203,1.015,531054,531306,532068
524,0x003fee3a,-2.221680,0,0,1,203,1.015,532070,532322,533083
525,0x003feef2,-2.131836,0,0,1,202,1.010,533086,533338,534098
526,0x003fee8b,-2.182129,0,0,1,203,1.015,534098,534350,535113
527,0x003fedf2,-2.256836,0,0,1,203,1.015,535114,535366,536128
528,0x003feee8,-2.136719,0,0,1,203,1.015,536130,536382,537143
529,0x003feeaa,-2.166992,0,0,1,202,1.010,537146,537398,538158
530,0x003feeef,-2.133301,0,0,1,203,1.015,538158,538410,539173
531,0x003fef65,-2.075684,0,0,1,203,1.015,539174,539426,540188
532,0x003fef0d,-2.118652,0,0,1,203,1.015,540190,540442,541203
533,0x003fee92,-2.178711,0,0,1,202,1.010,541206,541458,542218
534,0x003fef7c,-2.064453,0,0,1,203,1.015,542218,542470,543233
535,0x003fef15,-2.114746,0,0,1,203,1.015,543234,543486,544248
536,0x003fef28,-2.105469,0,0,1,203,1.015,544250,544502,545263
537,0x003fef7f,-2.062988,0,0,1,202,1.010,545266,545518,546278
538,0x003fef3f,-2.094238,0,0,1,203,1.015,546278,546530,547293
539,0x003feedc,-2.142578,0,0,1,203,1.015,547294,547546,548308
540,0x003fef84,-2.060547,0,0,1,203,1.015,548310,548562,549323
541,0x003fef4e,-2.086914,0,0,1,202,1.010,549326,549578,550338
542,0x003fef36,-2.098633,0,0,1,203,1.015,550338,550590,551353
543,0x003fef78,-2.066406,0,0,1,203,1.015,551354,551606,552368
544,0x003fef9a,-2.049805,0,0,1,203,1.015,552370,552622,553383
545,0x003fef2b,-2.104004,0,0,1,202,1.010,553386,553638,554398
546,0x003fef10,-2.117188,0,0,1,203,1.015,554398,554650,555413
547,0x003feefe,-2.125977,0,0,1,203,1.015,555414,555666,556428
548,0x003feef4,-2.130859,0,0,1,203,1.015,556430,556682,557443
549,0x003feeb9,-2.159668,0,0,1,202,1.010,557446,557698,558458
550,0x003feee9,-2.136230,0,0,1,203,1.015,558458,558710,559473
551,0x003feea1,-2.171387,0,0,1,203,1.015,559474,559726,560488
552,0x003fee95,-2.177246,0,0,1,203,1.015,560490,560742,561503
553,0x003fee91,-2.179199,0,0,1,202,1.010,561506,561758,562518
554,0x003fee42,-2.217773,0,0,1,203,1.015,562518,562770,563533
555,0x003fee9e,-2.172852,0,0,1,203,1.015,563534,563786,564548
556,0x003fef37,-2.098145,0,0,1,203,1.015,564550,564802,565563
557,0x003fedfb,-2.252441,0,0,1,202,1.010,565566,565818,566578
558,0x003fedf9,-2.253418,0,0,1,203,1.015,566578,566830,567593
559,0x003fee7a,-2.190430,0,0,1,203,1.015,567594,567846,568608
560,0x003fee44,-2.216797,0,0,1,203,1.015,568610,568862,569623
561,0x003fee44,-2.216797,0,0,1,202,1.010,569626,569878,570638
562,0x003feed2,-2.147461,0,0,1,203,1.015,570638,570890,571653
563,0x003fed88,-2.308594,0,0,1,203,1.015,571654,571906,572668
564,0x003fedce,-2.274414,0,0,1,203,1.015,572670,572922,573683
565,0x003fee5e,-2.204102,0,0,1,202,1.010,573686,573938,574698
566,0x003feeac,-2.166016,0,0,1,203,1.015,574698,574950,575713
567,0x003fee34,-2.224609,0,0,1,203,1.015,575714,575966,576728
568,0x003fee94,-2.177734,0,0,1,203,1.015,576730,576982,577743
569,0x003feda8,-2.292969,0,0,1,202,1.010,577746,577998,578758
570,0x003fedc7,-2.277832,0,0,1,203,1.015,578758,579010,579773
571,0x003fee3f,-2.219238,0,0,1,203,1.015,579774,580026,580788
572,0x003feed1,-2.147949,0,0,1,203,1.015,580790,581042,581803
573,0x003fee28,-2.230469,0,0,1,202,1.010,581806,582058,582818
574,0x003fee0a,-2.245117,0,0,1,203,1.015,582818,583070,583833
575,0x003fedac,-2.291016,0,0,1,203,1.015,583834,584086,584848
576,0x003fee30,-2.226562,0,0,1,203,1.015,584850,585102,585863
577,0x003fee80,-2.187500,0,0,1,202,1.010,585866,586118,586878
578,0x003feeb6,-2.161133,0,0,1,203,1.015,586878,587130,587893
579,0x003feddf,-2.266113,0,0,1,203,1.015,587894,588146,588908
580,0x003fed64,-2.326172,0,0,1,203,1.015,588910,589162,589923
581,0x003fed9d,-2.298340,0,0,1,202,1.010,589926,590178,590938
582,0x003fee13,-2.240723,0,0,1,203,1.015,590938,591190,591953
583,0x003fedba,-2.284180,0,0,1,203,1.015,591954,592206,592968
584,0x003fee4f,-2.211426,0,0,1,203,1.015,592970,593222,593983
585,0x003fed53,-2.334473,0,0,1,202,1.010,593986,594238,594998
586,0x003fec7e,-2.438477,0,0,1,203,1.015,594998,595250,596013
587,0x003fed8e,-2.305664,0,0,1,203,1.015,596014,596266,597028
588,0x003feda8,-2.292969,0,0,1,203,1.015,597030,597282,598043
589,0x003fed26,-2.356445,0,0,1,202,1.010,598046,598298,599058
590,0x003fed4d,-2.337402,0,0,1,203,1.015,599058,599310,600073
591,0x003fed1a,-2.362305,0,0,1,203,1.015,600074,600326,601088
592,0x003fec78,-2.441406,0,0,1,203,1.015,601090,601342,602103
593,0x003fecf1,-2.382324,0,0,1,202,1.010,602106,602358,603118
594,0x003fed00,-2.375000,0,0,1,203,1.015,603118,603370,604133
595,0x003fecdc,-2.392578,0,0,1,203,1.015,604134,604386,605148
596,0x003fecc5,-2.403809,0,0,1,203,1.015,605150,605402,606163
597,0x003fec8c,-2.431641,0,0,1,202,1.010,606166,606418,607178
598,0x003fec29,-2.479980,0,0,1,203,1.015,607178,607430,608193
599,0x003fecbe,-2.407227,0,0,1,203,1.015,608194,608446,609208
600,0x003feca5,-2.419434,0,0,1,203,1.015,609210,609462,610223
601,0x003fec82,-2.436523,0,0,1,202,1.010,610226,610478,611238
602,0x003feccc,-2.400391,0,0,1,203,1.015,611238,611490,612253
603,0x003fece1,-2.390137,0,0,1,203,1.015,612254,612506,613268
604,0x003fec95,-2.427246,0,0,1,203,1.015,613270,613522,614283
605,0x003fecce,-2.399414,0,0,1,202,1.010,614286,614538,615298
606,0x003fecc8,-2.402344,0,0,1,203,1.015,615298,615550,616313
607,0x003fecd0,-2.398438,0,0,1,203,1.015,616314,616566,617328
608,0x003fecbf,-2.406738,0,0,1,203,1.015,617330,617582,618343
609,0x003fed5c,-2.330078,0,0,1,202,1.010,618346,618598,619358
610,0x003fecd7,-2.395020,0,0,1,203,1.015,619358,619610,620373
611,0x003fecec,-2.384766,0,0,1,203,1.015,620374,620626,621388
612,0x003fed17,-2.363770,0,0,1,203,1.015,621390,621642,622403
613,0x003fecd1,-2.397949,0,0,1,202,1.010,622406,622658,623418
614,0x003fecdd,-2.392090,0,0,1,203,1.015,623418,623670,624433
615,0x003fedb4,-2.287109,0,0,1,203,1.015,624434,624686,625448
616,0x003fed04,-2.373047,0,0,1,203,1.015,625450,625702,626463
617,0x003fed28,-2.355469,0,0,1,202,1.010,626466,626718,627478
618,0x003fed60,-2.328125,0,0,1,203,1.015,627478,627730,628493
619,0x003fecf3,-2.381348,0,0,1,203,1.015,628494,628746,629508
620,0x003fed95,-2.302246,0,0,1,203,1.015,629510,629762,630523
621,0x003fee1e,-2.235352,0,0,1,202,1.010,630526,630778,631538
622,0x003fed83,-2.311035,0,0,1,203,1.015,631538,631790,632553
623,0x003fed41,-2.343262,0,0,1,203,1.015,632554,632806,633568
624,0x003fedca,-2.276367,0,0,1,203,1.015,633570,633822,634583
625,0x003fed76,-2.317383,0,0,1,202,1.010,634586,634838,635598
626,0x003fedef,-2.258301,0,0,1,203,1.015,635598,635850,636613
627,0x003fee73,-2.193848,0,0,1,203,1.015,636614,636866,637628
628,0x003fedc6,-2.278320,0,0,1,203,1.015,637630,637882,638643
629,0x003fedde,-2.266602,0,0,1,202,1.010,638646,638898,639658
630,0x003fee40,-2.218750,0,0,1,203,1.015,639658,639910,640673
631,0x003fed7e,-2.313477,0,0,1,203,1.015,640674,640926,641688
632,0x003fee63,-2.201660,0,0,1,203,1.015,641690,641942,642703
633,0x003feed3,-2.146973,0,0,1,202,1.010,642706,642958,643718
634,0x003feddc,-2.267578,0,0,1,203,1.015,643718,643970,644733
635,0x003fed7a,-2.315430,0,0,1,203,1.015,644734,644986,645748
636,0x003fee14,-2.240234,0,0,1,203,1.015,645750,646002,646763
637,0x003fed3c,-2.345703,0,0,1,202,1.010,646766,647018,647778
638,0x003fee25,-2.231934,0,0,1,203,1.015,647778,648030,648793
639,0x003fee90,-2.179688,0,0,1,203,1.015,648794,649046,649808
640,0x003fedd9,-2.269043,0,0,1,203,1.015,649810,650062,650823
641,0x003fed85,-2.310059,0,0,1,202,1.010,650826,651078,651838
642,0x003fee36,-2.223633,0,0,1,203,1.015,651838,652090,652853
643,0x003fed69,-2.323730,0,0,1,203,1.015,652854,653106,653868
644,0x003fee72,-2.194336,0,0,1,203,1.015,653870,654122,654883
645,0x003fee9f,-2.172363,0,0,1,202,1.010,654886,655138,655898
646,0x003fedf7,-2.254395,0,0,1,203,1.015,655898,656150,656913
647,0x003fee30,-2.226562,0,0,1,203,1.015,656914,657166,657928
648,0x003fedf3,-2.256348,0,0,1,203,1.015,657930,658182,658943
649,0x003fed46,-2.340820,0,0,1,202,1.010,658946,659198,659958
650,0x003feeb9,-2.159668,0,0,1,203,1.015,659958,660210,660973
651,0x003fee7e,-2.188477,0,0,1,203,1.015,660974,661226,661988
652,0x003fed7c,-2.314453,0,0,1,203,1.015,661990,662242,663003
653,0x003fedfb,-2.252441,0,0,1,202,1.010,663006,663258,664018
654,0x003fee04,-2.248047,0,0,1,203,1.015,664018,664270,665033
655,0x003fed70,-2.320312,0,0,1,203,1.015,665034,665286,666048
656,0x003fee5b,-2.205566,0,0,1,203,1.015,666050,666302,667063
657,0x003fee19,-2.237793,0,0,1,202,1.010,667066,667318,668078
658,0x003fed27,-2.355957,0,0,1,203,1.015,668078,668330,669093
659,0x003fedde,-2.266602,0,0,1,203,1.015,669094,669346,670108
660,0x003fedfa,-2.252930,0,0,1,203,1.015,670110,670362,671123
661,0x003fed8a,-2.307617,0,0,1,202,1.010,671126,671378,672138
662,0x003fee96,-2.176758,0,0,1,203,1.015,672138,672390,673153
663,0x003fedd0,-2.273438,0,0,1,203,1.015,673154,673406,674168
664,0x003fed57,-2.332520,0,0,1,203,1.015,674170,674422,675183
665,0x003fedee,-2.258789,0,0,1,202,1.010,675186,675438,676198
666,0x003fee2a,-2.229492,0,0,1,203,1.015,676198,676450,677213
667,0x003fedf8,-2.253906,0,0,1,203,1.015,677214,677466,678228
668,0x003fee2c,-2.228516,0,0,1,203,1.015,678230,678482,679243
669,0x003fed83,-2.311035,0,0,1,202,1.010,679246,679498,680258
670,0x003fed77,-2.316895,0,0,1,203,1.015,680258,680510,681273
671,0x003fedc3,-2.279785,0,0,1,203,1.015,681274,681526,682288
672,0x003fee0c,-2.244141,0,0,1,203,1.015,682290,682542,683303
673,0x003fedbb,-2.283691,0,0,1,202,1.010,683306,683558,684318
674,0x003feded,-2.259277,0,0,1,203,1.015,684318,684570,685333
675,0x003fed98,-2.300781,0,0,1,203,1.015,685334,685586,686348
676,0x003fed6b,-2.322754,0,0,1,203,1.015,686350,686602,687363
677,0x003fedc0,-2.281250,0,0,1,202,1.010,687366,687618,688378
678,0x003fee29,-2.229980,0,0,1,203,1.015,688378,688630,689393
679,0x003fedac,-2.291016,0,0,1,203,1.015,689394,689646,690408
680,0x003fedb7,-2.285645,0,0,1,203,1.015,690410,690662,691423
681,0x003fed51,-2.335449,0,0,1,202,1.010,691426,691678,692438
682,0x003fed9d,-2.298340,0,0,1,203,1.015,692438,692690,693453
683,0x003feddc,-2.267578,0,0,1,203,1.015,693454,693706,694468
684,0x003fee22,-2.233398,0,0,1,203,1.015,694470,694722,695483
685,0x003fedc6,-2.278320,0,0,1,202,1.010,695486,695738,696498
686,0x003fedf1,-2.257324,0,0,1,203,1.015,696498,696750,697513
687,0x003fed18,-2.363281,0,0,1,203,1.015,697514,697766,698528
688,0x003fee19,-2.237793,0,0,1,203,1.015,698530,698782,699543
689,0x003fedc5,-2.278809,0,0,1,202,1.010,699546,699798,700558
690,0x003fed71,-2.319824,0,0,1,203,1.015,700558,700810,701573
691,0x003fed5a,-2.331055,0,0,1,203,1.015,701574,701826,702588
692,0x003fedad,-2.290527,0,0,1,203,1.015,702590,702842,703603
693,0x003fec73,-2.443848,0,0,1,202,1.010,703606,703858,704618
694,0x003fedd4,-2.271484,0,0,1,203,1.015,704618,704870,705633
695,0x003fed8c,-2.306641,0,0,1,203,1.015,705634,705886,706648
696,0x003fed47,-2.340332,0,0,1,203,1.015,706650,706902,707663
697,0x003fed64,-2.326172,0,0,1,202,1.010,707666,707918,708678
698,0x003feda5,-2.294434,0,0,1,203,1.015,708678,708930,709693
699,0x003fecc6,-2.403320,0,0,1,203,1.015,709694,709946,710708
700,0x003fedc6,-2.278320,0,0,1,203,1.015,710710,710962,711723
701,0x003fed92,-2.303711,0,0,1,202,1.010,711726,711978,712738
702,0x003fed28,-2.355469,0,0,1,203,1.015,712738,712990,713753
703,0x003fed5c,-2.330078,0,0,1,203,1.015,713754,714006,714768
704,0x003fed9d,-2.298340,0,0,1,203,1.015,714770,715022,715783
705,0x003feca7,-2.418457,0,0,1,202,1.010,715786,716038,716798
706,0x003fed71,-2.319824,0,0,1,203,1.015,716798,717050,717813
707,0x003fedac,-2.291016,0,0,1,203,1.015,717814,718066,718828
708,0x003fed4e,-2.336914,0,0,1,203,1.015,718830,719082,719843
709,0x003feda5,-2.294434,0,0,1,202,1.010,719846,720098,720858
710,0x003fedf8,-2.253906,0,0,1,203,1.015,720858,721110,721873
711,0x003fed6b,-2.322754,0,0,1,203,1.015,721874,722126,722888
712,0x003fed3f,-2.344238,0,0,1,203,1.015,722890,723142,723903
713,0x003fedd2,-2.272461,0,0,1,202,1.010,723906,724158,724918
714,0x003fee37,-2.223145,0,0,1,203,1.015,724918,725170,725933
715,0x003fee58,-2.207031,0,0,1,203,1.015,725934,726186,726948
716,0x003feec1,-2.155762,0,0,1,203,1.015,726950,727202,727963
717,0x003fedf4,-2.255859,0,0,1,202,1.010,727966,728218,728978
718,0x003fedd9,-2.269043,0,0,1,203,1.015,728978,729230,729993
719,0x003feeb1,-2.163574,0,0,1,203,1.015,729994,730246,731008
720,0x003fef0d,-2.118652,0,0,1,203,1.015,731010,731262,732023
721,0x003fef53,-2.084473,0,0,1,202,1.010,732026,732278,733038
722,0x003fef52,-2.084961,0,0,1,203,1.015,733038,733290,734053
723,0x003fee9b,-2.174316,0,0,1,203,1.015,734054,734306,735068
724,0x003fee3f,-2.219238,0,0,1,203,1.015,735070,735322,736083
725,0x003feece,-2.149414,0,0,1,202,1.010,736086,736338,737098
726,0x003fef78,-2.066406,0,0,1,203,1.015,737098,737350,738113
727,0x003ff0b4,-1.912109,0,0,1,203,1.015,738114,738366,739128
728,0x003ff007,-1.996582,0,0,1,203,1.015,739130,739382,740143
729,0x003fef21,-2.108887,0,0,1,202,1.010,740146,740398,741158
730,0x003fef13,-2.115723,0,0,1,203,1.015,741158,741410,742173
731,0x003ff032,-1.975586,0,0,1,203,1.015,742174,742426,743188
732,0x003ff084,-1.935547,0,0,1,203,1.015,743190,743442,744203
733,0x003ff141,-1.843262,0,0,1,202,1.010,744206,744458,745218
734,0x003ff072,-1.944336,0,0,1,203,1.015,745218,745470,746233
735,0x003fef7f,-2.062988,0,0,1,203,1.015,746234,746486,747248
736,0x003feedb,-2.143066,0,0,1,203,1.015,747250,747502,748263
737,0x003ff093,-1.928223,0,0,1,202,1.010,748266,748518,749278
738,0x003ff083,-1.936035,0,0,1,203,1.015,749278,749530,750293
739,0x003ff106,-1.872070,0,0,1,203,1.015,750294,750546,751308
740,0x003fef8e,-2.055664,0,0,1,203,1.015,751310,751562,752323
741,0x003fef0e,-2.118164,0,0,1,202,1.010,752326,752578,753338
742,0x003fee4f,-2.211426,0,0,1,203,1.015,753338,753590,754353
743,0x003fefd4,-2.021484,0,0,1,203,1.015,754354,754606,755368
744,0x003fef8b,-2.057129,0,0,1,203,1.015,755370,755622,756383
