sample_id,hex_out,float_out,label,prediction,correct,latency_cycles_cnn,latency_us
0,0x003fee54,-2.208984,0,0,1,207,1.035
1,0x003fee54,-2.208984,0,0,1,202,1.010
2,0x003fee54,-2.208984,0,0,1,202,1.010
3,0x003fee54,-2.208984,0,0,1,203,1.015
4,0x003fee54,-2.208984,0,0,1,203,1.015
5,0x003fee54,-2.208984,0,0,1,204,1.020
6,0x003fee54,-2.208984,0,0,1,203,1.015
7,0x003fee54,-2.208984,0,0,1,203,1.015
8,0x003fee54,-2.208984,0,0,1,204,1.020
9,0x003fee54,-2.208984,0,0,1,204,1.020
10,0x003fee54,-2.208984,0,0,1,204,1.020
11,0x003fee54,-2.208984,0,0,1,203,1.015
12,0x003fee54,-2.208984,0,0,1,203,1.015
13,0x003fee54,-2.208984,0,0,1,204,1.020
14,0x003fee54,-2.208984,0,0,1,204,1.020
15,0x003fee54,-2.208984,0,0,1,204,1.020
16,0x003fee54,-2.208984,0,0,1,203,1.015
17,0x003fee54,-2.208984,0,0,1,203,1.015
18,0x003fee54,-2.208984,0,0,1,204,1.020
19,0x003fee54,-2.208984,0,0,1,204,1.020
20,0x003fee54,-2.208984,0,0,1,204,1.020
21,0x003fee54,-2.208984,0,0,1,203,1.015
22,0x003fee54,-2.208984,0,0,1,203,1.015
23,0x003fee54,-2.208984,0,0,1,204,1.020
24,0x003fee54,-2.208984,0,0,1,204,1.020
25,0x003fee54,-2.208984,0,0,1,204,1.020
26,0x003fee54,-2.208984,0,0,1,203,1.015
27,0x003fee54,-2.208984,0,0,1,203,1.015
28,0x003fee54,-2.208984,0,0,1,204,1.020
29,0x003fee54,-2.208984,0,0,1,204,1.020
30,0x003fee54,-2.208984,0,0,1,204,1.020
31,0x003fee54,-2.208984,0,0,1,203,1.015
32,0x003fee54,-2.208984,0,0,1,203,1.015
33,0x003fee54,-2.208984,0,0,1,204,1.020
34,0x003fee54,-2.208984,0,0,1,204,1.020
35,0x003fee54,-2.208984,0,0,1,204,1.020
36,0x003fee54,-2.208984,0,0,1,203,1.015
37,0x003fee54,-2.208984,0,0,1,203,1.015
38,0x003fee54,-2.208984,0,0,1,204,1.020
39,0x003fee54,-2.208984,0,0,1,204,1.020
40,0x003fee54,-2.208984,0,0,1,204,1.020
41,0x003fee54,-2.208984,0,0,1,203,1.015
42,0x003fee54,-2.208984,0,0,1,203,1.015
43,0x003fee54,-2.208984,0,0,1,204,1.020
44,0x003fee54,-2.208984,0,0,1,204,1.020
45,0x003fee54,-2.208984,0,0,1,204,1.020
46,0x003fee54,-2.208984,0,0,1,203,1.015
47,0x003fee54,-2.208984,0,0,1,203,1.015
48,0x003fee54,-2.208984,0,0,1,204,1.020
49,0x003fee54,-2.208984,0,0,1,204,1.020
50,0x003fee54,-2.208984,0,0,1,204,1.020
51,0x003fee54,-2.208984,0,0,1,203,1.015
52,0x003fee54,-2.208984,0,0,1,203,1.015
53,0x003fee54,-2.208984,0,0,1,204,1.020
54,0x003fee54,-2.208984,0,0,1,204,1.020
55,0x003fee54,-2.208984,0,0,1,204,1.020
56,0x003fee54,-2.208984,0,0,1,203,1.015
57,0x003fee54,-2.208984,0,0,1,203,1.015
58,0x003fee54,-2.208984,0,0,1,204,1.020
59,0x003fee54,-2.208984,0,0,1,204,1.020
60,0x003fee54,-2.208984,0,0,1,204,1.020
61,0x003fee54,-2.208984,0,0,1,203,1.015
62,0x003fee54,-2.208984,0,0,1,203,1.015
63,0x003fee54,-2.208984,0,0,1,204,1.020
64,0x003fee54,-2.208984,0,0,1,204,1.020
65,0x003fee54,-2.208984,0,0,1,204,1.020
66,0x003fee54,-2.208984,0,0,1,203,1.015
67,0x003fee54,-2.208984,0,0,1,203,1.015
68,0x003fee54,-2.208984,0,0,1,204,1.020
69,0x003fee54,-2.208984,0,0,1,204,1.020
70,0x003fee54,-2.208984,0,0,1,204,1.020
71,0x003fee54,-2.208984,0,0,1,203,1.015
72,0x003fee54,-2.208984,0,0,1,203,1.015
73,0x003fee54,-2.208984,0,0,1,204,1.020
74,0x003fee54,-2.208984,0,0,1,204,1.020
75,0x003fee54,-2.208984,0,0,1,204,1.020
76,0x003fee54,-2.208984,0,0,1,203,1.015
77,0x003fee54,-2.208984,0,0,1,203,1.015
78,0x003fee54,-2.208984,0,0,1,204,1.020
79,0x003fee54,-2.208984,0,0,1,204,1.020
80,0x003fee54,-2.208984,0,0,1,204,1.020
81,0x003fee54,-2.208984,0,0,1,203,1.015
82,0x003fee54,-2.208984,0,0,1,203,1.015
83,0x003fee54,-2.208984,0,0,1,204,1.020
84,0x003fee54,-2.208984,0,0,1,204,1.020
85,0x003fee54,-2.208984,0,0,1,204,1.020
86,0x003fee54,-2.208984,0,0,1,203,1.015
87,0x003fee54,-2.208984,0,0,1,203,1.015
88,0x003fee54,-2.208984,0,0,1,204,1.020
89,0x003fee54,-2.208984,0,0,1,204,1.020
90,0x003fee54,-2.208984,0,0,1,204,1.020
91,0x003fee54,-2.208984,0,0,1,203,1.015
92,0x003fee54,-2.208984,0,0,1,203,1.015
93,0x003fee54,-2.208984,0,0,1,204,1.020
94,0x003fee54,-2.208984,0,0,1,204,1.020
95,0x003fee54,-2.208984,0,0,1,204,1.020
96,0x003fee54,-2.208984,0,0,1,203,1.015
97,0x003fee54,-2.208984,0,0,1,203,1.015
98,0x003fee54,-2.208984,0,0,1,204,1.020
99,0x003fee54,-2.208984,0,0,1,204,1.020
100,0x003fee54,-2.208984,0,0,1,204,1.020
101,0x003fee54,-2.208984,0,0,1,203,1.015
102,0x003fee54,-2.208984,0,0,1,203,1.015
103,0x003fee54,-2.208984,0,0,1,204,1.020
104,0x003fee54,-2.208984,0,0,1,204,1.020
105,0x003fee54,-2.208984,0,0,1,204,1.020
106,0x003fee54,-2.208984,0,0,1,203,1.015
107,0x003fee54,-2.208984,0,0,1,203,1.015
108,0x003fee54,-2.208984,0,0,1,204,1.020
109,0x003fee54,-2.208984,0,0,1,204,1.020
110,0x003fee54,-2.208984,0,0,1,204,1.020
111,0x003fee54,-2.208984,0,0,1,203,1.015
112,0x003fee54,-2.208984,0,0,1,203,1.015
113,0x003fee54,-2.208984,0,0,1,204,1.020
114,0x003fee54,-2.208984,0,0,1,204,1.020
115,0x003fee54,-2.208984,0,0,1,204,1.020
116,0x003fee54,-2.208984,0,0,1,203,1.015
117,0x003fee54,-2.208984,0,0,1,203,1.015
118,0x003fee54,-2.208984,0,0,1,204,1.020
119,0x003fee54,-2.208984,0,0,1,204,1.020
120,0x003fee54,-2.208984,0,0,1,204,1.020
121,0x003fee54,-2.208984,0,0,1,203,1.015
122,0x003fee54,-2.208984,0,0,1,203,1.015
123,0x003fee54,-2.208984,0,0,1,204,1.020
124,0x003fee54,-2.208984,0,0,1,204,1.020
125,0x003fee54,-2.208984,0,0,1,204,1.020
126,0x003fee54,-2.208984,0,0,1,203,1.015
127,0x003fee54,-2.208984,0,0,1,203,1.015
128,0x003fee54,-2.208984,0,0,1,204,1.020
129,0x003fee54,-2.208984,0,0,1,204,1.020
130,0x003fee54,-2.208984,0,0,1,204,1.020
131,0x003fee54,-2.208984,0,0,1,203,1.015
132,0x003fee54,-2.208984,0,0,1,203,1.015
133,0x003fee54,-2.208984,0,0,1,204,1.020
134,0x003fee54,-2.208984,0,0,1,204,1.020
135,0x003fee54,-2.208984,0,0,1,204,1.020
136,0x003fee54,-2.208984,0,0,1,203,1.015
137,0x003fee54,-2.208984,0,0,1,203,1.015
138,0x003fee54,-2.208984,0,0,1,204,1.020
139,0x003fee54,-2.208984,0,0,1,204,1.020
140,0x003fee54,-2.208984,0,0,1,204,1.020
141,0x003fee54,-2.208984,0,0,1,203,1.015
142,0x003fee54,-2.208984,0,0,1,203,1.015
143,0x003fee54,-2.208984,0,0,1,204,1.020
144,0x003fee54,-2.208984,0,0,1,204,1.020
145,0x003fee54,-2.208984,0,0,1,204,1.020
146,0x003fee54,-2.208984,0,0,1,203,1.015
147,0x003fee54,-2.208984,0,0,1,203,1.015
148,0x003fee54,-2.208984,0,0,1,204,1.020
149,0x003fee54,-2.208984,0,0,1,204,1.020
150,0x003fee54,-2.208984,0,0,1,204,1.020
151,0x003fee54,-2.208984,0,0,1,203,1.015
152,0x003fee54,-2.208984,0,0,1,203,1.015
153,0x003fee54,-2.208984,0,0,1,204,1.020
154,0x003fee54,-2.208984,0,0,1,204,1.020
155,0x003fee54,-2.208984,0,0,1,204,1.020
156,0x003fee54,-2.208984,0,0,1,203,1.015
157,0x003fee54,-2.208984,0,0,1,203,1.015
158,0x003fee54,-2.208984,0,0,1,204,1.020
159,0x003fee54,-2.208984,0,0,1,204,1.020
160,0x003fee54,-2.208984,0,0,1,204,1.020
161,0x003fee54,-2.208984,0,0,1,203,1.015
162,0x003fee54,-2.208984,0,0,1,203,1.015
163,0x003fee54,-2.208984,0,0,1,204,1.020
164,0x003fee54,-2.208984,0,0,1,204,1.020
165,0x003fee54,-2.208984,0,0,1,204,1.020
166,0x003fee54,-2.208984,0,0,1,203,1.015
167,0x003fee54,-2.208984,0,0,1,203,1.015
168,0x003fee54,-2.208984,0,0,1,204,1.020
169,0x003fee54,-2.208984,0,0,1,204,1.020
170,0x003fee54,-2.208984,0,0,1,204,1.020
171,0x003fee54,-2.208984,0,0,1,203,1.015
172,0x003fee54,-2.208984,0,0,1,203,1.015
173,0x003fee54,-2.208984,0,0,1,204,1.020
174,0x003fee54,-2.208984,0,0,1,204,1.020
175,0x003fee54,-2.208984,0,0,1,204,1.020
176,0x003fee54,-2.208984,0,0,1,203,1.015
177,0x003fee54,-2.208984,0,0,1,203,1.015
178,0x003fee54,-2.208984,0,0,1,204,1.020
179,0x003fee54,-2.208984,0,0,1,204,1.020
180,0x003fee54,-2.208984,0,0,1,204,1.020
181,0x003fee54,-2.208984,0,0,1,203,1.015
182,0x003fee54,-2.208984,0,0,1,203,1.015
183,0x003fee54,-2.208984,0,0,1,204,1.020
184,0x003fee54,-2.208984,0,0,1,204,1.020
185,0x003fee54,-2.208984,0,0,1,204,1.020
186,0x003fee54,-2.208984,0,0,1,203,1.015
187,0x003fee54,-2.208984,0,0,1,203,1.015
188,0x003fee54,-2.208984,0,0,1,204,1.020
189,0x003fee54,-2.208984,0,0,1,204,1.020
190,0x003fee54,-2.208984,0,0,1,204,1.020
191,0x003fee54,-2.208984,0,0,1,203,1.015
192,0x003fee54,-2.208984,0,0,1,203,1.015
193,0x003fee54,-2.208984,0,0,1,204,1.020
194,0x003fee54,-2.208984,0,0,1,204,1.020
195,0x003fee54,-2.208984,0,0,1,204,1.020
196,0x003fee54,-2.208984,0,0,1,203,1.015
197,0x003fee54,-2.208984,0,0,1,203,1.015
198,0x003fee54,-2.208984,0,0,1,204,1.020
199,0x003fee54,-2.208984,0,0,1,204,1.020
200,0x003fee54,-2.208984,0,0,1,204,1.020
201,0x003fee54,-2.208984,0,0,1,203,1.015
202,0x003fee54,-2.208984,0,0,1,203,1.015
203,0x003fee54,-2.208984,0,0,1,204,1.020
204,0x003fee54,-2.208984,0,0,1,204,1.020
205,0x003fee54,-2.208984,0,0,1,204,1.020
206,0x003fee54,-2.208984,0,0,1,203,1.015
207,0x003fee54,-2.208984,0,0,1,203,1.015
208,0x003fee54,-2.208984,0,0,1,204,1.020
209,0x003fee54,-2.208984,0,0,1,204,1.020
210,0x003fee54,-2.208984,0,0,1,204,1.020
211,0x003fee54,-2.208984,0,0,1,203,1.015
212,0x003fee54,-2.208984,0,0,1,203,1.015
213,0x003fee54,-2.208984,0,0,1,204,1.020
214,0x003fee54,-2.208984,0,0,1,204,1.020
215,0x003fee54,-2.208984,0,0,1,204,1.020
216,0x003fee54,-2.208984,0,0,1,203,1.015
217,0x003fee54,-2.208984,0,0,1,203,1.015
218,0x003fee54,-2.208984,0,0,1,204,1.020
219,0x003fee54,-2.208984,0,0,1,204,1.020
220,0x003fee54,-2.208984,0,0,1,204,1.020
221,0x003fee54,-2.208984,0,0,1,203,1.015
222,0x003fee54,-2.208984,0,0,1,203,1.015
223,0x003fee54,-2.208984,0,0,1,204,1.020
224,0x003fee54,-2.208984,0,0,1,204,1.020
225,0x003fee54,-2.208984,0,0,1,204,1.020
226,0x003fee54,-2.208984,0,0,1,203,1.015
227,0x003fee54,-2.208984,0,0,1,203,1.015
228,0x003fee54,-2.208984,0,0,1,204,1.020
229,0x003fee54,-2.208984,0,0,1,204,1.020
230,0x003fee54,-2.208984,0,0,1,204,1.020
231,0x003fee54,-2.208984,0,0,1,203,1.015
232,0x003fee54,-2.208984,0,0,1,203,1.015
233,0x003fee54,-2.208984,0,0,1,204,1.020
234,0x003fee54,-2.208984,0,0,1,204,1.020
235,0x003fee54,-2.208984,0,0,1,204,1.020
236,0x003fee54,-2.208984,0,0,1,203,1.015
237,0x003fee54,-2.208984,0,0,1,203,1.015
238,0x003fee54,-2.208984,0,0,1,204,1.020
239,0x003fee54,-2.208984,0,0,1,204,1.020
240,0x003fee54,-2.208984,0,0,1,204,1.020
241,0x003fee54,-2.208984,0,0,1,203,1.015
242,0x003fee54,-2.208984,0,0,1,203,1.015
243,0x003fee54,-2.208984,0,0,1,204,1.020
244,0x003fee54,-2.208984,0,0,1,204,1.020
245,0x003fee54,-2.208984,0,0,1,204,1.020
246,0x003fee54,-2.208984,0,0,1,203,1.015
247,0x003fee54,-2.208984,0,0,1,203,1.015
248,0x003fee54,-2.208984,0,0,1,204,1.020
249,0x003fee54,-2.208984,0,0,1,204,1.020
250,0x003fee54,-2.208984,0,0,1,204,1.020
251,0x003fee54,-2.208984,0,0,1,203,1.015
252,0x003fee54,-2.208984,0,0,1,203,1.015
253,0x003fee54,-2.208984,0,0,1,204,1.020
254,0x003fee54,-2.208984,0,0,1,204,1.020
255,0x003fee54,-2.208984,0,0,1,204,1.020
