sample_id,source_file,window_start_index,window_end_index,window_start_ns,window_end_ns,adc_vfs_v,adc_code_min,adc_code_max,adc_saturated_samples
0,signal_10.csv,0,255,-100.000000,155.000000,0.800000,-77,134,0
1,signal_10.csv,1,256,-99.000000,156.000000,0.800000,-77,134,0
2,signal_10.csv,2,257,-98.000000,157.000000,0.800000,-77,134,0
3,signal_10.csv,3,258,-97.000000,158.000000,0.800000,-77,134,0
4,signal_10.csv,4,259,-96.000000,159.000000,0.800000,-77,134,0
5,signal_10.csv,5,260,-95.000000,160.000000,0.800000,-77,134,0
6,signal_10.csv,6,261,-94.000000,161.000000,0.800000,-77,134,0
7,signal_10.csv,7,262,-93.000000,162.000000,0.800000,-77,134,0
8,signal_10.csv,8,263,-92.000000,163.000000,0.800000,-77,134,0
9,signal_10.csv,9,264,-91.000000,164.000000,0.800000,-77,134,0
10,signal_10.csv,10,265,-90.000000,165.000000,0.800000,-77,134,0
11,signal_10.csv,11,266,-89.000000,166.000000,0.800000,-77,134,0
12,signal_10.csv,12,267,-88.000000,167.000000,0.800000,-77,134,0
13,signal_10.csv,13,268,-87.000000,168.000000,0.800000,-77,134,0
14,signal_10.csv,14,269,-86.000000,169.000000,0.800000,-77,134,0
15,signal_10.csv,15,270,-85.000000,170.000000,0.800000,-77,134,0
16,signal_10.csv,16,271,-84.000000,171.000000,0.800000,-77,134,0
17,signal_10.csv,17,272,-83.000000,172.000000,0.800000,-77,134,0
18,signal_10.csv,18,273,-82.000000,173.000000,0.800000,-77,134,0
19,signal_10.csv,19,274,-81.000000,174.000000,0.800000,-77,134,0
20,signal_10.csv,20,275,-80.000000,175.000000,0.800000,-77,134,0
21,signal_10.csv,21,276,-79.000000,176.000000,0.800000,-77,134,0
22,signal_10.csv,22,277,-78.000000,177.000000,0.800000,-77,134,0
23,signal_10.csv,23,278,-77.000000,178.000000,0.800000,-77,134,0
24,signal_10.csv,24,279,-76.000000,179.000000,0.800000,-77,134,0
25,signal_10.csv,25,280,-75.000000,180.000000,0.800000,-77,134,0
26,signal_10.csv,26,281,-74.000000,181.000000,0.800000,-77,134,0
27,signal_10.csv,27,282,-73.000000,182.000000,0.800000,-77,134,0
28,signal_10.csv,28,283,-72.000000,183.000000,0.800000,-77,134,0
29,signal_10.csv,29,284,-71.000000,184.000000,0.800000,-77,134,0
30,signal_10.csv,30,285,-70.000000,185.000000,0.800000,-77,134,0
31,signal_10.csv,31,286,-69.000000,186.000000,0.800000,-77,134,0
32,signal_10.csv,32,287,-68.000000,187.000000,0.800000,-77,134,0
33,signal_10.csv,33,288,-67.000000,188.000000,0.800000,-77,134,0
34,signal_10.csv,34,289,-66.000000,189.000000,0.800000,-77,134,0
35,signal_10.csv,35,290,-65.000000,190.000000,0.800000,-77,134,0
36,signal_10.csv,36,291,-64.000000,191.000000,0.800000,-77,134,0
37,signal_10.csv,37,292,-63.000000,192.000000,0.800000,-77,134,0
38,signal_10.csv,38,293,-62.000000,193.000000,0.800000,-77,134,0
39,signal_10.csv,39,294,-61.000000,194.000000,0.800000,-77,134,0
40,signal_10.csv,40,295,-60.000000,195.000000,0.800000,-77,134,0
41,signal_10.csv,41,296,-59.000000,196.000000,0.800000,-77,134,0
42,signal_10.csv,42,297,-58.000000,197.000000,0.800000,-77,134,0
43,signal_10.csv,43,298,-57.000000,198.000000,0.800000,-77,134,0
44,signal_10.csv,44,299,-56.000000,199.000000,0.800000,-77,134,0
45,signal_10.csv,45,300,-55.000000,200.000000,0.800000,-77,134,0
46,signal_10.csv,46,301,-54.000000,201.000000,0.800000,-77,134,0
47,signal_10.csv,47,302,-53.000000,202.000000,0.800000,-77,134,0
48,signal_10.csv,48,303,-52.000000,203.000000,0.800000,-77,134,0
49,signal_10.csv,49,304,-51.000000,204.000000,0.800000,-77,134,0
50,signal_10.csv,50,305,-50.000000,205.000000,0.800000,-77,134,0
51,signal_10.csv,51,306,-49.000000,206.000000,0.800000,-77,134,0
52,signal_10.csv,52,307,-48.000000,207.000000,0.800000,-77,134,0
53,signal_10.csv,53,308,-47.000000,208.000000,0.800000,-77,134,0
54,signal_10.csv,54,309,-46.000000,209.000000,0.800000,-77,134,0
55,signal_10.csv,55,310,-45.000000,210.000000,0.800000,-77,134,0
56,signal_10.csv,56,311,-44.000000,211.000000,0.800000,-77,134,0
57,signal_10.csv,57,312,-43.000000,212.000000,0.800000,-77,134,0
58,signal_10.csv,58,313,-42.000000,213.000000,0.800000,-77,134,0
59,signal_10.csv,59,314,-41.000000,214.000000,0.800000,-77,134,0
60,signal_10.csv,60,315,-40.000000,215.000000,0.800000,-77,134,0
61,signal_10.csv,61,316,-39.000000,216.000000,0.800000,-77,134,0
62,signal_10.csv,62,317,-38.000000,217.000000,0.800000,-77,134,0
63,signal_10.csv,63,318,-37.000000,218.000000,0.800000,-77,134,0
64,signal_10.csv,64,319,-36.000000,219.000000,0.800000,-77,134,0
65,signal_10.csv,65,320,-35.000000,220.000000,0.800000,-77,134,0
66,signal_10.csv,66,321,-34.000000,221.000000,0.800000,-77,134,0
67,signal_10.csv,67,322,-33.000000,222.000000,0.800000,-77,134,0
68,signal_10.csv,68,323,-32.000000,223.000000,0.800000,-77,134,0
69,signal_10.csv,69,324,-31.000000,224.000000,0.800000,-77,134,0
70,signal_10.csv,70,325,-30.000000,225.000000,0.800000,-77,134,0
71,signal_10.csv,71,326,-29.000000,226.000000,0.800000,-77,134,0
72,signal_10.csv,72,327,-28.000000,227.000000,0.800000,-77,134,0
73,signal_10.csv,73,328,-27.000000,228.000000,0.800000,-77,134,0
74,signal_10.csv,74,329,-26.000000,229.000000,0.800000,-77,134,0
75,signal_10.csv,75,330,-25.000000,230.000000,0.800000,-77,134,0
76,signal_10.csv,76,331,-24.000000,231.000000,0.800000,-77,134,0
77,signal_10.csv,77,332,-23.000000,232.000000,0.800000,-77,134,0
78,signal_10.csv,78,333,-22.000000,233.000000,0.800000,-77,134,0
79,signal_10.csv,79,334,-21.000000,234.000000,0.800000,-77,134,0
80,signal_10.csv,80,335,-20.000000,235.000000,0.800000,-77,134,0
81,signal_10.csv,81,336,-19.000000,236.000000,0.800000,-77,134,0
82,signal_10.csv,82,337,-18.000000,237.000000,0.800000,-77,134,0
83,signal_10.csv,83,338,-17.000000,238.000000,0.800000,-77,134,0
84,signal_10.csv,84,339,-16.000000,239.000000,0.800000,-77,134,0
85,signal_10.csv,85,340,-15.000000,240.000000,0.800000,-77,134,0
86,signal_10.csv,86,341,-14.000000,241.000000,0.800000,-77,134,0
87,signal_10.csv,87,342,-13.000000,242.000000,0.800000,-77,134,0
88,signal_10.csv,88,343,-12.000000,243.000000,0.800000,-77,134,0
89,signal_10.csv,89,344,-11.000000,244.000000,0.800000,-77,134,0
90,signal_10.csv,90,345,-10.000000,245.000000,0.800000,-77,134,0
91,signal_10.csv,91,346,-9.000000,246.000000,0.800000,-77,134,0
92,signal_10.csv,92,347,-8.000000,247.000000,0.800000,-77,134,0
93,signal_10.csv,93,348,-7.000000,248.000000,0.800000,-77,134,0
94,signal_10.csv,94,349,-6.000000,249.000000,0.800000,-77,134,0
95,signal_10.csv,95,350,-5.000000,250.000000,0.800000,-77,134,0
96,signal_10.csv,96,351,-4.000000,251.000000,0.800000,-77,134,0
97,signal_10.csv,97,352,-3.000000,252.000000,0.800000,-77,134,0
98,signal_10.csv,98,353,-2.000000,253.000000,0.800000,-77,134,0
99,signal_10.csv,99,354,-1.000000,254.000000,0.800000,-77,134,0
100,signal_10.csv,100,355,-0.000000,255.000000,0.800000,-77,134,0
101,signal_10.csv,101,356,1.000000,256.000000,0.800000,-77,134,0
102,signal_10.csv,102,357,2.000000,257.000000,0.800000,-77,134,0
103,signal_10.csv,103,358,3.000000,258.000000,0.800000,-77,134,0
104,signal_10.csv,104,359,4.000000,259.000000,0.800000,-77,134,0
105,signal_10.csv,105,360,5.000000,260.000000,0.800000,-77,134,0
106,signal_10.csv,106,361,6.000000,261.000000,0.800000,-77,134,0
107,signal_10.csv,107,362,7.000000,262.000000,0.800000,-77,134,0
108,signal_10.csv,108,363,8.000000,263.000000,0.800000,-77,134,0
109,signal_10.csv,109,364,9.000000,264.000000,0.800000,-77,134,0
110,signal_10.csv,110,365,10.000000,265.000000,0.800000,-77,134,0
111,signal_10.csv,111,366,11.000000,266.000000,0.800000,-77,134,0
112,signal_10.csv,112,367,12.000000,267.000000,0.800000,-77,134,0
113,signal_10.csv,113,368,13.000000,268.000000,0.800000,-77,134,0
114,signal_10.csv,114,369,14.000000,269.000000,0.800000,-77,134,0
115,signal_10.csv,115,370,15.000000,270.000000,0.800000,-77,134,0
116,signal_10.csv,116,371,16.000000,271.000000,0.800000,-77,134,0
117,signal_10.csv,117,372,17.000000,272.000000,0.800000,-77,134,0
118,signal_10.csv,118,373,18.000000,273.000000,0.800000,-77,134,0
119,signal_10.csv,119,374,19.000000,274.000000,0.800000,-77,134,0
120,signal_10.csv,120,375,20.000000,275.000000,0.800000,-77,134,0
121,signal_10.csv,121,376,21.000000,276.000000,0.800000,-77,134,0
122,signal_10.csv,122,377,22.000000,277.000000,0.800000,-77,134,0
123,signal_10.csv,123,378,23.000000,278.000000,0.800000,-77,134,0
124,signal_10.csv,124,379,24.000000,279.000000,0.800000,-77,134,0
125,signal_10.csv,125,380,25.000000,280.000000,0.800000,-77,134,0
126,signal_10.csv,126,381,26.000000,281.000000,0.800000,-77,134,0
127,signal_10.csv,127,382,27.000000,282.000000,0.800000,-77,134,0
128,signal_10.csv,128,383,28.000000,283.000000,0.800000,-77,134,0
129,signal_10.csv,129,384,29.000000,284.000000,0.800000,-77,134,0
130,signal_10.csv,130,385,30.000000,285.000000,0.800000,-77,134,0
131,signal_10.csv,131,386,31.000000,286.000000,0.800000,-77,134,0
132,signal_10.csv,132,387,32.000000,287.000000,0.800000,-77,134,0
133,signal_10.csv,133,388,33.000000,288.000000,0.800000,-77,134,0
134,signal_10.csv,134,389,34.000000,289.000000,0.800000,-77,134,0
135,signal_10.csv,135,390,35.000000,290.000000,0.800000,-77,134,0
136,signal_10.csv,136,391,36.000000,291.000000,0.800000,-77,134,0
137,signal_10.csv,137,392,37.000000,292.000000,0.800000,-77,134,0
138,signal_10.csv,138,393,38.000000,293.000000,0.800000,-77,134,0
139,signal_10.csv,139,394,39.000000,294.000000,0.800000,-77,134,0
140,signal_10.csv,140,395,40.000000,295.000000,0.800000,-77,134,0
141,signal_10.csv,141,396,41.000000,296.000000,0.800000,-77,134,0
142,signal_10.csv,142,397,42.000000,297.000000,0.800000,-77,134,0
143,signal_10.csv,143,398,43.000000,298.000000,0.800000,-62,134,0
144,signal_10.csv,144,399,44.000000,299.000000,0.800000,-62,134,0
145,signal_10.csv,145,400,45.000000,300.000000,0.800000,-62,134,0
146,signal_10.csv,146,401,46.000000,301.000000,0.800000,-62,112,0
147,signal_10.csv,147,402,47.000000,302.000000,0.800000,-62,96,0
148,signal_10.csv,148,403,48.000000,303.000000,0.800000,-62,96,0
149,signal_10.csv,149,404,49.000000,304.000000,0.800000,-62,96,0
150,signal_10.csv,150,405,50.000000,305.000000,0.800000,-58,96,0
151,signal_10.csv,151,406,51.000000,306.000000,0.800000,-35,96,0
152,signal_10.csv,152,407,52.000000,307.000000,0.800000,-34,96,0
153,signal_10.csv,153,408,53.000000,308.000000,0.800000,-34,96,0
154,signal_10.csv,154,409,54.000000,309.000000,0.800000,-34,96,0
155,signal_10.csv,155,410,55.000000,310.000000,0.800000,-34,96,0
156,signal_10.csv,156,411,56.000000,311.000000,0.800000,-34,93,0
157,signal_10.csv,157,412,57.000000,312.000000,0.800000,-34,69,0
158,signal_10.csv,158,413,58.000000,313.000000,0.800000,-34,69,0
159,signal_10.csv,159,414,59.000000,314.000000,0.800000,-34,69,0
160,signal_10.csv,160,415,60.000000,315.000000,0.800000,-34,69,0
161,signal_10.csv,161,416,61.000000,316.000000,0.800000,-34,69,0
162,signal_10.csv,162,417,62.000000,317.000000,0.800000,-34,69,0
163,signal_10.csv,163,418,63.000000,318.000000,0.800000,-16,69,0
164,signal_10.csv,164,419,64.000000,319.000000,0.800000,-16,69,0
165,signal_10.csv,165,420,65.000000,320.000000,0.800000,-16,69,0
166,signal_10.csv,166,421,66.000000,321.000000,0.800000,-16,69,0
167,signal_10.csv,167,422,67.000000,322.000000,0.800000,-16,56,0
168,signal_10.csv,168,423,68.000000,323.000000,0.800000,-16,56,0
169,signal_10.csv,169,424,69.000000,324.000000,0.800000,-16,56,0
170,signal_10.csv,170,425,70.000000,325.000000,0.800000,-16,56,0
171,signal_10.csv,171,426,71.000000,326.000000,0.800000,-16,56,0
172,signal_10.csv,172,427,72.000000,327.000000,0.800000,-16,56,0
173,signal_10.csv,173,428,73.000000,328.000000,0.800000,-16,56,0
174,signal_10.csv,174,429,74.000000,329.000000,0.800000,-16,56,0
175,signal_10.csv,175,430,75.000000,330.000000,0.800000,-16,56,0
176,signal_10.csv,176,431,76.000000,331.000000,0.800000,-16,56,0
177,signal_10.csv,177,432,77.000000,332.000000,0.800000,-16,56,0
178,signal_10.csv,178,433,78.000000,333.000000,0.800000,-16,56,0
179,signal_10.csv,179,434,79.000000,334.000000,0.800000,-16,56,0
180,signal_10.csv,180,435,80.000000,335.000000,0.800000,-16,56,0
181,signal_10.csv,181,436,81.000000,336.000000,0.800000,-16,56,0
182,signal_10.csv,182,437,82.000000,337.000000,0.800000,-16,56,0
183,signal_10.csv,183,438,83.000000,338.000000,0.800000,-16,56,0
184,signal_10.csv,184,439,84.000000,339.000000,0.800000,-16,56,0
185,signal_10.csv,185,440,85.000000,340.000000,0.800000,-16,56,0
186,signal_10.csv,186,441,86.000000,341.000000,0.800000,-16,56,0
187,signal_10.csv,187,442,87.000000,342.000000,0.800000,-16,56,0
188,signal_10.csv,188,443,88.000000,343.000000,0.800000,-16,56,0
189,signal_10.csv,189,444,89.000000,344.000000,0.800000,-16,56,0
190,signal_10.csv,190,445,90.000000,345.000000,0.800000,-16,56,0
191,signal_10.csv,191,446,91.000000,346.000000,0.800000,-16,56,0
192,signal_10.csv,192,447,92.000000,347.000000,0.800000,-16,56,0
193,signal_10.csv,193,448,93.000000,348.000000,0.800000,-16,56,0
194,signal_10.csv,194,449,94.000000,349.000000,0.800000,-16,56,0
195,signal_10.csv,195,450,95.000000,350.000000,0.800000,-16,56,0
196,signal_10.csv,196,451,96.000000,351.000000,0.800000,-16,56,0
197,signal_10.csv,197,452,97.000000,352.000000,0.800000,-16,56,0
198,signal_10.csv,198,453,98.000000,353.000000,0.800000,-16,56,0
199,signal_10.csv,199,454,99.000000,354.000000,0.800000,-16,56,0
200,signal_10.csv,200,455,100.000000,355.000000,0.800000,-16,56,0
201,signal_10.csv,201,456,101.000000,356.000000,0.800000,-16,56,0
202,signal_10.csv,202,457,102.000000,357.000000,0.800000,-16,56,0
203,signal_10.csv,203,458,103.000000,358.000000,0.800000,-16,56,0
204,signal_10.csv,204,459,104.000000,359.000000,0.800000,-16,56,0
205,signal_10.csv,205,460,105.000000,360.000000,0.800000,-16,56,0
206,signal_10.csv,206,461,106.000000,361.000000,0.800000,-16,56,0
207,signal_10.csv,207,462,107.000000,362.000000,0.800000,-16,56,0
208,signal_10.csv,208,463,108.000000,363.000000,0.800000,-16,56,0
209,signal_10.csv,209,464,109.000000,364.000000,0.800000,-16,56,0
210,signal_10.csv,210,465,110.000000,365.000000,0.800000,-16,56,0
211,signal_10.csv,211,466,111.000000,366.000000,0.800000,-16,56,0
212,signal_10.csv,212,467,112.000000,367.000000,0.800000,-16,56,0
213,signal_10.csv,213,468,113.000000,368.000000,0.800000,-16,56,0
214,signal_10.csv,214,469,114.000000,369.000000,0.800000,-16,56,0
215,signal_10.csv,215,470,115.000000,370.000000,0.800000,-16,56,0
216,signal_10.csv,216,471,116.000000,371.000000,0.800000,-16,56,0
217,signal_10.csv,217,472,117.000000,372.000000,0.800000,-16,56,0
218,signal_10.csv,218,473,118.000000,373.000000,0.800000,-16,56,0
219,signal_10.csv,219,474,119.000000,374.000000,0.800000,-16,56,0
220,signal_10.csv,220,475,120.000000,375.000000,0.800000,-16,56,0
221,signal_10.csv,221,476,121.000000,376.000000,0.800000,-16,56,0
222,signal_10.csv,222,477,122.000000,377.000000,0.800000,-16,56,0
223,signal_10.csv,223,478,123.000000,378.000000,0.800000,-16,56,0
224,signal_10.csv,224,479,124.000000,379.000000,0.800000,-16,56,0
225,signal_10.csv,225,480,125.000000,380.000000,0.800000,-16,56,0
226,signal_10.csv,226,481,126.000000,381.000000,0.800000,-16,56,0
227,signal_10.csv,227,482,127.000000,382.000000,0.800000,-16,56,0
228,signal_10.csv,228,483,128.000000,383.000000,0.800000,-16,56,0
229,signal_10.csv,229,484,129.000000,384.000000,0.800000,-16,56,0
230,signal_10.csv,230,485,130.000000,385.000000,0.800000,-16,56,0
231,signal_10.csv,231,486,131.000000,386.000000,0.800000,-16,56,0
232,signal_10.csv,232,487,132.000000,387.000000,0.800000,-16,56,0
233,signal_10.csv,233,488,133.000000,388.000000,0.800000,-16,56,0
234,signal_10.csv,234,489,134.000000,389.000000,0.800000,-16,56,0
235,signal_10.csv,235,490,135.000000,390.000000,0.800000,-16,56,0
236,signal_10.csv,236,491,136.000000,391.000000,0.800000,-16,56,0
237,signal_10.csv,237,492,137.000000,392.000000,0.800000,-16,56,0
238,signal_10.csv,238,493,138.000000,393.000000,0.800000,-16,56,0
239,signal_10.csv,239,494,139.000000,394.000000,0.800000,-16,56,0
240,signal_10.csv,240,495,140.000000,395.000000,0.800000,-16,56,0
241,signal_10.csv,241,496,141.000000,396.000000,0.800000,-16,56,0
242,signal_10.csv,242,497,142.000000,397.000000,0.800000,-16,56,0
243,signal_10.csv,243,498,143.000000,398.000000,0.800000,-16,56,0
244,signal_10.csv,244,499,144.000000,399.000000,0.800000,-16,56,0
245,signal_10.csv,245,500,145.000000,400.000000,0.800000,-16,56,0
246,signal_10.csv,246,501,146.000000,401.000000,0.800000,-16,56,0
247,signal_10.csv,247,502,147.000000,402.000000,0.800000,-16,56,0
248,signal_10.csv,248,503,148.000000,403.000000,0.800000,-16,56,0
249,signal_10.csv,249,504,149.000000,404.000000,0.800000,-16,56,0
250,signal_10.csv,250,505,150.000000,405.000000,0.800000,-16,56,0
251,signal_10.csv,251,506,151.000000,406.000000,0.800000,-16,56,0
252,signal_10.csv,252,507,152.000000,407.000000,0.800000,-16,56,0
253,signal_10.csv,253,508,153.000000,408.000000,0.800000,-16,56,0
254,signal_10.csv,254,509,154.000000,409.000000,0.800000,-16,56,0
255,signal_10.csv,255,510,155.000000,410.000000,0.800000,-16,56,0
256,signal_10.csv,256,511,156.000000,411.000000,0.800000,-16,56,0
257,signal_10.csv,257,512,157.000000,412.000000,0.800000,-16,56,0
258,signal_10.csv,258,513,158.000000,413.000000,0.800000,-16,56,0
259,signal_10.csv,259,514,159.000000,414.000000,0.800000,-16,56,0
260,signal_10.csv,260,515,160.000000,415.000000,0.800000,-16,56,0
261,signal_10.csv,261,516,161.000000,416.000000,0.800000,-16,56,0
262,signal_10.csv,262,517,162.000000,417.000000,0.800000,-16,56,0
263,signal_10.csv,263,518,163.000000,418.000000,0.800000,-16,56,0
264,signal_10.csv,264,519,164.000000,419.000000,0.800000,-16,56,0
265,signal_10.csv,265,520,165.000000,420.000000,0.800000,-16,56,0
266,signal_10.csv,266,521,166.000000,421.000000,0.800000,-16,56,0
267,signal_10.csv,267,522,167.000000,422.000000,0.800000,-16,56,0
268,signal_10.csv,268,523,168.000000,423.000000,0.800000,-16,56,0
269,signal_10.csv,269,524,169.000000,424.000000,0.800000,-16,56,0
270,signal_10.csv,270,525,170.000000,425.000000,0.800000,-16,56,0
271,signal_10.csv,271,526,171.000000,426.000000,0.800000,-16,56,0
272,signal_10.csv,272,527,172.000000,427.000000,0.800000,-16,56,0
273,signal_10.csv,273,528,173.000000,428.000000,0.800000,-16,56,0
274,signal_10.csv,274,529,174.000000,429.000000,0.800000,-16,56,0
275,signal_10.csv,275,530,175.000000,430.000000,0.800000,-16,56,0
276,signal_10.csv,276,531,176.000000,431.000000,0.800000,-16,56,0
277,signal_10.csv,277,532,177.000000,432.000000,0.800000,-16,56,0
278,signal_10.csv,278,533,178.000000,433.000000,0.800000,-16,56,0
279,signal_10.csv,279,534,179.000000,434.000000,0.800000,-16,56,0
280,signal_10.csv,280,535,180.000000,435.000000,0.800000,-16,56,0
281,signal_10.csv,281,536,181.000000,436.000000,0.800000,-16,56,0
282,signal_10.csv,282,537,182.000000,437.000000,0.800000,-16,56,0
283,signal_10.csv,283,538,183.000000,438.000000,0.800000,-16,56,0
284,signal_10.csv,284,539,184.000000,439.000000,0.800000,-16,56,0
285,signal_10.csv,285,540,185.000000,440.000000,0.800000,-16,56,0
286,signal_10.csv,286,541,186.000000,441.000000,0.800000,-16,56,0
287,signal_10.csv,287,542,187.000000,442.000000,0.800000,-16,56,0
288,signal_10.csv,288,543,188.000000,443.000000,0.800000,-16,56,0
289,signal_10.csv,289,544,189.000000,444.000000,0.800000,-16,56,0
290,signal_10.csv,290,545,190.000000,445.000000,0.800000,-16,56,0
291,signal_10.csv,291,546,191.000000,446.000000,0.800000,-16,56,0
292,signal_10.csv,292,547,192.000000,447.000000,0.800000,-16,56,0
293,signal_10.csv,293,548,193.000000,448.000000,0.800000,-16,56,0
294,signal_10.csv,294,549,194.000000,449.000000,0.800000,-16,56,0
295,signal_10.csv,295,550,195.000000,450.000000,0.800000,-16,56,0
296,signal_10.csv,296,551,196.000000,451.000000,0.800000,-16,56,0
297,signal_10.csv,297,552,197.000000,452.000000,0.800000,-16,56,0
298,signal_10.csv,298,553,198.000000,453.000000,0.800000,-16,56,0
299,signal_10.csv,299,554,199.000000,454.000000,0.800000,-16,56,0
300,signal_10.csv,300,555,200.000000,455.000000,0.800000,-16,56,0
301,signal_10.csv,301,556,201.000000,456.000000,0.800000,-16,56,0
302,signal_10.csv,302,557,202.000000,457.000000,0.800000,-16,56,0
303,signal_10.csv,303,558,203.000000,458.000000,0.800000,-16,56,0
304,signal_10.csv,304,559,204.000000,459.000000,0.800000,-16,56,0
305,signal_10.csv,305,560,205.000000,460.000000,0.800000,-16,56,0
306,signal_10.csv,306,561,206.000000,461.000000,0.800000,-16,56,0
307,signal_10.csv,307,562,207.000000,462.000000,0.800000,-16,56,0
308,signal_10.csv,308,563,208.000000,463.000000,0.800000,-16,56,0
309,signal_10.csv,309,564,209.000000,464.000000,0.800000,-16,56,0
310,signal_10.csv,310,565,210.000000,465.000000,0.800000,-16,56,0
311,signal_10.csv,311,566,211.000000,466.000000,0.800000,-16,56,0
312,signal_10.csv,312,567,212.000000,467.000000,0.800000,-16,56,0
313,signal_10.csv,313,568,213.000000,468.000000,0.800000,-16,56,0
314,signal_10.csv,314,569,214.000000,469.000000,0.800000,-16,56,0
315,signal_10.csv,315,570,215.000000,470.000000,0.800000,-16,56,0
316,signal_10.csv,316,571,216.000000,471.000000,0.800000,-16,56,0
317,signal_10.csv,317,572,217.000000,472.000000,0.800000,-16,56,0
318,signal_10.csv,318,573,218.000000,473.000000,0.800000,-16,56,0
319,signal_10.csv,319,574,219.000000,474.000000,0.800000,-16,56,0
320,signal_10.csv,320,575,220.000000,475.000000,0.800000,-16,56,0
321,signal_10.csv,321,576,221.000000,476.000000,0.800000,-16,56,0
322,signal_10.csv,322,577,222.000000,477.000000,0.800000,-16,56,0
323,signal_10.csv,323,578,223.000000,478.000000,0.800000,-16,56,0
324,signal_10.csv,324,579,224.000000,479.000000,0.800000,-16,56,0
325,signal_10.csv,325,580,225.000000,480.000000,0.800000,-16,56,0
326,signal_10.csv,326,581,226.000000,481.000000,0.800000,-16,56,0
327,signal_10.csv,327,582,227.000000,482.000000,0.800000,-16,56,0
328,signal_10.csv,328,583,228.000000,483.000000,0.800000,-16,56,0
329,signal_10.csv,329,584,229.000000,484.000000,0.800000,-16,56,0
330,signal_10.csv,330,585,230.000000,485.000000,0.800000,-16,56,0
331,signal_10.csv,331,586,231.000000,486.000000,0.800000,-16,56,0
332,signal_10.csv,332,587,232.000000,487.000000,0.800000,-16,56,0
333,signal_10.csv,333,588,233.000000,488.000000,0.800000,-16,56,0
334,signal_10.csv,334,589,234.000000,489.000000,0.800000,-16,56,0
335,signal_10.csv,335,590,235.000000,490.000000,0.800000,-16,56,0
336,signal_10.csv,336,591,236.000000,491.000000,0.800000,-16,56,0
337,signal_10.csv,337,592,237.000000,492.000000,0.800000,-16,56,0
338,signal_10.csv,338,593,238.000000,493.000000,0.800000,-16,56,0
339,signal_10.csv,339,594,239.000000,494.000000,0.800000,-16,56,0
340,signal_10.csv,340,595,240.000000,495.000000,0.800000,-16,56,0
341,signal_10.csv,341,596,241.000000,496.000000,0.800000,-16,56,0
342,signal_10.csv,342,597,242.000000,497.000000,0.800000,-16,56,0
343,signal_10.csv,343,598,243.000000,498.000000,0.800000,-16,56,0
344,signal_10.csv,344,599,244.000000,499.000000,0.800000,-16,56,0
345,signal_10.csv,345,600,245.000000,500.000000,0.800000,-16,56,0
346,signal_10.csv,346,601,246.000000,501.000000,0.800000,-16,56,0
347,signal_10.csv,347,602,247.000000,502.000000,0.800000,-16,56,0
348,signal_10.csv,348,603,248.000000,503.000000,0.800000,-16,56,0
349,signal_10.csv,349,604,249.000000,504.000000,0.800000,-16,56,0
350,signal_10.csv,350,605,250.000000,505.000000,0.800000,-16,56,0
351,signal_10.csv,351,606,251.000000,506.000000,0.800000,-16,56,0
352,signal_10.csv,352,607,252.000000,507.000000,0.800000,-16,56,0
353,signal_10.csv,353,608,253.000000,508.000000,0.800000,-16,56,0
354,signal_10.csv,354,609,254.000000,509.000000,0.800000,-16,56,0
355,signal_10.csv,355,610,255.000000,510.000000,0.800000,-16,56,0
356,signal_10.csv,356,611,256.000000,511.000000,0.800000,-16,56,0
357,signal_10.csv,357,612,257.000000,512.000000,0.800000,-16,56,0
358,signal_10.csv,358,613,258.000000,513.000000,0.800000,-16,56,0
359,signal_10.csv,359,614,259.000000,514.000000,0.800000,-16,56,0
360,signal_10.csv,360,615,260.000000,515.000000,0.800000,-16,56,0
361,signal_10.csv,361,616,261.000000,516.000000,0.800000,-16,56,0
362,signal_10.csv,362,617,262.000000,517.000000,0.800000,-16,56,0
363,signal_10.csv,363,618,263.000000,518.000000,0.800000,-16,56,0
364,signal_10.csv,364,619,264.000000,519.000000,0.800000,-16,56,0
365,signal_10.csv,365,620,265.000000,520.000000,0.800000,-16,56,0
366,signal_10.csv,366,621,266.000000,521.000000,0.800000,-14,56,0
367,signal_10.csv,367,622,267.000000,522.000000,0.800000,-14,56,0
368,signal_10.csv,368,623,268.000000,523.000000,0.800000,-14,56,0
369,signal_10.csv,369,624,269.000000,524.000000,0.800000,-14,56,0
370,signal_10.csv,370,625,270.000000,525.000000,0.800000,-14,56,0
371,signal_10.csv,371,626,271.000000,526.000000,0.800000,-14,56,0
372,signal_10.csv,372,627,272.000000,527.000000,0.800000,-14,56,0
373,signal_10.csv,373,628,273.000000,528.000000,0.800000,-14,56,0
374,signal_10.csv,374,629,274.000000,529.000000,0.800000,-14,56,0
375,signal_10.csv,375,630,275.000000,530.000000,0.800000,-14,56,0
376,signal_10.csv,376,631,276.000000,531.000000,0.800000,-14,56,0
377,signal_10.csv,377,632,277.000000,532.000000,0.800000,-14,56,0
378,signal_10.csv,378,633,278.000000,533.000000,0.800000,-14,56,0
379,signal_10.csv,379,634,279.000000,534.000000,0.800000,-14,56,0
380,signal_10.csv,380,635,280.000000,535.000000,0.800000,-14,56,0
381,signal_10.csv,381,636,281.000000,536.000000,0.800000,-14,56,0
382,signal_10.csv,382,637,282.000000,537.000000,0.800000,-14,56,0
383,signal_10.csv,383,638,283.000000,538.000000,0.800000,-14,56,0
384,signal_10.csv,384,639,284.000000,539.000000,0.800000,-14,56,0
385,signal_10.csv,385,640,285.000000,540.000000,0.800000,-14,56,0
386,signal_10.csv,386,641,286.000000,541.000000,0.800000,-14,56,0
387,signal_10.csv,387,642,287.000000,542.000000,0.800000,-14,56,0
388,signal_10.csv,388,643,288.000000,543.000000,0.800000,-14,56,0
389,signal_10.csv,389,644,289.000000,544.000000,0.800000,-14,56,0
390,signal_10.csv,390,645,290.000000,545.000000,0.800000,-14,56,0
391,signal_10.csv,391,646,291.000000,546.000000,0.800000,-14,56,0
392,signal_10.csv,392,647,292.000000,547.000000,0.800000,-14,56,0
393,signal_10.csv,393,648,293.000000,548.000000,0.800000,-14,56,0
394,signal_10.csv,394,649,294.000000,549.000000,0.800000,-14,56,0
395,signal_10.csv,395,650,295.000000,550.000000,0.800000,-14,56,0
396,signal_10.csv,396,651,296.000000,551.000000,0.800000,-14,56,0
397,signal_10.csv,397,652,297.000000,552.000000,0.800000,-14,56,0
398,signal_10.csv,398,653,298.000000,553.000000,0.800000,-14,56,0
399,signal_10.csv,399,654,299.000000,554.000000,0.800000,-14,56,0
400,signal_10.csv,400,655,300.000000,555.000000,0.800000,-14,56,0
401,signal_10.csv,401,656,301.000000,556.000000,0.800000,-14,53,0
402,signal_10.csv,402,657,302.000000,557.000000,0.800000,-14,53,0
403,signal_10.csv,403,658,303.000000,558.000000,0.800000,-14,53,0
404,signal_10.csv,404,659,304.000000,559.000000,0.800000,-14,53,0
405,signal_10.csv,405,660,305.000000,560.000000,0.800000,-14,53,0
406,signal_10.csv,406,661,306.000000,561.000000,0.800000,-14,53,0
407,signal_10.csv,407,662,307.000000,562.000000,0.800000,-14,53,0
408,signal_10.csv,408,663,308.000000,563.000000,0.800000,-14,53,0
409,signal_10.csv,409,664,309.000000,564.000000,0.800000,-14,53,0
410,signal_10.csv,410,665,310.000000,565.000000,0.800000,-14,53,0
411,signal_10.csv,411,666,311.000000,566.000000,0.800000,-14,53,0
412,signal_10.csv,412,667,312.000000,567.000000,0.800000,-14,53,0
413,signal_10.csv,413,668,313.000000,568.000000,0.800000,-14,53,0
414,signal_10.csv,414,669,314.000000,569.000000,0.800000,-14,53,0
415,signal_10.csv,415,670,315.000000,570.000000,0.800000,-14,53,0
416,signal_10.csv,416,671,316.000000,571.000000,0.800000,-14,53,0
417,signal_10.csv,417,672,317.000000,572.000000,0.800000,-14,53,0
418,signal_10.csv,418,673,318.000000,573.000000,0.800000,-14,53,0
419,signal_10.csv,419,674,319.000000,574.000000,0.800000,-14,53,0
420,signal_10.csv,420,675,320.000000,575.000000,0.800000,-14,53,0
421,signal_10.csv,421,676,321.000000,576.000000,0.800000,-14,53,0
422,signal_10.csv,422,677,322.000000,577.000000,0.800000,-14,53,0
423,signal_10.csv,423,678,323.000000,578.000000,0.800000,-14,53,0
424,signal_10.csv,424,679,324.000000,579.000000,0.800000,-14,53,0
425,signal_10.csv,425,680,325.000000,580.000000,0.800000,-14,53,0
426,signal_10.csv,426,681,326.000000,581.000000,0.800000,-14,53,0
427,signal_10.csv,427,682,327.000000,582.000000,0.800000,-14,53,0
428,signal_10.csv,428,683,328.000000,583.000000,0.800000,-14,53,0
429,signal_10.csv,429,684,329.000000,584.000000,0.800000,-14,53,0
430,signal_10.csv,430,685,330.000000,585.000000,0.800000,-14,53,0
431,signal_10.csv,431,686,331.000000,586.000000,0.800000,-14,53,0
432,signal_10.csv,432,687,332.000000,587.000000,0.800000,-14,53,0
433,signal_10.csv,433,688,333.000000,588.000000,0.800000,-14,53,0
434,signal_10.csv,434,689,334.000000,589.000000,0.800000,-14,53,0
435,signal_10.csv,435,690,335.000000,590.000000,0.800000,-14,53,0
436,signal_10.csv,436,691,336.000000,591.000000,0.800000,-14,53,0
437,signal_10.csv,437,692,337.000000,592.000000,0.800000,-14,53,0
438,signal_10.csv,438,693,338.000000,593.000000,0.800000,-14,53,0
439,signal_10.csv,439,694,339.000000,594.000000,0.800000,-14,53,0
440,signal_10.csv,440,695,340.000000,595.000000,0.800000,-14,53,0
441,signal_10.csv,441,696,341.000000,596.000000,0.800000,-14,53,0
442,signal_10.csv,442,697,342.000000,597.000000,0.800000,-14,53,0
443,signal_10.csv,443,698,343.000000,598.000000,0.800000,-14,53,0
444,signal_10.csv,444,699,344.000000,599.000000,0.800000,-14,53,0
445,signal_10.csv,445,700,345.000000,600.000000,0.800000,-14,53,0
446,signal_10.csv,446,701,346.000000,601.000000,0.800000,-14,53,0
447,signal_10.csv,447,702,347.000000,602.000000,0.800000,-14,53,0
448,signal_10.csv,448,703,348.000000,603.000000,0.800000,-14,53,0
449,signal_10.csv,449,704,349.000000,604.000000,0.800000,-14,53,0
450,signal_10.csv,450,705,350.000000,605.000000,0.800000,-14,53,0
451,signal_10.csv,451,706,351.000000,606.000000,0.800000,-14,53,0
452,signal_10.csv,452,707,352.000000,607.000000,0.800000,-14,53,0
453,signal_10.csv,453,708,353.000000,608.000000,0.800000,-14,53,0
454,signal_10.csv,454,709,354.000000,609.000000,0.800000,-14,53,0
455,signal_10.csv,455,710,355.000000,610.000000,0.800000,-14,53,0
456,signal_10.csv,456,711,356.000000,611.000000,0.800000,-14,53,0
457,signal_10.csv,457,712,357.000000,612.000000,0.800000,-14,53,0
458,signal_10.csv,458,713,358.000000,613.000000,0.800000,-14,53,0
459,signal_10.csv,459,714,359.000000,614.000000,0.800000,-14,53,0
460,signal_10.csv,460,715,360.000000,615.000000,0.800000,-14,53,0
461,signal_10.csv,461,716,361.000000,616.000000,0.800000,-14,53,0
462,signal_10.csv,462,717,362.000000,617.000000,0.800000,-14,53,0
463,signal_10.csv,463,718,363.000000,618.000000,0.800000,-16,53,0
464,signal_10.csv,464,719,364.000000,619.000000,0.800000,-16,53,0
465,signal_10.csv,465,720,365.000000,620.000000,0.800000,-16,53,0
466,signal_10.csv,466,721,366.000000,621.000000,0.800000,-16,53,0
467,signal_10.csv,467,722,367.000000,622.000000,0.800000,-16,53,0
468,signal_10.csv,468,723,368.000000,623.000000,0.800000,-16,53,0
469,signal_10.csv,469,724,369.000000,624.000000,0.800000,-16,53,0
470,signal_10.csv,470,725,370.000000,625.000000,0.800000,-16,53,0
471,signal_10.csv,471,726,371.000000,626.000000,0.800000,-16,53,0
472,signal_10.csv,472,727,372.000000,627.000000,0.800000,-16,53,0
473,signal_10.csv,473,728,373.000000,628.000000,0.800000,-16,53,0
474,signal_10.csv,474,729,374.000000,629.000000,0.800000,-16,53,0
475,signal_10.csv,475,730,375.000000,630.000000,0.800000,-16,53,0
476,signal_10.csv,476,731,376.000000,631.000000,0.800000,-16,53,0
477,signal_10.csv,477,732,377.000000,632.000000,0.800000,-16,53,0
478,signal_10.csv,478,733,378.000000,633.000000,0.800000,-16,53,0
479,signal_10.csv,479,734,379.000000,634.000000,0.800000,-16,53,0
480,signal_10.csv,480,735,380.000000,635.000000,0.800000,-16,53,0
481,signal_10.csv,481,736,381.000000,636.000000,0.800000,-16,53,0
482,signal_10.csv,482,737,382.000000,637.000000,0.800000,-16,53,0
483,signal_10.csv,483,738,383.000000,638.000000,0.800000,-16,53,0
484,signal_10.csv,484,739,384.000000,639.000000,0.800000,-16,53,0
485,signal_10.csv,485,740,385.000000,640.000000,0.800000,-16,53,0
486,signal_10.csv,486,741,386.000000,641.000000,0.800000,-16,53,0
487,signal_10.csv,487,742,387.000000,642.000000,0.800000,-16,53,0
488,signal_10.csv,488,743,388.000000,643.000000,0.800000,-16,53,0
489,signal_10.csv,489,744,389.000000,644.000000,0.800000,-16,53,0
490,signal_10.csv,490,745,390.000000,645.000000,0.800000,-16,53,0
491,signal_10.csv,491,746,391.000000,646.000000,0.800000,-16,53,0
492,signal_10.csv,492,747,392.000000,647.000000,0.800000,-16,53,0
493,signal_10.csv,493,748,393.000000,648.000000,0.800000,-16,53,0
494,signal_10.csv,494,749,394.000000,649.000000,0.800000,-16,53,0
495,signal_10.csv,495,750,395.000000,650.000000,0.800000,-16,53,0
496,signal_10.csv,496,751,396.000000,651.000000,0.800000,-16,53,0
497,signal_10.csv,497,752,397.000000,652.000000,0.800000,-16,53,0
498,signal_10.csv,498,753,398.000000,653.000000,0.800000,-16,53,0
499,signal_10.csv,499,754,399.000000,654.000000,0.800000,-16,53,0
500,signal_10.csv,500,755,400.000000,655.000000,0.800000,-16,53,0
501,signal_10.csv,501,756,401.000000,656.000000,0.800000,-16,53,0
502,signal_10.csv,502,757,402.000000,657.000000,0.800000,-16,53,0
503,signal_10.csv,503,758,403.000000,658.000000,0.800000,-16,53,0
504,signal_10.csv,504,759,404.000000,659.000000,0.800000,-16,53,0
505,signal_10.csv,505,760,405.000000,660.000000,0.800000,-16,53,0
506,signal_10.csv,506,761,406.000000,661.000000,0.800000,-16,53,0
507,signal_10.csv,507,762,407.000000,662.000000,0.800000,-16,53,0
508,signal_10.csv,508,763,408.000000,663.000000,0.800000,-16,53,0
509,signal_10.csv,509,764,409.000000,664.000000,0.800000,-16,53,0
510,signal_10.csv,510,765,410.000000,665.000000,0.800000,-16,53,0
511,signal_10.csv,511,766,411.000000,666.000000,0.800000,-16,53,0
512,signal_10.csv,512,767,412.000000,667.000000,0.800000,-16,53,0
513,signal_10.csv,513,768,413.000000,668.000000,0.800000,-16,53,0
514,signal_10.csv,514,769,414.000000,669.000000,0.800000,-16,53,0
515,signal_10.csv,515,770,415.000000,670.000000,0.800000,-16,53,0
516,signal_10.csv,516,771,416.000000,671.000000,0.800000,-16,53,0
517,signal_10.csv,517,772,417.000000,672.000000,0.800000,-16,53,0
518,signal_10.csv,518,773,418.000000,673.000000,0.800000,-16,53,0
519,signal_10.csv,519,774,419.000000,674.000000,0.800000,-16,53,0
520,signal_10.csv,520,775,420.000000,675.000000,0.800000,-16,53,0
521,signal_10.csv,521,776,421.000000,676.000000,0.800000,-16,53,0
522,signal_10.csv,522,777,422.000000,677.000000,0.800000,-16,53,0
523,signal_10.csv,523,778,423.000000,678.000000,0.800000,-16,53,0
524,signal_10.csv,524,779,424.000000,679.000000,0.800000,-16,53,0
525,signal_10.csv,525,780,425.000000,680.000000,0.800000,-16,53,0
526,signal_10.csv,526,781,426.000000,681.000000,0.800000,-16,53,0
527,signal_10.csv,527,782,427.000000,682.000000,0.800000,-16,53,0
528,signal_10.csv,528,783,428.000000,683.000000,0.800000,-16,53,0
529,signal_10.csv,529,784,429.000000,684.000000,0.800000,-16,53,0
530,signal_10.csv,530,785,430.000000,685.000000,0.800000,-16,53,0
531,signal_10.csv,531,786,431.000000,686.000000,0.800000,-16,53,0
532,signal_10.csv,532,787,432.000000,687.000000,0.800000,-16,53,0
533,signal_10.csv,533,788,433.000000,688.000000,0.800000,-16,53,0
534,signal_10.csv,534,789,434.000000,689.000000,0.800000,-16,53,0
535,signal_10.csv,535,790,435.000000,690.000000,0.800000,-16,53,0
536,signal_10.csv,536,791,436.000000,691.000000,0.800000,-16,53,0
537,signal_10.csv,537,792,437.000000,692.000000,0.800000,-16,53,0
538,signal_10.csv,538,793,438.000000,693.000000,0.800000,-16,53,0
539,signal_10.csv,539,794,439.000000,694.000000,0.800000,-16,53,0
540,signal_10.csv,540,795,440.000000,695.000000,0.800000,-16,53,0
541,signal_10.csv,541,796,441.000000,696.000000,0.800000,-16,53,0
542,signal_10.csv,542,797,442.000000,697.000000,0.800000,-16,53,0
543,signal_10.csv,543,798,443.000000,698.000000,0.800000,-16,53,0
544,signal_10.csv,544,799,444.000000,699.000000,0.800000,-16,53,0
545,signal_10.csv,545,800,445.000000,700.000000,0.800000,-16,53,0
546,signal_10.csv,546,801,446.000000,701.000000,0.800000,-16,53,0
547,signal_10.csv,547,802,447.000000,702.000000,0.800000,-16,53,0
548,signal_10.csv,548,803,448.000000,703.000000,0.800000,-16,53,0
549,signal_10.csv,549,804,449.000000,704.000000,0.800000,-16,53,0
550,signal_10.csv,550,805,450.000000,705.000000,0.800000,-16,53,0
551,signal_10.csv,551,806,451.000000,706.000000,0.800000,-16,53,0
552,signal_10.csv,552,807,452.000000,707.000000,0.800000,-16,53,0
553,signal_10.csv,553,808,453.000000,708.000000,0.800000,-16,53,0
554,signal_10.csv,554,809,454.000000,709.000000,0.800000,-16,53,0
555,signal_10.csv,555,810,455.000000,710.000000,0.800000,-16,53,0
556,signal_10.csv,556,811,456.000000,711.000000,0.800000,-16,53,0
557,signal_10.csv,557,812,457.000000,712.000000,0.800000,-16,53,0
558,signal_10.csv,558,813,458.000000,713.000000,0.800000,-16,53,0
559,signal_10.csv,559,814,459.000000,714.000000,0.800000,-16,53,0
560,signal_10.csv,560,815,460.000000,715.000000,0.800000,-16,53,0
561,signal_10.csv,561,816,461.000000,716.000000,0.800000,-16,53,0
562,signal_10.csv,562,817,462.000000,717.000000,0.800000,-16,53,0
563,signal_10.csv,563,818,463.000000,718.000000,0.800000,-16,53,0
564,signal_10.csv,564,819,464.000000,719.000000,0.800000,-16,53,0
565,signal_10.csv,565,820,465.000000,720.000000,0.800000,-16,53,0
566,signal_10.csv,566,821,466.000000,721.000000,0.800000,-16,53,0
567,signal_10.csv,567,822,467.000000,722.000000,0.800000,-16,53,0
568,signal_10.csv,568,823,468.000000,723.000000,0.800000,-16,53,0
569,signal_10.csv,569,824,469.000000,724.000000,0.800000,-16,53,0
570,signal_10.csv,570,825,470.000000,725.000000,0.800000,-16,53,0
571,signal_10.csv,571,826,471.000000,726.000000,0.800000,-16,53,0
572,signal_10.csv,572,827,472.000000,727.000000,0.800000,-16,53,0
573,signal_10.csv,573,828,473.000000,728.000000,0.800000,-16,53,0
574,signal_10.csv,574,829,474.000000,729.000000,0.800000,-16,53,0
575,signal_10.csv,575,830,475.000000,730.000000,0.800000,-16,53,0
576,signal_10.csv,576,831,476.000000,731.000000,0.800000,-16,53,0
577,signal_10.csv,577,832,477.000000,732.000000,0.800000,-16,53,0
578,signal_10.csv,578,833,478.000000,733.000000,0.800000,-16,53,0
579,signal_10.csv,579,834,479.000000,734.000000,0.800000,-16,53,0
580,signal_10.csv,580,835,480.000000,735.000000,0.800000,-16,53,0
581,signal_10.csv,581,836,481.000000,736.000000,0.800000,-16,53,0
582,signal_10.csv,582,837,482.000000,737.000000,0.800000,-16,53,0
583,signal_10.csv,583,838,483.000000,738.000000,0.800000,-16,53,0
584,signal_10.csv,584,839,484.000000,739.000000,0.800000,-16,53,0
585,signal_10.csv,585,840,485.000000,740.000000,0.800000,-16,53,0
586,signal_10.csv,586,841,486.000000,741.000000,0.800000,-16,53,0
587,signal_10.csv,587,842,487.000000,742.000000,0.800000,-16,53,0
588,signal_10.csv,588,843,488.000000,743.000000,0.800000,-16,53,0
589,signal_10.csv,589,844,489.000000,744.000000,0.800000,-16,53,0
590,signal_10.csv,590,845,490.000000,745.000000,0.800000,-16,53,0
591,signal_10.csv,591,846,491.000000,746.000000,0.800000,-16,53,0
592,signal_10.csv,592,847,492.000000,747.000000,0.800000,-16,53,0
593,signal_10.csv,593,848,493.000000,748.000000,0.800000,-16,53,0
594,signal_10.csv,594,849,494.000000,749.000000,0.800000,-16,53,0
595,signal_10.csv,595,850,495.000000,750.000000,0.800000,-16,53,0
596,signal_10.csv,596,851,496.000000,751.000000,0.800000,-16,53,0
597,signal_10.csv,597,852,497.000000,752.000000,0.800000,-16,53,0
598,signal_10.csv,598,853,498.000000,753.000000,0.800000,-16,53,0
599,signal_10.csv,599,854,499.000000,754.000000,0.800000,-16,53,0
600,signal_10.csv,600,855,500.000000,755.000000,0.800000,-16,53,0
601,signal_10.csv,601,856,501.000000,756.000000,0.800000,-16,53,0
602,signal_10.csv,602,857,502.000000,757.000000,0.800000,-16,53,0
603,signal_10.csv,603,858,503.000000,758.000000,0.800000,-16,53,0
604,signal_10.csv,604,859,504.000000,759.000000,0.800000,-16,53,0
605,signal_10.csv,605,860,505.000000,760.000000,0.800000,-16,53,0
606,signal_10.csv,606,861,506.000000,761.000000,0.800000,-16,53,0
607,signal_10.csv,607,862,507.000000,762.000000,0.800000,-16,53,0
608,signal_10.csv,608,863,508.000000,763.000000,0.800000,-16,53,0
609,signal_10.csv,609,864,509.000000,764.000000,0.800000,-16,53,0
610,signal_10.csv,610,865,510.000000,765.000000,0.800000,-16,53,0
611,signal_10.csv,611,866,511.000000,766.000000,0.800000,-16,53,0
612,signal_10.csv,612,867,512.000000,767.000000,0.800000,-16,53,0
613,signal_10.csv,613,868,513.000000,768.000000,0.800000,-16,53,0
614,signal_10.csv,614,869,514.000000,769.000000,0.800000,-16,53,0
615,signal_10.csv,615,870,515.000000,770.000000,0.800000,-16,53,0
616,signal_10.csv,616,871,516.000000,771.000000,0.800000,-16,53,0
617,signal_10.csv,617,872,517.000000,772.000000,0.800000,-16,53,0
618,signal_10.csv,618,873,518.000000,773.000000,0.800000,-16,53,0
619,signal_10.csv,619,874,519.000000,774.000000,0.800000,-16,53,0
620,signal_10.csv,620,875,520.000000,775.000000,0.800000,-16,53,0
621,signal_10.csv,621,876,521.000000,776.000000,0.800000,-16,53,0
622,signal_10.csv,622,877,522.000000,777.000000,0.800000,-16,53,0
623,signal_10.csv,623,878,523.000000,778.000000,0.800000,-16,53,0
624,signal_10.csv,624,879,524.000000,779.000000,0.800000,-16,53,0
625,signal_10.csv,625,880,525.000000,780.000000,0.800000,-16,53,0
626,signal_10.csv,626,881,526.000000,781.000000,0.800000,-16,53,0
627,signal_10.csv,627,882,527.000000,782.000000,0.800000,-16,53,0
628,signal_10.csv,628,883,528.000000,783.000000,0.800000,-16,53,0
629,signal_10.csv,629,884,529.000000,784.000000,0.800000,-16,53,0
630,signal_10.csv,630,885,530.000000,785.000000,0.800000,-16,53,0
631,signal_10.csv,631,886,531.000000,786.000000,0.800000,-16,53,0
632,signal_10.csv,632,887,532.000000,787.000000,0.800000,-16,53,0
633,signal_10.csv,633,888,533.000000,788.000000,0.800000,-16,53,0
634,signal_10.csv,634,889,534.000000,789.000000,0.800000,-16,53,0
635,signal_10.csv,635,890,535.000000,790.000000,0.800000,-16,53,0
636,signal_10.csv,636,891,536.000000,791.000000,0.800000,-16,53,0
637,signal_10.csv,637,892,537.000000,792.000000,0.800000,-16,53,0
638,signal_10.csv,638,893,538.000000,793.000000,0.800000,-16,53,0
639,signal_10.csv,639,894,539.000000,794.000000,0.800000,-16,53,0
640,signal_10.csv,640,895,540.000000,795.000000,0.800000,-16,53,0
641,signal_10.csv,641,896,541.000000,796.000000,0.800000,-16,53,0
642,signal_10.csv,642,897,542.000000,797.000000,0.800000,-16,53,0
643,signal_10.csv,643,898,543.000000,798.000000,0.800000,-16,53,0
644,signal_10.csv,644,899,544.000000,799.000000,0.800000,-16,53,0
645,signal_10.csv,645,900,545.000000,800.000000,0.800000,-16,53,0
646,signal_10.csv,646,901,546.000000,801.000000,0.800000,-16,53,0
647,signal_10.csv,647,902,547.000000,802.000000,0.800000,-16,53,0
648,signal_10.csv,648,903,548.000000,803.000000,0.800000,-16,53,0
649,signal_10.csv,649,904,549.000000,804.000000,0.800000,-16,53,0
650,signal_10.csv,650,905,550.000000,805.000000,0.800000,-16,53,0
651,signal_10.csv,651,906,551.000000,806.000000,0.800000,-16,53,0
652,signal_10.csv,652,907,552.000000,807.000000,0.800000,-16,53,0
653,signal_10.csv,653,908,553.000000,808.000000,0.800000,-16,50,0
654,signal_10.csv,654,909,554.000000,809.000000,0.800000,-16,50,0
655,signal_10.csv,655,910,555.000000,810.000000,0.800000,-16,50,0
656,signal_10.csv,656,911,556.000000,811.000000,0.800000,-16,50,0
657,signal_10.csv,657,912,557.000000,812.000000,0.800000,-16,50,0
658,signal_10.csv,658,913,558.000000,813.000000,0.800000,-16,50,0
659,signal_10.csv,659,914,559.000000,814.000000,0.800000,-16,50,0
660,signal_10.csv,660,915,560.000000,815.000000,0.800000,-16,50,0
661,signal_10.csv,661,916,561.000000,816.000000,0.800000,-16,50,0
662,signal_10.csv,662,917,562.000000,817.000000,0.800000,-16,50,0
663,signal_10.csv,663,918,563.000000,818.000000,0.800000,-16,50,0
664,signal_10.csv,664,919,564.000000,819.000000,0.800000,-16,50,0
665,signal_10.csv,665,920,565.000000,820.000000,0.800000,-16,50,0
666,signal_10.csv,666,921,566.000000,821.000000,0.800000,-16,50,0
667,signal_10.csv,667,922,567.000000,822.000000,0.800000,-16,50,0
668,signal_10.csv,668,923,568.000000,823.000000,0.800000,-16,50,0
669,signal_10.csv,669,924,569.000000,824.000000,0.800000,-16,50,0
670,signal_10.csv,670,925,570.000000,825.000000,0.800000,-16,50,0
671,signal_10.csv,671,926,571.000000,826.000000,0.800000,-16,50,0
672,signal_10.csv,672,927,572.000000,827.000000,0.800000,-16,50,0
673,signal_10.csv,673,928,573.000000,828.000000,0.800000,-16,50,0
674,signal_10.csv,674,929,574.000000,829.000000,0.800000,-16,50,0
675,signal_10.csv,675,930,575.000000,830.000000,0.800000,-16,50,0
676,signal_10.csv,676,931,576.000000,831.000000,0.800000,-16,50,0
677,signal_10.csv,677,932,577.000000,832.000000,0.800000,-16,50,0
678,signal_10.csv,678,933,578.000000,833.000000,0.800000,-16,50,0
679,signal_10.csv,679,934,579.000000,834.000000,0.800000,-16,50,0
680,signal_10.csv,680,935,580.000000,835.000000,0.800000,-16,50,0
681,signal_10.csv,681,936,581.000000,836.000000,0.800000,-16,50,0
682,signal_10.csv,682,937,582.000000,837.000000,0.800000,-16,50,0
683,signal_10.csv,683,938,583.000000,838.000000,0.800000,-16,50,0
684,signal_10.csv,684,939,584.000000,839.000000,0.800000,-16,50,0
685,signal_10.csv,685,940,585.000000,840.000000,0.800000,-16,50,0
686,signal_10.csv,686,941,586.000000,841.000000,0.800000,-16,50,0
687,signal_10.csv,687,942,587.000000,842.000000,0.800000,-16,50,0
688,signal_10.csv,688,943,588.000000,843.000000,0.800000,-16,50,0
689,signal_10.csv,689,944,589.000000,844.000000,0.800000,-16,50,0
690,signal_10.csv,690,945,590.000000,845.000000,0.800000,-16,50,0
691,signal_10.csv,691,946,591.000000,846.000000,0.800000,-16,50,0
692,signal_10.csv,692,947,592.000000,847.000000,0.800000,-16,50,0
693,signal_10.csv,693,948,593.000000,848.000000,0.800000,-16,50,0
694,signal_10.csv,694,949,594.000000,849.000000,0.800000,-16,50,0
695,signal_10.csv,695,950,595.000000,850.000000,0.800000,-16,50,0
696,signal_10.csv,696,951,596.000000,851.000000,0.800000,-16,50,0
697,signal_10.csv,697,952,597.000000,852.000000,0.800000,-16,50,0
698,signal_10.csv,698,953,598.000000,853.000000,0.800000,-16,50,0
699,signal_10.csv,699,954,599.000000,854.000000,0.800000,-16,50,0
700,signal_10.csv,700,955,600.000000,855.000000,0.800000,-16,50,0
701,signal_10.csv,701,956,601.000000,856.000000,0.800000,-16,50,0
702,signal_10.csv,702,957,602.000000,857.000000,0.800000,-16,50,0
703,signal_10.csv,703,958,603.000000,858.000000,0.800000,-16,50,0
704,signal_10.csv,704,959,604.000000,859.000000,0.800000,-16,50,0
705,signal_10.csv,705,960,605.000000,860.000000,0.800000,-16,50,0
706,signal_10.csv,706,961,606.000000,861.000000,0.800000,-16,50,0
707,signal_10.csv,707,962,607.000000,862.000000,0.800000,-16,50,0
708,signal_10.csv,708,963,608.000000,863.000000,0.800000,-16,50,0
709,signal_10.csv,709,964,609.000000,864.000000,0.800000,-16,50,0
710,signal_10.csv,710,965,610.000000,865.000000,0.800000,-16,50,0
711,signal_10.csv,711,966,611.000000,866.000000,0.800000,-16,50,0
712,signal_10.csv,712,967,612.000000,867.000000,0.800000,-16,50,0
713,signal_10.csv,713,968,613.000000,868.000000,0.800000,-16,50,0
714,signal_10.csv,714,969,614.000000,869.000000,0.800000,-16,50,0
715,signal_10.csv,715,970,615.000000,870.000000,0.800000,-16,50,0
716,signal_10.csv,716,971,616.000000,871.000000,0.800000,-16,45,0
717,signal_10.csv,717,972,617.000000,872.000000,0.800000,-16,45,0
718,signal_10.csv,718,973,618.000000,873.000000,0.800000,-16,45,0
719,signal_10.csv,719,974,619.000000,874.000000,0.800000,-16,45,0
720,signal_10.csv,720,975,620.000000,875.000000,0.800000,-16,45,0
721,signal_10.csv,721,976,621.000000,876.000000,0.800000,-16,45,0
722,signal_10.csv,722,977,622.000000,877.000000,0.800000,-16,45,0
723,signal_10.csv,723,978,623.000000,878.000000,0.800000,-16,45,0
724,signal_10.csv,724,979,624.000000,879.000000,0.800000,-16,45,0
725,signal_10.csv,725,980,625.000000,880.000000,0.800000,-16,45,0
726,signal_10.csv,726,981,626.000000,881.000000,0.800000,-16,45,0
727,signal_10.csv,727,982,627.000000,882.000000,0.800000,-16,45,0
728,signal_10.csv,728,983,628.000000,883.000000,0.800000,-16,45,0
729,signal_10.csv,729,984,629.000000,884.000000,0.800000,-16,45,0
730,signal_10.csv,730,985,630.000000,885.000000,0.800000,-16,45,0
731,signal_10.csv,731,986,631.000000,886.000000,0.800000,-16,45,0
732,signal_10.csv,732,987,632.000000,887.000000,0.800000,-16,45,0
733,signal_10.csv,733,988,633.000000,888.000000,0.800000,-16,45,0
734,signal_10.csv,734,989,634.000000,889.000000,0.800000,-16,45,0
735,signal_10.csv,735,990,635.000000,890.000000,0.800000,-16,45,0
736,signal_10.csv,736,991,636.000000,891.000000,0.800000,-16,45,0
737,signal_10.csv,737,992,637.000000,892.000000,0.800000,-16,45,0
738,signal_10.csv,738,993,638.000000,893.000000,0.800000,-16,45,0
739,signal_10.csv,739,994,639.000000,894.000000,0.800000,-16,45,0
740,signal_10.csv,740,995,640.000000,895.000000,0.800000,-16,45,0
741,signal_10.csv,741,996,641.000000,896.000000,0.800000,-16,45,0
742,signal_10.csv,742,997,642.000000,897.000000,0.800000,-16,45,0
743,signal_10.csv,743,998,643.000000,898.000000,0.800000,-16,45,0
744,signal_10.csv,744,999,644.000000,899.000000,0.800000,-16,45,0
