sample_id,source_file,window_start_index,window_end_index,window_start_ns,window_end_ns,adc_vfs_v,adc_code_min,adc_code_max,adc_saturated_samples,hex_out,float_out,label,prediction,correct,latency_cycles_cnn,latency_us,input_first_fire_time_ns,input_last_fire_time_ns,cnn_result_time_ns
0,signal_10.csv,0,255,-100.000000,155.000000,0.800000,-77,134,0,0x003ff619,-1.237793,0,0,1,202,1.010,234,486,1243
1,signal_10.csv,1,256,-99.000000,156.000000,0.800000,-77,134,0,0x003ff517,-1.363770,0,0,1,201,1.005,1246,1498,2253
2,signal_10.csv,2,257,-98.000000,157.000000,0.800000,-77,134,0,0x003ff655,-1.208496,0,0,1,202,1.010,2254,2506,3263
3,signal_10.csv,3,258,-97.000000,158.000000,0.800000,-77,134,0,0x003ff5e3,-1.264160,0,0,1,201,1.005,3266,3518,4273
4,signal_10.csv,4,259,-96.000000,159.000000,0.800000,-77,134,0,0x003ff435,-1.474121,0,0,1,202,1.010,4274,4526,5283
5,signal_10.csv,5,260,-95.000000,160.000000,0.800000,-77,134,0,0x003ff581,-1.312012,0,0,1,202,1.010,5286,5538,6298
6,signal_10.csv,6,261,-94.000000,161.000000,0.800000,-77,134,0,0x003ff791,-1.054199,0,0,1,203,1.015,6298,6550,7313
7,signal_10.csv,7,262,-93.000000,162.000000,0.800000,-77,134,0,0x003ff5e1,-1.265137,0,0,1,203,1.015,7314,7566,8328
8,signal_10.csv,8,263,-92.000000,163.000000,0.800000,-77,134,0,0x003ff648,-1.214844,0,0,1,203,1.015,8330,8582,9343
9,signal_10.csv,9,264,-91.000000,164.000000,0.800000,-77,134,0,0x003ff6ee,-1.133789,0,0,1,202,1.010,9346,9598,10358
10,signal_10.csv,10,265,-90.000000,165.000000,0.800000,-77,134,0,0x003ff57f,-1.312988,0,0,1,203,1.015,10358,10610,11373
11,signal_10.csv,11,266,-89.000000,166.000000,0.800000,-77,134,0,0x003ff582,-1.311523,0,0,1,203,1.015,11374,11626,12388
12,signal_10.csv,12,267,-88.000000,167.000000,0.800000,-77,134,0,0x003ff876,-0.942383,0,0,1,203,1.015,12390,12642,13403
13,signal_10.csv,13,268,-87.000000,168.000000,0.800000,-77,134,0,0x003ff6b4,-1.162109,0,0,1,202,1.010,13406,13658,14418
14,signal_10.csv,14,269,-86.000000,169.000000,0.800000,-77,134,0,0x003ff5dd,-1.267090,0,0,1,203,1.015,14418,14670,15433
15,signal_10.csv,15,270,-85.000000,170.000000,0.800000,-77,134,0,0x003ff68e,-1.180664,0,0,1,203,1.015,15434,15686,16448
16,signal_10.csv,16,271,-84.000000,171.000000,0.800000,-77,134,0,0x003ff4fc,-1.376953,0,0,1,203,1.015,16450,16702,17463
17,signal_10.csv,17,272,-83.000000,172.000000,0.800000,-77,134,0,0x003ff500,-1.375000,0,0,1,202,1.010,17466,17718,18478
18,signal_10.csv,18,273,-82.000000,173.000000,0.800000,-77,134,0,0x003ff85e,-0.954102,0,0,1,203,1.015,18478,18730,19493
19,signal_10.csv,19,274,-81.000000,174.000000,0.800000,-77,134,0,0x003ff70b,-1.119629,0,0,1,203,1.015,19494,19746,20508
20,signal_10.csv,20,275,-80.000000,175.000000,0.800000,-77,134,0,0x003ff648,-1.214844,0,0,1,203,1.015,20510,20762,21523
21,signal_10.csv,21,276,-79.000000,176.000000,0.800000,-77,134,0,0x003ff71c,-1.111328,0,0,1,202,1.010,21526,21778,22538
22,signal_10.csv,22,277,-78.000000,177.000000,0.800000,-77,134,0,0x003ff58e,-1.305664,0,0,1,203,1.015,22538,22790,23553
23,signal_10.csv,23,278,-77.000000,178.000000,0.800000,-77,134,0,0x003ff59e,-1.297852,0,0,1,203,1.015,23554,23806,24568
24,signal_10.csv,24,279,-76.000000,179.000000,0.800000,-77,134,0,0x003ff882,-0.936523,0,0,1,203,1.015,24570,24822,25583
25,signal_10.csv,25,280,-75.000000,180.000000,0.800000,-77,134,0,0x003ff6bf,-1.156738,0,0,1,202,1.010,25586,25838,26598
26,signal_10.csv,26,281,-74.000000,181.000000,0.800000,-77,134,0,0x003ff66b,-1.197754,0,0,1,203,1.015,26598,26850,27613
27,signal_10.csv,27,282,-73.000000,182.000000,0.800000,-77,134,0,0x003ff7a8,-1.042969,0,0,1,203,1.015,27614,27866,28628
28,signal_10.csv,28,283,-72.000000,183.000000,0.800000,-77,134,0,0x003ff5b3,-1.287598,0,0,1,203,1.015,28630,28882,29643
29,signal_10.csv,29,284,-71.000000,184.000000,0.800000,-77,134,0,0x003ff5ff,-1.250488,0,0,1,202,1.010,29646,29898,30658
30,signal_10.csv,30,285,-70.000000,185.000000,0.800000,-77,134,0,0x003ff867,-0.949707,0,0,1,203,1.015,30658,30910,31673
31,signal_10.csv,31,286,-69.000000,186.000000,0.800000,-77,134,0,0x003ff6ee,-1.133789,0,0,1,203,1.015,31674,31926,32688
32,signal_10.csv,32,287,-68.000000,187.000000,0.800000,-77,134,0,0x003ff74f,-1.086426,0,0,1,203,1.015,32690,32942,33703
33,signal_10.csv,33,288,-67.000000,188.000000,0.800000,-77,134,0,0x003ff801,-0.999512,0,0,1,202,1.010,33706,33958,34718
34,signal_10.csv,34,289,-66.000000,189.000000,0.800000,-77,134,0,0x003ff564,-1.326172,0,0,1,203,1.015,34718,34970,35733
35,signal_10.csv,35,290,-65.000000,190.000000,0.800000,-77,134,0,0x003ff5a7,-1.293457,0,0,1,203,1.015,35734,35986,36748
36,signal_10.csv,36,291,-64.000000,191.000000,0.800000,-77,134,0,0x003ff817,-0.988770,0,0,1,203,1.015,36750,37002,37763
37,signal_10.csv,37,292,-63.000000,192.000000,0.800000,-77,134,0,0x003ff6bd,-1.157715,0,0,1,202,1.010,37766,38018,38778
38,signal_10.csv,38,293,-62.000000,193.000000,0.800000,-77,134,0,0x003ff6a7,-1.168457,0,0,1,203,1.015,38778,39030,39793
39,signal_10.csv,39,294,-61.000000,194.000000,0.800000,-77,134,0,0x003ff7a9,-1.042480,0,0,1,203,1.015,39794,40046,40808
40,signal_10.csv,40,295,-60.000000,195.000000,0.800000,-77,134,0,0x003ff54d,-1.337402,0,0,1,203,1.015,40810,41062,41823
41,signal_10.csv,41,296,-59.000000,196.000000,0.800000,-77,134,0,0x003ff5a1,-1.296387,0,0,1,202,1.010,41826,42078,42838
42,signal_10.csv,42,297,-58.000000,197.000000,0.800000,-77,134,0,0x003ff8a7,-0.918457,0,0,1,203,1.015,42838,43090,43853
43,signal_10.csv,43,298,-57.000000,198.000000,0.800000,-77,134,0,0x003ff808,-0.996094,0,0,1,203,1.015,43854,44106,44868
44,signal_10.csv,44,299,-56.000000,199.000000,0.800000,-77,134,0,0x003ff878,-0.941406,0,0,1,203,1.015,44870,45122,45883
45,signal_10.csv,45,300,-55.000000,200.000000,0.800000,-77,134,0,0x003ff9f7,-0.754395,0,0,1,202,1.010,45886,46138,46898
46,signal_10.csv,46,301,-54.000000,201.000000,0.800000,-77,134,0,0x003ff715,-1.114746,0,0,1,203,1.015,46898,47150,47913
47,signal_10.csv,47,302,-53.000000,202.000000,0.800000,-77,134,0,0x003ff6e5,-1.138184,0,0,1,203,1.015,47914,48166,48928
48,signal_10.csv,48,303,-52.000000,203.000000,0.800000,-77,134,0,0x003ffbcf,-0.523926,0,0,1,203,1.015,48930,49182,49943
49,signal_10.csv,49,304,-51.000000,204.000000,0.800000,-77,134,0,0x003ffc16,-0.489258,0,0,1,202,1.010,49946,50198,50958
50,signal_10.csv,50,305,-50.000000,205.000000,0.800000,-77,134,0,0x003ffc38,-0.472656,0,0,1,203,1.015,50958,51210,51973
51,signal_10.csv,51,306,-49.000000,206.000000,0.800000,-77,134,0,0x00000050,0.039062,0,1,0,203,1.015,51974,52226,52988
52,signal_10.csv,52,307,-48.000000,207.000000,0.800000,-77,134,0,0x003ffc0d,-0.493652,0,0,1,203,1.015,53538,53790,54553
53,signal_10.csv,53,308,-47.000000,208.000000,0.800000,-77,134,0,0x003ffbb5,-0.536621,0,0,1,203,1.015,54554,54806,55568
54,signal_10.csv,54,309,-46.000000,209.000000,0.800000,-77,134,0,0x00000429,0.520020,0,1,0,203,1.015,55570,55822,56583
55,signal_10.csv,55,310,-45.000000,210.000000,0.800000,-77,134,0,0x00000491,0.570801,0,1,0,203,1.015,57134,57386,58148
56,signal_10.csv,56,311,-44.000000,211.000000,0.800000,-77,134,0,0x00000400,0.500000,0,1,0,203,1.015,58698,58950,59713
57,signal_10.csv,57,312,-43.000000,212.000000,0.800000,-77,134,0,0x00000adc,1.357422,0,1,0,202,1.010,60266,60518,61278
58,signal_10.csv,58,313,-42.000000,213.000000,0.800000,-77,134,0,0x00000605,0.752441,0,1,0,203,1.015,61830,62082,62843
59,signal_10.csv,59,314,-41.000000,214.000000,0.800000,-77,134,0,0x000007c4,0.970703,0,1,0,203,1.015,63394,63646,64408
60,signal_10.csv,60,315,-40.000000,215.000000,0.800000,-77,134,0,0x00000fdc,1.982422,0,1,0,203,1.015,64958,65210,65973
61,signal_10.csv,61,316,-39.000000,216.000000,0.800000,-77,134,0,0x000010c0,2.093750,0,1,0,202,1.010,66526,66778,67538
62,signal_10.csv,62,317,-38.000000,217.000000,0.800000,-77,134,0,0x00001068,2.050781,0,1,0,203,1.015,68090,68342,69103
63,signal_10.csv,63,318,-37.000000,218.000000,0.800000,-77,134,0,0x0000174e,2.913086,0,1,0,203,1.015,69654,69906,70668
64,signal_10.csv,64,319,-36.000000,219.000000,0.800000,-77,134,0,0x00001815,3.010254,0,1,0,203,1.015,71218,71470,72233
65,signal_10.csv,65,320,-35.000000,220.000000,0.800000,-77,134,0,0x00001513,2.634277,0,1,0,202,1.010,72786,73038,73798
66,signal_10.csv,66,321,-34.000000,221.000000,0.800000,-77,134,0,0x00001cc9,3.598145,0,1,0,203,1.015,74350,74602,75363
67,signal_10.csv,67,322,-33.000000,222.000000,0.800000,-77,134,0,0x00001aab,3.333496,0,1,0,203,1.015,75914,76166,76928
68,signal_10.csv,68,323,-32.000000,223.000000,0.800000,-77,134,0,0x000012d0,2.351562,0,1,0,203,1.015,77478,77730,78493
69,signal_10.csv,69,324,-31.000000,224.000000,0.800000,-77,134,0,0x00001960,3.171875,0,1,0,202,1.010,79046,79298,80058
70,signal_10.csv,70,325,-30.000000,225.000000,0.800000,-77,134,0,0x00001bff,3.499512,0,1,0,203,1.015,80610,80862,81623
71,signal_10.csv,71,326,-29.000000,226.000000,0.800000,-77,134,0,0x00001c99,3.574707,0,1,0,203,1.015,82174,82426,83188
72,signal_10.csv,72,327,-28.000000,227.000000,0.800000,-77,134,0,0x00002219,4.262207,0,1,0,203,1.015,83738,83990,84753
73,signal_10.csv,73,328,-27.000000,228.000000,0.800000,-77,134,0,0x000021fe,4.249023,0,1,0,202,1.010,85306,85558,86318
74,signal_10.csv,74,329,-26.000000,229.000000,0.800000,-77,134,0,0x0000191f,3.140137,0,1,0,203,1.015,86870,87122,87883
75,signal_10.csv,75,330,-25.000000,230.000000,0.800000,-77,134,0,0x00001b4b,3.411621,0,1,0,203,1.015,88434,88686,89448
76,signal_10.csv,76,331,-24.000000,231.000000,0.800000,-77,134,0,0x000022b1,4.336426,0,1,0,203,1.015,89998,90250,91013
77,signal_10.csv,77,332,-23.000000,232.000000,0.800000,-77,134,0,0x00002234,4.275391,0,1,0,202,1.010,91566,91818,92578
78,signal_10.csv,78,333,-22.000000,233.000000,0.800000,-77,134,0,0x00002003,4.001465,0,1,0,203,1.015,93130,93382,94143
79,signal_10.csv,79,334,-21.000000,234.000000,0.800000,-77,134,0,0x00001cf2,3.618164,0,1,0,203,1.015,94694,94946,95708
80,signal_10.csv,80,335,-20.000000,235.000000,0.800000,-77,134,0,0x00001453,2.540527,0,1,0,203,1.015,96258,96510,97273
81,signal_10.csv,81,336,-19.000000,236.000000,0.800000,-77,134,0,0x000019b7,3.214355,0,1,0,202,1.010,97826,98078,98838
82,signal_10.csv,82,337,-18.000000,237.000000,0.800000,-77,134,0,0x00002255,4.291504,0,1,0,203,1.015,99390,99642,100403
83,signal_10.csv,83,338,-17.000000,238.000000,0.800000,-77,134,0,0x00001ed5,3.854004,0,1,0,203,1.015,100954,101206,101968
84,signal_10.csv,84,339,-16.000000,239.000000,0.800000,-77,134,0,0x0000189d,3.076660,0,1,0,203,1.015,102518,102770,103533
85,signal_10.csv,85,340,-15.000000,240.000000,0.800000,-77,134,0,0x000012f2,2.368164,0,1,0,202,1.010,104086,104338,105098
86,signal_10.csv,86,341,-14.000000,241.000000,0.800000,-77,134,0,0x00000d00,1.625000,0,1,0,203,1.015,105650,105902,106663
87,signal_10.csv,87,342,-13.000000,242.000000,0.800000,-77,134,0,0x00000deb,1.739746,0,1,0,203,1.015,107214,107466,108228
88,signal_10.csv,88,343,-12.000000,243.000000,0.800000,-77,134,0,0x0000143b,2.528809,0,1,0,203,1.015,108778,109030,109793
89,signal_10.csv,89,344,-11.000000,244.000000,0.800000,-77,134,0,0x0000144f,2.538574,0,1,0,202,1.010,110346,110598,111358
90,signal_10.csv,90,345,-10.000000,245.000000,0.800000,-77,134,0,0x00000c33,1.524902,0,1,0,203,1.015,111910,112162,112923
91,signal_10.csv,91,346,-9.000000,246.000000,0.800000,-77,134,0,0x000006ea,0.864258,0,1,0,203,1.015,113474,113726,114488
92,signal_10.csv,92,347,-8.000000,247.000000,0.800000,-77,134,0,0x000005e6,0.737305,0,1,0,203,1.015,115038,115290,116053
93,signal_10.csv,93,348,-7.000000,248.000000,0.800000,-77,134,0,0x0000066a,0.801758,0,1,0,202,1.010,116606,116858,117618
94,signal_10.csv,94,349,-6.000000,249.000000,0.800000,-77,134,0,0x00000ad8,1.355469,0,1,0,203,1.015,118170,118422,119183
95,signal_10.csv,95,350,-5.000000,250.000000,0.800000,-77,134,0,0x0000095b,1.169434,0,1,0,203,1.015,119734,119986,120748
96,signal_10.csv,96,351,-4.000000,251.000000,0.800000,-77,134,0,0x0000003b,0.028809,0,1,0,203,1.015,121298,121550,122313
97,signal_10.csv,97,352,-3.000000,252.000000,0.800000,-77,134,0,0x003ffb6e,-0.571289,0,0,1,202,1.010,122866,123118,123878
98,signal_10.csv,98,353,-2.000000,253.000000,0.800000,-77,134,0,0x003ffec2,-0.155273,0,0,1,203,1.015,123878,124130,124893
99,signal_10.csv,99,354,-1.000000,254.000000,0.800000,-77,134,0,0x00000059,0.043457,0,1,0,203,1.015,124894,125146,125908
100,signal_10.csv,100,355,-0.000000,255.000000,0.800000,-77,134,0,0x0000016c,0.177734,0,1,0,203,1.015,126458,126710,127473
101,signal_10.csv,101,356,1.000000,256.000000,0.800000,-77,134,0,0x00000054,0.041016,0,1,0,202,1.010,128026,128278,129038
102,signal_10.csv,102,357,2.000000,257.000000,0.800000,-77,134,0,0x003ffb95,-0.552246,0,0,1,203,1.015,129590,129842,130603
103,signal_10.csv,103,358,3.000000,258.000000,0.800000,-77,134,0,0x003ff6a2,-1.170898,0,0,1,202,1.010,130606,130858,131618
104,signal_10.csv,104,359,4.000000,259.000000,0.800000,-77,134,0,0x003ffa15,-0.739746,0,0,1,203,1.015,131618,131870,132633
105,signal_10.csv,105,360,5.000000,260.000000,0.800000,-77,134,0,0x003ffaba,-0.659180,0,0,1,203,1.015,132634,132886,133648
106,signal_10.csv,106,361,6.000000,261.000000,0.800000,-77,134,0,0x003ffa9b,-0.674316,0,0,1,203,1.015,133650,133902,134663
107,signal_10.csv,107,362,7.000000,262.000000,0.800000,-77,134,0,0x003ff963,-0.826660,0,0,1,202,1.010,134666,134918,135678
108,signal_10.csv,108,363,8.000000,263.000000,0.800000,-77,134,0,0x003ff817,-0.988770,0,0,1,203,1.015,135678,135930,136693
109,signal_10.csv,109,364,9.000000,264.000000,0.800000,-77,134,0,0x003ff678,-1.191406,0,0,1,203,1.015,136694,136946,137708
110,signal_10.csv,110,365,10.000000,265.000000,0.800000,-77,134,0,0x003ff7f6,-1.004883,0,0,1,203,1.015,137710,137962,138723
111,signal_10.csv,111,366,11.000000,266.000000,0.800000,-77,134,0,0x003ff767,-1.074707,0,0,1,202,1.010,138726,138978,139738
112,signal_10.csv,112,367,12.000000,267.000000,0.800000,-77,134,0,0x003ff765,-1.075684,0,0,1,203,1.015,139738,139990,140753
113,signal_10.csv,113,368,13.000000,268.000000,0.800000,-77,134,0,0x003ff6c2,-1.155273,0,0,1,203,1.015,140754,141006,141768
114,signal_10.csv,114,369,14.000000,269.000000,0.800000,-77,134,0,0x003ff622,-1.233398,0,0,1,203,1.015,141770,142022,142783
115,signal_10.csv,115,370,15.000000,270.000000,0.800000,-77,134,0,0x003ff4ac,-1.416016,0,0,1,202,1.010,142786,143038,143798
116,signal_10.csv,116,371,16.000000,271.000000,0.800000,-77,134,0,0x003ff674,-1.193359,0,0,1,203,1.015,143798,144050,144813
117,signal_10.csv,117,372,17.000000,272.000000,0.800000,-77,134,0,0x003ff58d,-1.306152,0,0,1,203,1.015,144814,145066,145828
118,signal_10.csv,118,373,18.000000,273.000000,0.800000,-77,134,0,0x003ff5e9,-1.261230,0,0,1,203,1.015,145830,146082,146843
119,signal_10.csv,119,374,19.000000,274.000000,0.800000,-77,134,0,0x003ff642,-1.217773,0,0,1,202,1.010,146846,147098,147858
120,signal_10.csv,120,375,20.000000,275.000000,0.800000,-77,134,0,0x003ff674,-1.193359,0,0,1,203,1.015,147858,148110,148873
121,signal_10.csv,121,376,21.000000,276.000000,0.800000,-77,134,0,0x003ff53d,-1.345215,0,0,1,203,1.015,148874,149126,149888
122,signal_10.csv,122,377,22.000000,277.000000,0.800000,-77,134,0,0x003ff5af,-1.289551,0,0,1,203,1.015,149890,150142,150903
123,signal_10.csv,123,378,23.000000,278.000000,0.800000,-77,134,0,0x003ff561,-1.327637,0,0,1,202,1.010,150906,151158,151918
124,signal_10.csv,124,379,24.000000,279.000000,0.800000,-77,134,0,0x003ff547,-1.340332,0,0,1,203,1.015,151918,152170,152933
125,signal_10.csv,125,380,25.000000,280.000000,0.800000,-77,134,0,0x003ff526,-1.356445,0,0,1,203,1.015,152934,153186,153948
126,signal_10.csv,126,381,26.000000,281.000000,0.800000,-77,134,0,0x003ff699,-1.175293,0,0,1,203,1.015,153950,154202,154963
127,signal_10.csv,127,382,27.000000,282.000000,0.800000,-77,134,0,0x003ff5c6,-1.278320,0,0,1,202,1.010,154966,155218,155978
128,signal_10.csv,128,383,28.000000,283.000000,0.800000,-77,134,0,0x003ff54e,-1.336914,0,0,1,203,1.015,155978,156230,156993
129,signal_10.csv,129,384,29.000000,284.000000,0.800000,-77,134,0,0x003ff4f4,-1.380859,0,0,1,203,1.015,156994,157246,158008
130,signal_10.csv,130,385,30.000000,285.000000,0.800000,-77,134,0,0x003ff512,-1.366211,0,0,1,203,1.015,158010,158262,159023
131,signal_10.csv,131,386,31.000000,286.000000,0.800000,-77,134,0,0x003ff57d,-1.313965,0,0,1,202,1.010,159026,159278,160038
132,signal_10.csv,132,387,32.000000,287.000000,0.800000,-77,134,0,0x003ff6c4,-1.154297,0,0,1,203,1.015,160038,160290,161053
133,signal_10.csv,133,388,33.000000,288.000000,0.800000,-77,134,0,0x003ff605,-1.247559,0,0,1,203,1.015,161054,161306,162068
134,signal_10.csv,134,389,34.000000,289.000000,0.800000,-77,134,0,0x003ff4e0,-1.390625,0,0,1,203,1.015,162070,162322,163083
135,signal_10.csv,135,390,35.000000,290.000000,0.800000,-77,134,0,0x003ff615,-1.239746,0,0,1,202,1.010,163086,163338,164098
136,signal_10.csv,136,391,36.000000,291.000000,0.800000,-77,134,0,0x003ff682,-1.186523,0,0,1,203,1.015,164098,164350,165113
137,signal_10.csv,137,392,37.000000,292.000000,0.800000,-77,134,0,0x003ff62f,-1.227051,0,0,1,203,1.015,165114,165366,166128
138,signal_10.csv,138,393,38.000000,293.000000,0.800000,-77,134,0,0x003ff82d,-0.978027,0,0,1,203,1.015,166130,166382,167143
139,signal_10.csv,139,394,39.000000,294.000000,0.800000,-77,134,0,0x003ff71f,-1.109863,0,0,1,202,1.010,167146,167398,168158
140,signal_10.csv,140,395,40.000000,295.000000,0.800000,-77,134,0,0x003ff5f1,-1.257324,0,0,1,203,1.015,168158,168410,169173
141,signal_10.csv,141,396,41.000000,296.000000,0.800000,-77,134,0,0x003ff638,-1.222656,0,0,1,203,1.015,169174,169426,170188
142,signal_10.csv,142,397,42.000000,297.000000,0.800000,-77,134,0,0x003ff658,-1.207031,0,0,1,203,1.015,170190,170442,171203
143,signal_10.csv,143,398,43.000000,298.000000,0.800000,-62,134,0,0x003ff656,-1.208008,0,0,1,202,1.010,171206,171458,172218
144,signal_10.csv,144,399,44.000000,299.000000,0.800000,-62,134,0,0x003ff748,-1.089844,0,0,1,203,1.015,172218,172470,173233
145,signal_10.csv,145,400,45.000000,300.000000,0.800000,-62,134,0,0x003ff6a3,-1.170410,0,0,1,203,1.015,173234,173486,174248
146,signal_10.csv,146,401,46.000000,301.000000,0.800000,-62,112,0,0x003ff615,-1.239746,0,0,1,203,1.015,174250,174502,175263
147,signal_10.csv,147,402,47.000000,302.000000,0.800000,-62,96,0,0x003ff60f,-1.242676,0,0,1,202,1.010,175266,175518,176278
148,signal_10.csv,148,403,48.000000,303.000000,0.800000,-62,96,0,0x003ff602,-1.249023,0,0,1,203,1.015,176278,176530,177293
149,signal_10.csv,149,404,49.000000,304.000000,0.800000,-62,96,0,0x003ff6c7,-1.152832,0,0,1,203,1.015,177294,177546,178308
150,signal_10.csv,150,405,50.000000,305.000000,0.800000,-58,96,0,0x003ff777,-1.066895,0,0,1,203,1.015,178310,178562,179323
151,signal_10.csv,151,406,51.000000,306.000000,0.800000,-35,96,0,0x003ff654,-1.208984,0,0,1,202,1.010,179326,179578,180338
152,signal_10.csv,152,407,52.000000,307.000000,0.800000,-34,96,0,0x003ff679,-1.190918,0,0,1,203,1.015,180338,180590,181353
153,signal_10.csv,153,408,53.000000,308.000000,0.800000,-34,96,0,0x003ff65b,-1.205566,0,0,1,203,1.015,181354,181606,182368
154,signal_10.csv,154,409,54.000000,309.000000,0.800000,-34,96,0,0x003ff614,-1.240234,0,0,1,203,1.015,182370,182622,183383
155,signal_10.csv,155,410,55.000000,310.000000,0.800000,-34,96,0,0x003ff71d,-1.110840,0,0,1,202,1.010,183386,183638,184398
156,signal_10.csv,156,411,56.000000,311.000000,0.800000,-34,93,0,0x003ff735,-1.099121,0,0,1,203,1.015,184398,184650,185413
157,signal_10.csv,157,412,57.000000,312.000000,0.800000,-34,69,0,0x003ff5ef,-1.258301,0,0,1,203,1.015,185414,185666,186428
158,signal_10.csv,158,413,58.000000,313.000000,0.800000,-34,69,0,0x003ff666,-1.200195,0,0,1,203,1.015,186430,186682,187443
159,signal_10.csv,159,414,59.000000,314.000000,0.800000,-34,69,0,0x003ff5e4,-1.263672,0,0,1,202,1.010,187446,187698,188458
160,signal_10.csv,160,415,60.000000,315.000000,0.800000,-34,69,0,0x003ff566,-1.325195,0,0,1,203,1.015,188458,188710,189473
161,signal_10.csv,161,416,61.000000,316.000000,0.800000,-34,69,0,0x003ff6c4,-1.154297,0,0,1,203,1.015,189474,189726,190488
162,signal_10.csv,162,417,62.000000,317.000000,0.800000,-34,69,0,0x003ff6d6,-1.145508,0,0,1,203,1.015,190490,190742,191503
163,signal_10.csv,163,418,63.000000,318.000000,0.800000,-16,69,0,0x003ff5e0,-1.265625,0,0,1,202,1.010,191506,191758,192518
164,signal_10.csv,164,419,64.000000,319.000000,0.800000,-16,69,0,0x003ff62e,-1.227539,0,0,1,203,1.015,192518,192770,193533
165,signal_10.csv,165,420,65.000000,320.000000,0.800000,-16,69,0,0x003ff645,-1.216309,0,0,1,203,1.015,193534,193786,194548
166,signal_10.csv,166,421,66.000000,321.000000,0.800000,-16,69,0,0x003ff6b0,-1.164062,0,0,1,203,1.015,194550,194802,195563
167,signal_10.csv,167,422,67.000000,322.000000,0.800000,-16,56,0,0x003ff6e0,-1.140625,0,0,1,202,1.010,195566,195818,196578
168,signal_10.csv,168,423,68.000000,323.000000,0.800000,-16,56,0,0x003ff5b2,-1.288086,0,0,1,203,1.015,196578,196830,197593
169,signal_10.csv,169,424,69.000000,324.000000,0.800000,-16,56,0,0x003ff5d8,-1.269531,0,0,1,203,1.015,197594,197846,198608
170,signal_10.csv,170,425,70.000000,325.000000,0.800000,-16,56,0,0x003ff652,-1.209961,0,0,1,203,1.015,198610,198862,199623
171,signal_10.csv,171,426,71.000000,326.000000,0.800000,-16,56,0,0x003ff606,-1.247070,0,0,1,202,1.010,199626,199878,200638
172,signal_10.csv,172,427,72.000000,327.000000,0.800000,-16,56,0,0x003ff5dc,-1.267578,0,0,1,203,1.015,200638,200890,201653
173,signal_10.csv,173,428,73.000000,328.000000,0.800000,-16,56,0,0x003ff63a,-1.221680,0,0,1,203,1.015,201654,201906,202668
174,signal_10.csv,174,429,74.000000,329.000000,0.800000,-16,56,0,0x003ff5f2,-1.256836,0,0,1,203,1.015,202670,202922,203683
175,signal_10.csv,175,430,75.000000,330.000000,0.800000,-16,56,0,0x003ff574,-1.318359,0,0,1,202,1.010,203686,203938,204698
176,signal_10.csv,176,431,76.000000,331.000000,0.800000,-16,56,0,0x003ff5c1,-1.280762,0,0,1,203,1.015,204698,204950,205713
177,signal_10.csv,177,432,77.000000,332.000000,0.800000,-16,56,0,0x003ff678,-1.191406,0,0,1,203,1.015,205714,205966,206728
178,signal_10.csv,178,433,78.000000,333.000000,0.800000,-16,56,0,0x003ff6f9,-1.128418,0,0,1,203,1.015,206730,206982,207743
179,signal_10.csv,179,434,79.000000,334.000000,0.800000,-16,56,0,0x003ff636,-1.223633,0,0,1,202,1.010,207746,207998,208758
180,signal_10.csv,180,435,80.000000,335.000000,0.800000,-16,56,0,0x003ff43e,-1.469727,0,0,1,203,1.015,208758,209010,209773
181,signal_10.csv,181,436,81.000000,336.000000,0.800000,-16,56,0,0x003ff4eb,-1.385254,0,0,1,203,1.015,209774,210026,210788
182,signal_10.csv,182,437,82.000000,337.000000,0.800000,-16,56,0,0x003ff5b3,-1.287598,0,0,1,203,1.015,210790,211042,211803
183,signal_10.csv,183,438,83.000000,338.000000,0.800000,-16,56,0,0x003ff5ac,-1.291016,0,0,1,202,1.010,211806,212058,212818
184,signal_10.csv,184,439,84.000000,339.000000,0.800000,-16,56,0,0x003ff5f5,-1.255371,0,0,1,203,1.015,212818,213070,213833
185,signal_10.csv,185,440,85.000000,340.000000,0.800000,-16,56,0,0x003ff590,-1.304688,0,0,1,203,1.015,213834,214086,214848
186,signal_10.csv,186,441,86.000000,341.000000,0.800000,-16,56,0,0x003ff456,-1.458008,0,0,1,203,1.015,214850,215102,215863
187,signal_10.csv,187,442,87.000000,342.000000,0.800000,-16,56,0,0x003ff44f,-1.461426,0,0,1,202,1.010,215866,216118,216878
188,signal_10.csv,188,443,88.000000,343.000000,0.800000,-16,56,0,0x003ff500,-1.375000,0,0,1,203,1.015,216878,217130,217893
189,signal_10.csv,189,444,89.000000,344.000000,0.800000,-16,56,0,0x003ff586,-1.309570,0,0,1,203,1.015,217894,218146,218908
190,signal_10.csv,190,445,90.000000,345.000000,0.800000,-16,56,0,0x003ff611,-1.241699,0,0,1,203,1.015,218910,219162,219923
191,signal_10.csv,191,446,91.000000,346.000000,0.800000,-16,56,0,0x003ff5eb,-1.260254,0,0,1,202,1.010,219926,220178,220938
192,signal_10.csv,192,447,92.000000,347.000000,0.800000,-16,56,0,0x003ff4bd,-1.407715,0,0,1,203,1.015,220938,221190,221953
193,signal_10.csv,193,448,93.000000,348.000000,0.800000,-16,56,0,0x003ff3f7,-1.504395,0,0,1,203,1.015,221954,222206,222968
194,signal_10.csv,194,449,94.000000,349.000000,0.800000,-16,56,0,0x003ff56e,-1.321289,0,0,1,203,1.015,222970,223222,223983
195,signal_10.csv,195,450,95.000000,350.000000,0.800000,-16,56,0,0x003ff55f,-1.328613,0,0,1,202,1.010,223986,224238,224998
196,signal_10.csv,196,451,96.000000,351.000000,0.800000,-16,56,0,0x003ff54b,-1.338379,0,0,1,203,1.015,224998,225250,226013
197,signal_10.csv,197,452,97.000000,352.000000,0.800000,-16,56,0,0x003ff52a,-1.354492,0,0,1,203,1.015,226014,226266,227028
198,signal_10.csv,198,453,98.000000,353.000000,0.800000,-16,56,0,0x003ff4f9,-1.378418,0,0,1,203,1.015,227030,227282,228043
199,signal_10.csv,199,454,99.000000,354.000000,0.800000,-16,56,0,0x003ff471,-1.444824,0,0,1,202,1.010,228046,228298,229058
200,signal_10.csv,200,455,100.000000,355.000000,0.800000,-16,56,0,0x003ff5d6,-1.270508,0,0,1,203,1.015,229058,229310,230073
201,signal_10.csv,201,456,101.000000,356.000000,0.800000,-16,56,0,0x003ff598,-1.300781,0,0,1,203,1.015,230074,230326,231088
202,signal_10.csv,202,457,102.000000,357.000000,0.800000,-16,56,0,0x003ff508,-1.371094,0,0,1,203,1.015,231090,231342,232103
203,signal_10.csv,203,458,103.000000,358.000000,0.800000,-16,56,0,0x003ff5b0,-1.289062,0,0,1,202,1.010,232106,232358,233118
204,signal_10.csv,204,459,104.000000,359.000000,0.800000,-16,56,0,0x003ff5ab,-1.291504,0,0,1,203,1.015,233118,233370,234133
205,signal_10.csv,205,460,105.000000,360.000000,0.800000,-16,56,0,0x003ff4d1,-1.397949,0,0,1,203,1.015,234134,234386,235148
206,signal_10.csv,206,461,106.000000,361.000000,0.800000,-16,56,0,0x003ff6d1,-1.147949,0,0,1,203,1.015,235150,235402,236163
207,signal_10.csv,207,462,107.000000,362.000000,0.800000,-16,56,0,0x003ff692,-1.178711,0,0,1,202,1.010,236166,236418,237178
208,signal_10.csv,208,463,108.000000,363.000000,0.800000,-16,56,0,0x003ff5af,-1.289551,0,0,1,203,1.015,237178,237430,238193
209,signal_10.csv,209,464,109.000000,364.000000,0.800000,-16,56,0,0x003ff5ac,-1.291016,0,0,1,203,1.015,238194,238446,239208
210,signal_10.csv,210,465,110.000000,365.000000,0.800000,-16,56,0,0x003ff63a,-1.221680,0,0,1,203,1.015,239210,239462,240223
211,signal_10.csv,211,466,111.000000,366.000000,0.800000,-16,56,0,0x003ff5e5,-1.263184,0,0,1,202,1.010,240226,240478,241238
212,signal_10.csv,212,467,112.000000,367.000000,0.800000,-16,56,0,0x003ff7d4,-1.021484,0,0,1,203,1.015,241238,241490,242253
213,signal_10.csv,213,468,113.000000,368.000000,0.800000,-16,56,0,0x003ff700,-1.125000,0,0,1,203,1.015,242254,242506,243268
214,signal_10.csv,214,469,114.000000,369.000000,0.800000,-16,56,0,0x003ff574,-1.318359,0,0,1,203,1.015,243270,243522,244283
215,signal_10.csv,215,470,115.000000,370.000000,0.800000,-16,56,0,0x003ff604,-1.248047,0,0,1,202,1.010,244286,244538,245298
216,signal_10.csv,216,471,116.000000,371.000000,0.800000,-16,56,0,0x003ff6ae,-1.165039,0,0,1,203,1.015,245298,245550,246313
217,signal_10.csv,217,472,117.000000,372.000000,0.800000,-16,56,0,0x003ff5fe,-1.250977,0,0,1,203,1.015,246314,246566,247328
218,signal_10.csv,218,473,118.000000,373.000000,0.800000,-16,56,0,0x003ff76c,-1.072266,0,0,1,203,1.015,247330,247582,248343
219,signal_10.csv,219,474,119.000000,374.000000,0.800000,-16,56,0,0x003ff77e,-1.063477,0,0,1,202,1.010,248346,248598,249358
220,signal_10.csv,220,475,120.000000,375.000000,0.800000,-16,56,0,0x003ff5a0,-1.296875,0,0,1,203,1.015,249358,249610,250373
221,signal_10.csv,221,476,121.000000,376.000000,0.800000,-16,56,0,0x003ff568,-1.324219,0,0,1,203,1.015,250374,250626,251388
222,signal_10.csv,222,477,122.000000,377.000000,0.800000,-16,56,0,0x003ff68b,-1.182129,0,0,1,203,1.015,251390,251642,252403
223,signal_10.csv,223,478,123.000000,378.000000,0.800000,-16,56,0,0x003ff647,-1.215332,0,0,1,202,1.010,252406,252658,253418
224,signal_10.csv,224,479,124.000000,379.000000,0.800000,-16,56,0,0x003ff717,-1.113770,0,0,1,203,1.015,253418,253670,254433
225,signal_10.csv,225,480,125.000000,380.000000,0.800000,-16,56,0,0x003ff6ad,-1.165527,0,0,1,203,1.015,254434,254686,255448
226,signal_10.csv,226,481,126.000000,381.000000,0.800000,-16,56,0,0x003ff553,-1.334473,0,0,1,203,1.015,255450,255702,256463
227,signal_10.csv,227,482,127.000000,382.000000,0.800000,-16,56,0,0x003ff568,-1.324219,0,0,1,202,1.010,256466,256718,257478
228,signal_10.csv,228,483,128.000000,383.000000,0.800000,-16,56,0,0x003ff657,-1.207520,0,0,1,203,1.015,257478,257730,258493
229,signal_10.csv,229,484,129.000000,384.000000,0.800000,-16,56,0,0x003ff60a,-1.245117,0,0,1,203,1.015,258494,258746,259508
230,signal_10.csv,230,485,130.000000,385.000000,0.800000,-16,56,0,0x003ff5e2,-1.264648,0,0,1,203,1.015,259510,259762,260523
231,signal_10.csv,231,486,131.000000,386.000000,0.800000,-16,56,0,0x003ff567,-1.324707,0,0,1,202,1.010,260526,260778,261538
232,signal_10.csv,232,487,132.000000,387.000000,0.800000,-16,56,0,0x003ff4c4,-1.404297,0,0,1,203,1.015,261538,261790,262553
233,signal_10.csv,233,488,133.000000,388.000000,0.800000,-16,56,0,0x003ff4cf,-1.398926,0,0,1,203,1.015,262554,262806,263568
234,signal_10.csv,234,489,134.000000,389.000000,0.800000,-16,56,0,0x003ff5dd,-1.267090,0,0,1,203,1.015,263570,263822,264583
235,signal_10.csv,235,490,135.000000,390.000000,0.800000,-16,56,0,0x003ff552,-1.334961,0,0,1,202,1.010,264586,264838,265598
236,signal_10.csv,236,491,136.000000,391.000000,0.800000,-16,56,0,0x003ff5c4,-1.279297,0,0,1,203,1.015,265598,265850,266613
237,signal_10.csv,237,492,137.000000,392.000000,0.800000,-16,56,0,0x003ff4f5,-1.380371,0,0,1,203,1.015,266614,266866,267628
238,signal_10.csv,238,493,138.000000,393.000000,0.800000,-16,56,0,0x003ff47b,-1.439941,0,0,1,203,1.015,267630,267882,268643
239,signal_10.csv,239,494,139.000000,394.000000,0.800000,-16,56,0,0x003ff4dc,-1.392578,0,0,1,202,1.010,268646,268898,269658
240,signal_10.csv,240,495,140.000000,395.000000,0.800000,-16,56,0,0x003ff61a,-1.237305,0,0,1,203,1.015,269658,269910,270673
241,signal_10.csv,241,496,141.000000,396.000000,0.800000,-16,56,0,0x003ff59c,-1.298828,0,0,1,203,1.015,270674,270926,271688
242,signal_10.csv,242,497,142.000000,397.000000,0.800000,-16,56,0,0x003ff4f5,-1.380371,0,0,1,203,1.015,271690,271942,272703
243,signal_10.csv,243,498,143.000000,398.000000,0.800000,-16,56,0,0x003ff463,-1.451660,0,0,1,202,1.010,272706,272958,273718
244,signal_10.csv,244,499,144.000000,399.000000,0.800000,-16,56,0,0x003ff424,-1.482422,0,0,1,203,1.015,273718,273970,274733
245,signal_10.csv,245,500,145.000000,400.000000,0.800000,-16,56,0,0x003ff48b,-1.432129,0,0,1,203,1.015,274734,274986,275748
246,signal_10.csv,246,501,146.000000,401.000000,0.800000,-16,56,0,0x003ff59b,-1.299316,0,0,1,203,1.015,275750,276002,276763
247,signal_10.csv,247,502,147.000000,402.000000,0.800000,-16,56,0,0x003ff5ac,-1.291016,0,0,1,202,1.010,276766,277018,277778
248,signal_10.csv,248,503,148.000000,403.000000,0.800000,-16,56,0,0x003ff577,-1.316895,0,0,1,203,1.015,277778,278030,278793
249,signal_10.csv,249,504,149.000000,404.000000,0.800000,-16,56,0,0x003ff484,-1.435547,0,0,1,203,1.015,278794,279046,279808
250,signal_10.csv,250,505,150.000000,405.000000,0.800000,-16,56,0,0x003ff42f,-1.477051,0,0,1,203,1.015,279810,280062,280823
251,signal_10.csv,251,506,151.000000,406.000000,0.800000,-16,56,0,0x003ff4e7,-1.387207,0,0,1,202,1.010,280826,281078,281838
252,signal_10.csv,252,507,152.000000,407.000000,0.800000,-16,56,0,0x003ff5c1,-1.280762,0,0,1,203,1.015,281838,282090,282853
253,signal_10.csv,253,508,153.000000,408.000000,0.800000,-16,56,0,0x003ff5b9,-1.284668,0,0,1,203,1.015,282854,283106,283868
254,signal_10.csv,254,509,154.000000,409.000000,0.800000,-16,56,0,0x003ff560,-1.328125,0,0,1,203,1.015,283870,284122,284883
255,signal_10.csv,255,510,155.000000,410.000000,0.800000,-16,56,0,0x003ff4d4,-1.396484,0,0,1,202,1.010,284886,285138,285898
256,signal_10.csv,256,511,156.000000,411.000000,0.800000,-16,56,0,0x003ff416,-1.489258,0,0,1,203,1.015,285898,286150,286913
257,signal_10.csv,257,512,157.000000,412.000000,0.800000,-16,56,0,0x003ff507,-1.371582,0,0,1,203,1.015,286914,287166,287928
258,signal_10.csv,258,513,158.000000,413.000000,0.800000,-16,56,0,0x003ff4fd,-1.376465,0,0,1,203,1.015,287930,288182,288943
259,signal_10.csv,259,514,159.000000,414.000000,0.800000,-16,56,0,0x003ff5c3,-1.279785,0,0,1,202,1.010,288946,289198,289958
260,signal_10.csv,260,515,160.000000,415.000000,0.800000,-16,56,0,0x003ff5b3,-1.287598,0,0,1,203,1.015,289958,290210,290973
261,signal_10.csv,261,516,161.000000,416.000000,0.800000,-16,56,0,0x003ff572,-1.319336,0,0,1,203,1.015,290974,291226,291988
262,signal_10.csv,262,517,162.000000,417.000000,0.800000,-16,56,0,0x003ff464,-1.451172,0,0,1,203,1.015,291990,292242,293003
263,signal_10.csv,263,518,163.000000,418.000000,0.800000,-16,56,0,0x003ff57a,-1.315430,0,0,1,202,1.010,293006,293258,294018
264,signal_10.csv,264,519,164.000000,419.000000,0.800000,-16,56,0,0x003ff4e0,-1.390625,0,0,1,203,1.015,294018,294270,295033
265,signal_10.csv,265,520,165.000000,420.000000,0.800000,-16,56,0,0x003ff5a3,-1.295410,0,0,1,203,1.015,295034,295286,296048
266,signal_10.csv,266,521,166.000000,421.000000,0.800000,-16,56,0,0x003ff591,-1.304199,0,0,1,203,1.015,296050,296302,297063
267,signal_10.csv,267,522,167.000000,422.000000,0.800000,-16,56,0,0x003ff554,-1.333984,0,0,1,202,1.010,297066,297318,298078
268,signal_10.csv,268,523,168.000000,423.000000,0.800000,-16,56,0,0x003ff4b3,-1.412598,0,0,1,203,1.015,298078,298330,299093
269,signal_10.csv,269,524,169.000000,424.000000,0.800000,-16,56,0,0x003ff566,-1.325195,0,0,1,203,1.015,299094,299346,300108
270,signal_10.csv,270,525,170.000000,425.000000,0.800000,-16,56,0,0x003ff3e1,-1.515137,0,0,1,203,1.015,300110,300362,301123
271,signal_10.csv,271,526,171.000000,426.000000,0.800000,-16,56,0,0x003ff4da,-1.393555,0,0,1,202,1.010,301126,301378,302138
272,signal_10.csv,272,527,172.000000,427.000000,0.800000,-16,56,0,0x003ff5d2,-1.272461,0,0,1,203,1.015,302138,302390,303153
273,signal_10.csv,273,528,173.000000,428.000000,0.800000,-16,56,0,0x003ff55d,-1.329590,0,0,1,203,1.015,303154,303406,304168
274,signal_10.csv,274,529,174.000000,429.000000,0.800000,-16,56,0,0x003ff515,-1.364746,0,0,1,203,1.015,304170,304422,305183
275,signal_10.csv,275,530,175.000000,430.000000,0.800000,-16,56,0,0x003ff5f5,-1.255371,0,0,1,202,1.010,305186,305438,306198
276,signal_10.csv,276,531,176.000000,431.000000,0.800000,-16,56,0,0x003ff4a2,-1.420898,0,0,1,203,1.015,306198,306450,307213
277,signal_10.csv,277,532,177.000000,432.000000,0.800000,-16,56,0,0x003ff59f,-1.297363,0,0,1,203,1.015,307214,307466,308228
278,signal_10.csv,278,533,178.000000,433.000000,0.800000,-16,56,0,0x003ff5fd,-1.251465,0,0,1,203,1.015,308230,308482,309243
279,signal_10.csv,279,534,179.000000,434.000000,0.800000,-16,56,0,0x003ff603,-1.248535,0,0,1,202,1.010,309246,309498,310258
280,signal_10.csv,280,535,180.000000,435.000000,0.800000,-16,56,0,0x003ff658,-1.207031,0,0,1,203,1.015,310258,310510,311273
281,signal_10.csv,281,536,181.000000,436.000000,0.800000,-16,56,0,0x003ff69e,-1.172852,0,0,1,203,1.015,311274,311526,312288
282,signal_10.csv,282,537,182.000000,437.000000,0.800000,-16,56,0,0x003ff4d5,-1.395996,0,0,1,203,1.015,312290,312542,313303
283,signal_10.csv,283,538,183.000000,438.000000,0.800000,-16,56,0,0x003ff5a8,-1.292969,0,0,1,202,1.010,313306,313558,314318
284,signal_10.csv,284,539,184.000000,439.000000,0.800000,-16,56,0,0x003ff5fd,-1.251465,0,0,1,203,1.015,314318,314570,315333
285,signal_10.csv,285,540,185.000000,440.000000,0.800000,-16,56,0,0x003ff5f5,-1.255371,0,0,1,203,1.015,315334,315586,316348
286,signal_10.csv,286,541,186.000000,441.000000,0.800000,-16,56,0,0x003ff6d0,-1.148438,0,0,1,203,1.015,316350,316602,317363
287,signal_10.csv,287,542,187.000000,442.000000,0.800000,-16,56,0,0x003ff715,-1.114746,0,0,1,202,1.010,317366,317618,318378
288,signal_10.csv,288,543,188.000000,443.000000,0.800000,-16,56,0,0x003ff542,-1.342773,0,0,1,203,1.015,318378,318630,319393
289,signal_10.csv,289,544,189.000000,444.000000,0.800000,-16,56,0,0x003ff62d,-1.228027,0,0,1,203,1.015,319394,319646,320408
290,signal_10.csv,290,545,190.000000,445.000000,0.800000,-16,56,0,0x003ff581,-1.312012,0,0,1,203,1.015,320410,320662,321423
291,signal_10.csv,291,546,191.000000,446.000000,0.800000,-16,56,0,0x003ff60d,-1.243652,0,0,1,202,1.010,321426,321678,322438
292,signal_10.csv,292,547,192.000000,447.000000,0.800000,-16,56,0,0x003ff65e,-1.204102,0,0,1,203,1.015,322438,322690,323453
293,signal_10.csv,293,548,193.000000,448.000000,0.800000,-16,56,0,0x003ff660,-1.203125,0,0,1,203,1.015,323454,323706,324468
294,signal_10.csv,294,549,194.000000,449.000000,0.800000,-16,56,0,0x003ff547,-1.340332,0,0,1,203,1.015,324470,324722,325483
295,signal_10.csv,295,550,195.000000,450.000000,0.800000,-16,56,0,0x003ff5d4,-1.271484,0,0,1,202,1.010,325486,325738,326498
296,signal_10.csv,296,551,196.000000,451.000000,0.800000,-16,56,0,0x003ff527,-1.355957,0,0,1,203,1.015,326498,326750,327513
297,signal_10.csv,297,552,197.000000,452.000000,0.800000,-16,56,0,0x003ff581,-1.312012,0,0,1,203,1.015,327514,327766,328528
298,signal_10.csv,298,553,198.000000,453.000000,0.800000,-16,56,0,0x003ff6a3,-1.170410,0,0,1,203,1.015,328530,328782,329543
299,signal_10.csv,299,554,199.000000,454.000000,0.800000,-16,56,0,0x003ff676,-1.192383,0,0,1,202,1.010,329546,329798,330558
300,signal_10.csv,300,555,200.000000,455.000000,0.800000,-16,56,0,0x003ff5c8,-1.277344,0,0,1,203,1.015,330558,330810,331573
301,signal_10.csv,301,556,201.000000,456.000000,0.800000,-16,56,0,0x003ff625,-1.231934,0,0,1,203,1.015,331574,331826,332588
302,signal_10.csv,302,557,202.000000,457.000000,0.800000,-16,56,0,0x003ff4cd,-1.399902,0,0,1,203,1.015,332590,332842,333603
303,signal_10.csv,303,558,203.000000,458.000000,0.800000,-16,56,0,0x003ff5b8,-1.285156,0,0,1,202,1.010,333606,333858,334618
304,signal_10.csv,304,559,204.000000,459.000000,0.800000,-16,56,0,0x003ff5b6,-1.286133,0,0,1,203,1.015,334618,334870,335633
305,signal_10.csv,305,560,205.000000,460.000000,0.800000,-16,56,0,0x003ff568,-1.324219,0,0,1,203,1.015,335634,335886,336648
306,signal_10.csv,306,561,206.000000,461.000000,0.800000,-16,56,0,0x003ff551,-1.335449,0,0,1,203,1.015,336650,336902,337663
307,signal_10.csv,307,562,207.000000,462.000000,0.800000,-16,56,0,0x003ff573,-1.318848,0,0,1,202,1.010,337666,337918,338678
308,signal_10.csv,308,563,208.000000,463.000000,0.800000,-16,56,0,0x003ff493,-1.428223,0,0,1,203,1.015,338678,338930,339693
309,signal_10.csv,309,564,209.000000,464.000000,0.800000,-16,56,0,0x003ff583,-1.311035,0,0,1,203,1.015,339694,339946,340708
310,signal_10.csv,310,565,210.000000,465.000000,0.800000,-16,56,0,0x003ff567,-1.324707,0,0,1,203,1.015,340710,340962,341723
311,signal_10.csv,311,566,211.000000,466.000000,0.800000,-16,56,0,0x003ff4f0,-1.382812,0,0,1,202,1.010,341726,341978,342738
312,signal_10.csv,312,567,212.000000,467.000000,0.800000,-16,56,0,0x003ff50c,-1.369141,0,0,1,203,1.015,342738,342990,343753
313,signal_10.csv,313,568,213.000000,468.000000,0.800000,-16,56,0,0x003ff60f,-1.242676,0,0,1,203,1.015,343754,344006,344768
314,signal_10.csv,314,569,214.000000,469.000000,0.800000,-16,56,0,0x003ff4c5,-1.403809,0,0,1,203,1.015,344770,345022,345783
315,signal_10.csv,315,570,215.000000,470.000000,0.800000,-16,56,0,0x003ff5f1,-1.257324,0,0,1,202,1.010,345786,346038,346798
316,signal_10.csv,316,571,216.000000,471.000000,0.800000,-16,56,0,0x003ff5ae,-1.290039,0,0,1,203,1.015,346798,347050,347813
317,signal_10.csv,317,572,217.000000,472.000000,0.800000,-16,56,0,0x003ff5c3,-1.279785,0,0,1,203,1.015,347814,348066,348828
318,signal_10.csv,318,573,218.000000,473.000000,0.800000,-16,56,0,0x003ff665,-1.200684,0,0,1,203,1.015,348830,349082,349843
319,signal_10.csv,319,574,219.000000,474.000000,0.800000,-16,56,0,0x003ff737,-1.098145,0,0,1,202,1.010,349846,350098,350858
320,signal_10.csv,320,575,220.000000,475.000000,0.800000,-16,56,0,0x003ff615,-1.239746,0,0,1,203,1.015,350858,351110,351873
321,signal_10.csv,321,576,221.000000,476.000000,0.800000,-16,56,0,0x003ff6e6,-1.137695,0,0,1,203,1.015,351874,352126,352888
322,signal_10.csv,322,577,222.000000,477.000000,0.800000,-16,56,0,0x003ff681,-1.187012,0,0,1,203,1.015,352890,353142,353903
323,signal_10.csv,323,578,223.000000,478.000000,0.800000,-16,56,0,0x003ff65a,-1.206055,0,0,1,202,1.010,353906,354158,354918
324,signal_10.csv,324,579,224.000000,479.000000,0.800000,-16,56,0,0x003ff696,-1.176758,0,0,1,203,1.015,354918,355170,355933
325,signal_10.csv,325,580,225.000000,480.000000,0.800000,-16,56,0,0x003ff72b,-1.104004,0,0,1,203,1.015,355934,356186,356948
326,signal_10.csv,326,581,226.000000,481.000000,0.800000,-16,56,0,0x003ff630,-1.226562,0,0,1,203,1.015,356950,357202,357963
327,signal_10.csv,327,582,227.000000,482.000000,0.800000,-16,56,0,0x003ff6fb,-1.127441,0,0,1,202,1.010,357966,358218,358978
328,signal_10.csv,328,583,228.000000,483.000000,0.800000,-16,56,0,0x003ff682,-1.186523,0,0,1,203,1.015,358978,359230,359993
329,signal_10.csv,329,584,229.000000,484.000000,0.800000,-16,56,0,0x003ff69e,-1.172852,0,0,1,203,1.015,359994,360246,361008
330,signal_10.csv,330,585,230.000000,485.000000,0.800000,-16,56,0,0x003ff68f,-1.180176,0,0,1,203,1.015,361010,361262,362023
331,signal_10.csv,331,586,231.000000,486.000000,0.800000,-16,56,0,0x003ff72d,-1.103027,0,0,1,202,1.010,362026,362278,363038
332,signal_10.csv,332,587,232.000000,487.000000,0.800000,-16,56,0,0x003ff697,-1.176270,0,0,1,203,1.015,363038,363290,364053
333,signal_10.csv,333,588,233.000000,488.000000,0.800000,-16,56,0,0x003ff63d,-1.220215,0,0,1,203,1.015,364054,364306,365068
334,signal_10.csv,334,589,234.000000,489.000000,0.800000,-16,56,0,0x003ff606,-1.247070,0,0,1,203,1.015,365070,365322,366083
335,signal_10.csv,335,590,235.000000,490.000000,0.800000,-16,56,0,0x003ff64b,-1.213379,0,0,1,202,1.010,366086,366338,367098
336,signal_10.csv,336,591,236.000000,491.000000,0.800000,-16,56,0,0x003ff5e3,-1.264160,0,0,1,203,1.015,367098,367350,368113
337,signal_10.csv,337,592,237.000000,492.000000,0.800000,-16,56,0,0x003ff621,-1.233887,0,0,1,203,1.015,368114,368366,369128
338,signal_10.csv,338,593,238.000000,493.000000,0.800000,-16,56,0,0x003ff578,-1.316406,0,0,1,203,1.015,369130,369382,370143
339,signal_10.csv,339,594,239.000000,494.000000,0.800000,-16,56,0,0x003ff4ed,-1.384277,0,0,1,202,1.010,370146,370398,371158
340,signal_10.csv,340,595,240.000000,495.000000,0.800000,-16,56,0,0x003ff4d1,-1.397949,0,0,1,203,1.015,371158,371410,372173
341,signal_10.csv,341,596,241.000000,496.000000,0.800000,-16,56,0,0x003ff52d,-1.353027,0,0,1,203,1.015,372174,372426,373188
342,signal_10.csv,342,597,242.000000,497.000000,0.800000,-16,56,0,0x003ff45e,-1.454102,0,0,1,203,1.015,373190,373442,374203
343,signal_10.csv,343,598,243.000000,498.000000,0.800000,-16,56,0,0x003ff4b4,-1.412109,0,0,1,202,1.010,374206,374458,375218
344,signal_10.csv,344,599,244.000000,499.000000,0.800000,-16,56,0,0x003ff505,-1.372559,0,0,1,203,1.015,375218,375470,376233
345,signal_10.csv,345,600,245.000000,500.000000,0.800000,-16,56,0,0x003ff375,-1.567871,0,0,1,203,1.015,376234,376486,377248
346,signal_10.csv,346,601,246.000000,501.000000,0.800000,-16,56,0,0x003ff37d,-1.563965,0,0,1,203,1.015,377250,377502,378263
347,signal_10.csv,347,602,247.000000,502.000000,0.800000,-16,56,0,0x003ff4c2,-1.405273,0,0,1,202,1.010,378266,378518,379278
348,signal_10.csv,348,603,248.000000,503.000000,0.800000,-16,56,0,0x003ff3e6,-1.512695,0,0,1,203,1.015,379278,379530,380293
349,signal_10.csv,349,604,249.000000,504.000000,0.800000,-16,56,0,0x003ff427,-1.480957,0,0,1,203,1.015,380294,380546,381308
350,signal_10.csv,350,605,250.000000,505.000000,0.800000,-16,56,0,0x003ff441,-1.468262,0,0,1,203,1.015,381310,381562,382323
351,signal_10.csv,351,606,251.000000,506.000000,0.800000,-16,56,0,0x003ff2f9,-1.628418,0,0,1,202,1.010,382326,382578,383338
352,signal_10.csv,352,607,252.000000,507.000000,0.800000,-16,56,0,0x003ff325,-1.606934,0,0,1,203,1.015,383338,383590,384353
353,signal_10.csv,353,608,253.000000,508.000000,0.800000,-16,56,0,0x003ff4c6,-1.403320,0,0,1,203,1.015,384354,384606,385368
354,signal_10.csv,354,609,254.000000,509.000000,0.800000,-16,56,0,0x003ff453,-1.459473,0,0,1,203,1.015,385370,385622,386383
355,signal_10.csv,355,610,255.000000,510.000000,0.800000,-16,56,0,0x003ff45e,-1.454102,0,0,1,202,1.010,386386,386638,387398
356,signal_10.csv,356,611,256.000000,511.000000,0.800000,-16,56,0,0x003ff406,-1.497070,0,0,1,203,1.015,387398,387650,388413
357,signal_10.csv,357,612,257.000000,512.000000,0.800000,-16,56,0,0x003ff385,-1.560059,0,0,1,203,1.015,388414,388666,389428
358,signal_10.csv,358,613,258.000000,513.000000,0.800000,-16,56,0,0x003ff37f,-1.562988,0,0,1,203,1.015,389430,389682,390443
359,signal_10.csv,359,614,259.000000,514.000000,0.800000,-16,56,0,0x003ff4b2,-1.413086,0,0,1,202,1.010,390446,390698,391458
360,signal_10.csv,360,615,260.000000,515.000000,0.800000,-16,56,0,0x003ff4c4,-1.404297,0,0,1,203,1.015,391458,391710,392473
361,signal_10.csv,361,616,261.000000,516.000000,0.800000,-16,56,0,0x003ff4cb,-1.400879,0,0,1,203,1.015,392474,392726,393488
362,signal_10.csv,362,617,262.000000,517.000000,0.800000,-16,56,0,0x003ff50e,-1.368164,0,0,1,203,1.015,393490,393742,394503
363,signal_10.csv,363,618,263.000000,518.000000,0.800000,-16,56,0,0x003ff42a,-1.479492,0,0,1,202,1.010,394506,394758,395518
364,signal_10.csv,364,619,264.000000,519.000000,0.800000,-16,56,0,0x003ff489,-1.433105,0,0,1,203,1.015,395518,395770,396533
365,signal_10.csv,365,620,265.000000,520.000000,0.800000,-16,56,0,0x003ff620,-1.234375,0,0,1,203,1.015,396534,396786,397548
366,signal_10.csv,366,621,266.000000,521.000000,0.800000,-14,56,0,0x003ff5ae,-1.290039,0,0,1,203,1.015,397550,397802,398563
367,signal_10.csv,367,622,267.000000,522.000000,0.800000,-14,56,0,0x003ff53c,-1.345703,0,0,1,202,1.010,398566,398818,399578
368,signal_10.csv,368,623,268.000000,523.000000,0.800000,-14,56,0,0x003ff56d,-1.321777,0,0,1,203,1.015,399578,399830,400593
369,signal_10.csv,369,624,269.000000,524.000000,0.800000,-14,56,0,0x003ff51a,-1.362305,0,0,1,203,1.015,400594,400846,401608
370,signal_10.csv,370,625,270.000000,525.000000,0.800000,-14,56,0,0x003ff522,-1.358398,0,0,1,203,1.015,401610,401862,402623
371,signal_10.csv,371,626,271.000000,526.000000,0.800000,-14,56,0,0x003ff643,-1.217285,0,0,1,202,1.010,402626,402878,403638
372,signal_10.csv,372,627,272.000000,527.000000,0.800000,-14,56,0,0x003ff617,-1.238770,0,0,1,203,1.015,403638,403890,404653
373,signal_10.csv,373,628,273.000000,528.000000,0.800000,-14,56,0,0x003ff50c,-1.369141,0,0,1,203,1.015,404654,404906,405668
374,signal_10.csv,374,629,274.000000,529.000000,0.800000,-14,56,0,0x003ff60f,-1.242676,0,0,1,203,1.015,405670,405922,406683
375,signal_10.csv,375,630,275.000000,530.000000,0.800000,-14,56,0,0x003ff53d,-1.345215,0,0,1,202,1.010,406686,406938,407698
376,signal_10.csv,376,631,276.000000,531.000000,0.800000,-14,56,0,0x003ff54a,-1.338867,0,0,1,203,1.015,407698,407950,408713
377,signal_10.csv,377,632,277.000000,532.000000,0.800000,-14,56,0,0x003ff636,-1.223633,0,0,1,203,1.015,408714,408966,409728
378,signal_10.csv,378,633,278.000000,533.000000,0.800000,-14,56,0,0x003ff602,-1.249023,0,0,1,203,1.015,409730,409982,410743
379,signal_10.csv,379,634,279.000000,534.000000,0.800000,-14,56,0,0x003ff513,-1.365723,0,0,1,202,1.010,410746,410998,411758
380,signal_10.csv,380,635,280.000000,535.000000,0.800000,-14,56,0,0x003ff5d7,-1.270020,0,0,1,203,1.015,411758,412010,412773
381,signal_10.csv,381,636,281.000000,536.000000,0.800000,-14,56,0,0x003ff511,-1.366699,0,0,1,203,1.015,412774,413026,413788
382,signal_10.csv,382,637,282.000000,537.000000,0.800000,-14,56,0,0x003ff595,-1.302246,0,0,1,203,1.015,413790,414042,414803
383,signal_10.csv,383,638,283.000000,538.000000,0.800000,-14,56,0,0x003ff630,-1.226562,0,0,1,202,1.010,414806,415058,415818
384,signal_10.csv,384,639,284.000000,539.000000,0.800000,-14,56,0,0x003ff66c,-1.197266,0,0,1,203,1.015,415818,416070,416833
385,signal_10.csv,385,640,285.000000,540.000000,0.800000,-14,56,0,0x003ff605,-1.247559,0,0,1,203,1.015,416834,417086,417848
386,signal_10.csv,386,641,286.000000,541.000000,0.800000,-14,56,0,0x003ff6e7,-1.137207,0,0,1,203,1.015,417850,418102,418863
387,signal_10.csv,387,642,287.000000,542.000000,0.800000,-14,56,0,0x003ff5c4,-1.279297,0,0,1,202,1.010,418866,419118,419878
388,signal_10.csv,388,643,288.000000,543.000000,0.800000,-14,56,0,0x003ff601,-1.249512,0,0,1,203,1.015,419878,420130,420893
389,signal_10.csv,389,644,289.000000,544.000000,0.800000,-14,56,0,0x003ff6e8,-1.136719,0,0,1,203,1.015,420894,421146,421908
390,signal_10.csv,390,645,290.000000,545.000000,0.800000,-14,56,0,0x003ff82c,-0.978516,0,0,1,203,1.015,421910,422162,422923
391,signal_10.csv,391,646,291.000000,546.000000,0.800000,-14,56,0,0x003ff83f,-0.969238,0,0,1,202,1.010,422926,423178,423938
392,signal_10.csv,392,647,292.000000,547.000000,0.800000,-14,56,0,0x003ff7eb,-1.010254,0,0,1,203,1.015,423938,424190,424953
393,signal_10.csv,393,648,293.000000,548.000000,0.800000,-14,56,0,0x003ff5e2,-1.264648,0,0,1,203,1.015,424954,425206,425968
394,signal_10.csv,394,649,294.000000,549.000000,0.800000,-14,56,0,0x003ff6ce,-1.149414,0,0,1,203,1.015,425970,426222,426983
395,signal_10.csv,395,650,295.000000,550.000000,0.800000,-14,56,0,0x003ff7c4,-1.029297,0,0,1,202,1.010,426986,427238,427998
396,signal_10.csv,396,651,296.000000,551.000000,0.800000,-14,56,0,0x003ff89c,-0.923828,0,0,1,203,1.015,427998,428250,429013
397,signal_10.csv,397,652,297.000000,552.000000,0.800000,-14,56,0,0x003ff83d,-0.970215,0,0,1,203,1.015,429014,429266,430028
398,signal_10.csv,398,653,298.000000,553.000000,0.800000,-14,56,0,0x003ff7c1,-1.030762,0,0,1,203,1.015,430030,430282,431043
399,signal_10.csv,399,654,299.000000,554.000000,0.800000,-14,56,0,0x003ff5c9,-1.276855,0,0,1,202,1.010,431046,431298,432058
400,signal_10.csv,400,655,300.000000,555.000000,0.800000,-14,56,0,0x003ff5e9,-1.261230,0,0,1,203,1.015,432058,432310,433073
401,signal_10.csv,401,656,301.000000,556.000000,0.800000,-14,53,0,0x003ff7e1,-1.015137,0,0,1,203,1.015,433074,433326,434088
402,signal_10.csv,402,657,302.000000,557.000000,0.800000,-14,53,0,0x003ff8fe,-0.875977,0,0,1,203,1.015,434090,434342,435103
403,signal_10.csv,403,658,303.000000,558.000000,0.800000,-14,53,0,0x003ff888,-0.933594,0,0,1,202,1.010,435106,435358,436118
404,signal_10.csv,404,659,304.000000,559.000000,0.800000,-14,53,0,0x003ff7d3,-1.021973,0,0,1,203,1.015,436118,436370,437133
405,signal_10.csv,405,660,305.000000,560.000000,0.800000,-14,53,0,0x003ff5df,-1.266113,0,0,1,203,1.015,437134,437386,438148
406,signal_10.csv,406,661,306.000000,561.000000,0.800000,-14,53,0,0x003ff646,-1.215820,0,0,1,203,1.015,438150,438402,439163
407,signal_10.csv,407,662,307.000000,562.000000,0.800000,-14,53,0,0x003ff7a5,-1.044434,0,0,1,202,1.010,439166,439418,440178
408,signal_10.csv,408,663,308.000000,563.000000,0.800000,-14,53,0,0x003ff7f8,-1.003906,0,0,1,203,1.015,440178,440430,441193
409,signal_10.csv,409,664,309.000000,564.000000,0.800000,-14,53,0,0x003ff824,-0.982422,0,0,1,203,1.015,441194,441446,442208
410,signal_10.csv,410,665,310.000000,565.000000,0.800000,-14,53,0,0x003ff6cb,-1.150879,0,0,1,203,1.015,442210,442462,443223
411,signal_10.csv,411,666,311.000000,566.000000,0.800000,-14,53,0,0x003ff50c,-1.369141,0,0,1,202,1.010,443226,443478,444238
412,signal_10.csv,412,667,312.000000,567.000000,0.800000,-14,53,0,0x003ff542,-1.342773,0,0,1,203,1.015,444238,444490,445253
413,signal_10.csv,413,668,313.000000,568.000000,0.800000,-14,53,0,0x003ff674,-1.193359,0,0,1,203,1.015,445254,445506,446268
414,signal_10.csv,414,669,314.000000,569.000000,0.800000,-14,53,0,0x003ff6ab,-1.166504,0,0,1,203,1.015,446270,446522,447283
415,signal_10.csv,415,670,315.000000,570.000000,0.800000,-14,53,0,0x003ff6d9,-1.144043,0,0,1,202,1.010,447286,447538,448298
416,signal_10.csv,416,671,316.000000,571.000000,0.800000,-14,53,0,0x003ff5c5,-1.278809,0,0,1,203,1.015,448298,448550,449313
417,signal_10.csv,417,672,317.000000,572.000000,0.800000,-14,53,0,0x003ff4f3,-1.381348,0,0,1,203,1.015,449314,449566,450328
418,signal_10.csv,418,673,318.000000,573.000000,0.800000,-14,53,0,0x003ff4e2,-1.389648,0,0,1,203,1.015,450330,450582,451343
419,signal_10.csv,419,674,319.000000,574.000000,0.800000,-14,53,0,0x003ff52d,-1.353027,0,0,1,202,1.010,451346,451598,452358
420,signal_10.csv,420,675,320.000000,575.000000,0.800000,-14,53,0,0x003ff50f,-1.367676,0,0,1,203,1.015,452358,452610,453373
421,signal_10.csv,421,676,321.000000,576.000000,0.800000,-14,53,0,0x003ff582,-1.311523,0,0,1,203,1.015,453374,453626,454388
422,signal_10.csv,422,677,322.000000,577.000000,0.800000,-14,53,0,0x003ff528,-1.355469,0,0,1,203,1.015,454390,454642,455403
423,signal_10.csv,423,678,323.000000,578.000000,0.800000,-14,53,0,0x003ff4e5,-1.388184,0,0,1,202,1.010,455406,455658,456418
424,signal_10.csv,424,679,324.000000,579.000000,0.800000,-14,53,0,0x003ff46f,-1.445801,0,0,1,203,1.015,456418,456670,457433
425,signal_10.csv,425,680,325.000000,580.000000,0.800000,-14,53,0,0x003ff50d,-1.368652,0,0,1,203,1.015,457434,457686,458448
426,signal_10.csv,426,681,326.000000,581.000000,0.800000,-14,53,0,0x003ff468,-1.449219,0,0,1,203,1.015,458450,458702,459463
427,signal_10.csv,427,682,327.000000,582.000000,0.800000,-14,53,0,0x003ff59f,-1.297363,0,0,1,202,1.010,459466,459718,460478
428,signal_10.csv,428,683,328.000000,583.000000,0.800000,-14,53,0,0x003ff618,-1.238281,0,0,1,203,1.015,460478,460730,461493
429,signal_10.csv,429,684,329.000000,584.000000,0.800000,-14,53,0,0x003ff663,-1.201660,0,0,1,203,1.015,461494,461746,462508
430,signal_10.csv,430,685,330.000000,585.000000,0.800000,-14,53,0,0x003ff5ff,-1.250488,0,0,1,203,1.015,462510,462762,463523
431,signal_10.csv,431,686,331.000000,586.000000,0.800000,-14,53,0,0x003ff528,-1.355469,0,0,1,202,1.010,463526,463778,464538
432,signal_10.csv,432,687,332.000000,587.000000,0.800000,-14,53,0,0x003ff498,-1.425781,0,0,1,203,1.015,464538,464790,465553
433,signal_10.csv,433,688,333.000000,588.000000,0.800000,-14,53,0,0x003ff5f7,-1.254395,0,0,1,203,1.015,465554,465806,466568
434,signal_10.csv,434,689,334.000000,589.000000,0.800000,-14,53,0,0x003ff62a,-1.229492,0,0,1,203,1.015,466570,466822,467583
435,signal_10.csv,435,690,335.000000,590.000000,0.800000,-14,53,0,0x003ff6f9,-1.128418,0,0,1,202,1.010,467586,467838,468598
436,signal_10.csv,436,691,336.000000,591.000000,0.800000,-14,53,0,0x003ff69c,-1.173828,0,0,1,203,1.015,468598,468850,469613
437,signal_10.csv,437,692,337.000000,592.000000,0.800000,-14,53,0,0x003ff5ab,-1.291504,0,0,1,203,1.015,469614,469866,470628
438,signal_10.csv,438,693,338.000000,593.000000,0.800000,-14,53,0,0x003ff493,-1.428223,0,0,1,203,1.015,470630,470882,471643
439,signal_10.csv,439,694,339.000000,594.000000,0.800000,-14,53,0,0x003ff5dd,-1.267090,0,0,1,202,1.010,471646,471898,472658
440,signal_10.csv,440,695,340.000000,595.000000,0.800000,-14,53,0,0x003ff6d6,-1.145508,0,0,1,203,1.015,472658,472910,473673
441,signal_10.csv,441,696,341.000000,596.000000,0.800000,-14,53,0,0x003ff7c7,-1.027832,0,0,1,203,1.015,473674,473926,474688
442,signal_10.csv,442,697,342.000000,597.000000,0.800000,-14,53,0,0x003ff7a6,-1.043945,0,0,1,203,1.015,474690,474942,475703
443,signal_10.csv,443,698,343.000000,598.000000,0.800000,-14,53,0,0x003ff66e,-1.196289,0,0,1,202,1.010,475706,475958,476718
444,signal_10.csv,444,699,344.000000,599.000000,0.800000,-14,53,0,0x003ff592,-1.303711,0,0,1,203,1.015,476718,476970,477733
445,signal_10.csv,445,700,345.000000,600.000000,0.800000,-14,53,0,0x003ff618,-1.238281,0,0,1,203,1.015,477734,477986,478748
446,signal_10.csv,446,701,346.000000,601.000000,0.800000,-14,53,0,0x003ff7bd,-1.032715,0,0,1,203,1.015,478750,479002,479763
447,signal_10.csv,447,702,347.000000,602.000000,0.800000,-14,53,0,0x003ff89f,-0.922363,0,0,1,202,1.010,479766,480018,480778
448,signal_10.csv,448,703,348.000000,603.000000,0.800000,-14,53,0,0x003ff7e9,-1.011230,0,0,1,203,1.015,480778,481030,481793
449,signal_10.csv,449,704,349.000000,604.000000,0.800000,-14,53,0,0x003ff611,-1.241699,0,0,1,203,1.015,481794,482046,482808
450,signal_10.csv,450,705,350.000000,605.000000,0.800000,-14,53,0,0x003ff536,-1.348633,0,0,1,203,1.015,482810,483062,483823
451,signal_10.csv,451,706,351.000000,606.000000,0.800000,-14,53,0,0x003ff5b3,-1.287598,0,0,1,202,1.010,483826,484078,484838
452,signal_10.csv,452,707,352.000000,607.000000,0.800000,-14,53,0,0x003ff6db,-1.143066,0,0,1,203,1.015,484838,485090,485853
453,signal_10.csv,453,708,353.000000,608.000000,0.800000,-14,53,0,0x003ff7a4,-1.044922,0,0,1,203,1.015,485854,486106,486868
454,signal_10.csv,454,709,354.000000,609.000000,0.800000,-14,53,0,0x003ff75f,-1.078613,0,0,1,203,1.015,486870,487122,487883
455,signal_10.csv,455,710,355.000000,610.000000,0.800000,-14,53,0,0x003ff6af,-1.164551,0,0,1,202,1.010,487886,488138,488898
456,signal_10.csv,456,711,356.000000,611.000000,0.800000,-14,53,0,0x003ff564,-1.326172,0,0,1,203,1.015,488898,489150,489913
457,signal_10.csv,457,712,357.000000,612.000000,0.800000,-14,53,0,0x003ff59d,-1.298340,0,0,1,203,1.015,489914,490166,490928
458,signal_10.csv,458,713,358.000000,613.000000,0.800000,-14,53,0,0x003ff73c,-1.095703,0,0,1,203,1.015,490930,491182,491943
459,signal_10.csv,459,714,359.000000,614.000000,0.800000,-14,53,0,0x003ff7f3,-1.006348,0,0,1,202,1.010,491946,492198,492958
460,signal_10.csv,460,715,360.000000,615.000000,0.800000,-14,53,0,0x003ff779,-1.065918,0,0,1,203,1.015,492958,493210,493973
461,signal_10.csv,461,716,361.000000,616.000000,0.800000,-14,53,0,0x003ff6ce,-1.149414,0,0,1,203,1.015,493974,494226,494988
462,signal_10.csv,462,717,362.000000,617.000000,0.800000,-14,53,0,0x003ff5c3,-1.279785,0,0,1,203,1.015,494990,495242,496003
463,signal_10.csv,463,718,363.000000,618.000000,0.800000,-16,53,0,0x003ff558,-1.332031,0,0,1,202,1.010,496006,496258,497018
464,signal_10.csv,464,719,364.000000,619.000000,0.800000,-16,53,0,0x003ff6e1,-1.140137,0,0,1,203,1.015,497018,497270,498033
465,signal_10.csv,465,720,365.000000,620.000000,0.800000,-16,53,0,0x003ff7d8,-1.019531,0,0,1,203,1.015,498034,498286,499048
466,signal_10.csv,466,721,366.000000,621.000000,0.800000,-16,53,0,0x003ff6a5,-1.169434,0,0,1,203,1.015,499050,499302,500063
467,signal_10.csv,467,722,367.000000,622.000000,0.800000,-16,53,0,0x003ff6bc,-1.158203,0,0,1,202,1.010,500066,500318,501078
468,signal_10.csv,468,723,368.000000,623.000000,0.800000,-16,53,0,0x003ff5b7,-1.285645,0,0,1,203,1.015,501078,501330,502093
469,signal_10.csv,469,724,369.000000,624.000000,0.800000,-16,53,0,0x003ff582,-1.311523,0,0,1,203,1.015,502094,502346,503108
470,signal_10.csv,470,725,370.000000,625.000000,0.800000,-16,53,0,0x003ff6a8,-1.167969,0,0,1,203,1.015,503110,503362,504123
471,signal_10.csv,471,726,371.000000,626.000000,0.800000,-16,53,0,0x003ff78e,-1.055664,0,0,1,202,1.010,504126,504378,505138
472,signal_10.csv,472,727,372.000000,627.000000,0.800000,-16,53,0,0x003ff6ca,-1.151367,0,0,1,203,1.015,505138,505390,506153
473,signal_10.csv,473,728,373.000000,628.000000,0.800000,-16,53,0,0x003ff6fb,-1.127441,0,0,1,203,1.015,506154,506406,507168
474,signal_10.csv,474,729,374.000000,629.000000,0.800000,-16,53,0,0x003ff620,-1.234375,0,0,1,203,1.015,507170,507422,508183
475,signal_10.csv,475,730,375.000000,630.000000,0.800000,-16,53,0,0x003ff54e,-1.336914,0,0,1,202,1.010,508186,508438,509198
476,signal_10.csv,476,731,376.000000,631.000000,0.800000,-16,53,0,0x003ff63e,-1.219727,0,0,1,203,1.015,509198,509450,510213
477,signal_10.csv,477,732,377.000000,632.000000,0.800000,-16,53,0,0x003ff798,-1.050781,0,0,1,203,1.015,510214,510466,511228
478,signal_10.csv,478,733,378.000000,633.000000,0.800000,-16,53,0,0x003ff66d,-1.196777,0,0,1,203,1.015,511230,511482,512243
479,signal_10.csv,479,734,379.000000,634.000000,0.800000,-16,53,0,0x003ff67d,-1.188965,0,0,1,202,1.010,512246,512498,513258
480,signal_10.csv,480,735,380.000000,635.000000,0.800000,-16,53,0,0x003ff635,-1.224121,0,0,1,203,1.015,513258,513510,514273
481,signal_10.csv,481,736,381.000000,636.000000,0.800000,-16,53,0,0x003ff555,-1.333496,0,0,1,203,1.015,514274,514526,515288
482,signal_10.csv,482,737,382.000000,637.000000,0.800000,-16,53,0,0x003ff64a,-1.213867,0,0,1,203,1.015,515290,515542,516303
483,signal_10.csv,483,738,383.000000,638.000000,0.800000,-16,53,0,0x003ff7b8,-1.035156,0,0,1,202,1.010,516306,516558,517318
484,signal_10.csv,484,739,384.000000,639.000000,0.800000,-16,53,0,0x003ff6f0,-1.132812,0,0,1,203,1.015,517318,517570,518333
485,signal_10.csv,485,740,385.000000,640.000000,0.800000,-16,53,0,0x003ff6a3,-1.170410,0,0,1,203,1.015,518334,518586,519348
486,signal_10.csv,486,741,386.000000,641.000000,0.800000,-16,53,0,0x003ff623,-1.232910,0,0,1,203,1.015,519350,519602,520363
487,signal_10.csv,487,742,387.000000,642.000000,0.800000,-16,53,0,0x003ff545,-1.341309,0,0,1,202,1.010,520366,520618,521378
488,signal_10.csv,488,743,388.000000,643.000000,0.800000,-16,53,0,0x003ff5e6,-1.262695,0,0,1,203,1.015,521378,521630,522393
489,signal_10.csv,489,744,389.000000,644.000000,0.800000,-16,53,0,0x003ff6e4,-1.138672,0,0,1,203,1.015,522394,522646,523408
490,signal_10.csv,490,745,390.000000,645.000000,0.800000,-16,53,0,0x003ff657,-1.207520,0,0,1,203,1.015,523410,523662,524423
491,signal_10.csv,491,746,391.000000,646.000000,0.800000,-16,53,0,0x003ff55c,-1.330078,0,0,1,202,1.010,524426,524678,525438
492,signal_10.csv,492,747,392.000000,647.000000,0.800000,-16,53,0,0x003ff4cf,-1.398926,0,0,1,203,1.015,525438,525690,526453
493,signal_10.csv,493,748,393.000000,648.000000,0.800000,-16,53,0,0x003ff4ad,-1.415527,0,0,1,203,1.015,526454,526706,527468
494,signal_10.csv,494,749,394.000000,649.000000,0.800000,-16,53,0,0x003ff565,-1.325684,0,0,1,203,1.015,527470,527722,528483
495,signal_10.csv,495,750,395.000000,650.000000,0.800000,-16,53,0,0x003ff5e8,-1.261719,0,0,1,202,1.010,528486,528738,529498
496,signal_10.csv,496,751,396.000000,651.000000,0.800000,-16,53,0,0x003ff579,-1.315918,0,0,1,203,1.015,529498,529750,530513
497,signal_10.csv,497,752,397.000000,652.000000,0.800000,-16,53,0,0x003ff56c,-1.322266,0,0,1,203,1.015,530514,530766,531528
498,signal_10.csv,498,753,398.000000,653.000000,0.800000,-16,53,0,0x003ff47c,-1.439453,0,0,1,203,1.015,531530,531782,532543
499,signal_10.csv,499,754,399.000000,654.000000,0.800000,-16,53,0,0x003ff50c,-1.369141,0,0,1,202,1.010,532546,532798,533558
500,signal_10.csv,500,755,400.000000,655.000000,0.800000,-16,53,0,0x003ff582,-1.311523,0,0,1,203,1.015,533558,533810,534573
501,signal_10.csv,501,756,401.000000,656.000000,0.800000,-16,53,0,0x003ff594,-1.302734,0,0,1,203,1.015,534574,534826,535588
502,signal_10.csv,502,757,402.000000,657.000000,0.800000,-16,53,0,0x003ff564,-1.326172,0,0,1,203,1.015,535590,535842,536603
503,signal_10.csv,503,758,403.000000,658.000000,0.800000,-16,53,0,0x003ff57a,-1.315430,0,0,1,202,1.010,536606,536858,537618
504,signal_10.csv,504,759,404.000000,659.000000,0.800000,-16,53,0,0x003ff422,-1.483398,0,0,1,203,1.015,537618,537870,538633
505,signal_10.csv,505,760,405.000000,660.000000,0.800000,-16,53,0,0x003ff520,-1.359375,0,0,1,203,1.015,538634,538886,539648
506,signal_10.csv,506,761,406.000000,661.000000,0.800000,-16,53,0,0x003ff4b6,-1.411133,0,0,1,203,1.015,539650,539902,540663
507,signal_10.csv,507,762,407.000000,662.000000,0.800000,-16,53,0,0x003ff4d8,-1.394531,0,0,1,202,1.010,540666,540918,541678
508,signal_10.csv,508,763,408.000000,663.000000,0.800000,-16,53,0,0x003ff543,-1.342285,0,0,1,203,1.015,541678,541930,542693
509,signal_10.csv,509,764,409.000000,664.000000,0.800000,-16,53,0,0x003ff5cc,-1.275391,0,0,1,203,1.015,542694,542946,543708
510,signal_10.csv,510,765,410.000000,665.000000,0.800000,-16,53,0,0x003ff454,-1.458984,0,0,1,203,1.015,543710,543962,544723
511,signal_10.csv,511,766,411.000000,666.000000,0.800000,-16,53,0,0x003ff59a,-1.299805,0,0,1,202,1.010,544726,544978,545738
512,signal_10.csv,512,767,412.000000,667.000000,0.800000,-16,53,0,0x003ff4ee,-1.383789,0,0,1,203,1.015,545738,545990,546753
513,signal_10.csv,513,768,413.000000,668.000000,0.800000,-16,53,0,0x003ff49e,-1.422852,0,0,1,203,1.015,546754,547006,547768
514,signal_10.csv,514,769,414.000000,669.000000,0.800000,-16,53,0,0x003ff529,-1.354980,0,0,1,203,1.015,547770,548022,548783
515,signal_10.csv,515,770,415.000000,670.000000,0.800000,-16,53,0,0x003ff5b9,-1.284668,0,0,1,202,1.010,548786,549038,549798
516,signal_10.csv,516,771,416.000000,671.000000,0.800000,-16,53,0,0x003ff49e,-1.422852,0,0,1,203,1.015,549798,550050,550813
517,signal_10.csv,517,772,417.000000,672.000000,0.800000,-16,53,0,0x003ff5fd,-1.251465,0,0,1,203,1.015,550814,551066,551828
518,signal_10.csv,518,773,418.000000,673.000000,0.800000,-16,53,0,0x003ff4b6,-1.411133,0,0,1,203,1.015,551830,552082,552843
519,signal_10.csv,519,774,419.000000,674.000000,0.800000,-16,53,0,0x003ff440,-1.468750,0,0,1,202,1.010,552846,553098,553858
520,signal_10.csv,520,775,420.000000,675.000000,0.800000,-16,53,0,0x003ff4fb,-1.377441,0,0,1,203,1.015,553858,554110,554873
521,signal_10.csv,521,776,421.000000,676.000000,0.800000,-16,53,0,0x003ff5a1,-1.296387,0,0,1,203,1.015,554874,555126,555888
522,signal_10.csv,522,777,422.000000,677.000000,0.800000,-16,53,0,0x003ff55e,-1.329102,0,0,1,203,1.015,555890,556142,556903
523,signal_10.csv,523,778,423.000000,678.000000,0.800000,-16,53,0,0x003ff676,-1.192383,0,0,1,202,1.010,556906,557158,557918
524,signal_10.csv,524,779,424.000000,679.000000,0.800000,-16,53,0,0x003ff57a,-1.315430,0,0,1,203,1.015,557918,558170,558933
525,signal_10.csv,525,780,425.000000,680.000000,0.800000,-16,53,0,0x003ff4c7,-1.402832,0,0,1,203,1.015,558934,559186,559948
526,signal_10.csv,526,781,426.000000,681.000000,0.800000,-16,53,0,0x003ff5fa,-1.252930,0,0,1,203,1.015,559950,560202,560963
527,signal_10.csv,527,782,427.000000,682.000000,0.800000,-16,53,0,0x003ff610,-1.242188,0,0,1,202,1.010,560966,561218,561978
528,signal_10.csv,528,783,428.000000,683.000000,0.800000,-16,53,0,0x003ff5de,-1.266602,0,0,1,203,1.015,561978,562230,562993
529,signal_10.csv,529,784,429.000000,684.000000,0.800000,-16,53,0,0x003ff62f,-1.227051,0,0,1,203,1.015,562994,563246,564008
530,signal_10.csv,530,785,430.000000,685.000000,0.800000,-16,53,0,0x003ff4f2,-1.381836,0,0,1,203,1.015,564010,564262,565023
531,signal_10.csv,531,786,431.000000,686.000000,0.800000,-16,53,0,0x003ff43c,-1.470703,0,0,1,202,1.010,565026,565278,566038
532,signal_10.csv,532,787,432.000000,687.000000,0.800000,-16,53,0,0x003ff524,-1.357422,0,0,1,203,1.015,566038,566290,567053
533,signal_10.csv,533,788,433.000000,688.000000,0.800000,-16,53,0,0x003ff550,-1.335938,0,0,1,203,1.015,567054,567306,568068
534,signal_10.csv,534,789,434.000000,689.000000,0.800000,-16,53,0,0x003ff63e,-1.219727,0,0,1,203,1.015,568070,568322,569083
535,signal_10.csv,535,790,435.000000,690.000000,0.800000,-16,53,0,0x003ff6a4,-1.169922,0,0,1,202,1.010,569086,569338,570098
536,signal_10.csv,536,791,436.000000,691.000000,0.800000,-16,53,0,0x003ff5d3,-1.271973,0,0,1,203,1.015,570098,570350,571113
537,signal_10.csv,537,792,437.000000,692.000000,0.800000,-16,53,0,0x003ff510,-1.367188,0,0,1,203,1.015,571114,571366,572128
538,signal_10.csv,538,793,438.000000,693.000000,0.800000,-16,53,0,0x003ff5d1,-1.272949,0,0,1,203,1.015,572130,572382,573143
539,signal_10.csv,539,794,439.000000,694.000000,0.800000,-16,53,0,0x003ff655,-1.208496,0,0,1,202,1.010,573146,573398,574158
540,signal_10.csv,540,795,440.000000,695.000000,0.800000,-16,53,0,0x003ff6cb,-1.150879,0,0,1,203,1.015,574158,574410,575173
541,signal_10.csv,541,796,441.000000,696.000000,0.800000,-16,53,0,0x003ff628,-1.230469,0,0,1,203,1.015,575174,575426,576188
542,signal_10.csv,542,797,442.000000,697.000000,0.800000,-16,53,0,0x003ff5b8,-1.285156,0,0,1,203,1.015,576190,576442,577203
543,signal_10.csv,543,798,443.000000,698.000000,0.800000,-16,53,0,0x003ff4ec,-1.384766,0,0,1,202,1.010,577206,577458,578218
544,signal_10.csv,544,799,444.000000,699.000000,0.800000,-16,53,0,0x003ff52b,-1.354004,0,0,1,203,1.015,578218,578470,579233
545,signal_10.csv,545,800,445.000000,700.000000,0.800000,-16,53,0,0x003ff596,-1.301758,0,0,1,203,1.015,579234,579486,580248
546,signal_10.csv,546,801,446.000000,701.000000,0.800000,-16,53,0,0x003ff6cc,-1.150391,0,0,1,203,1.015,580250,580502,581263
547,signal_10.csv,547,802,447.000000,702.000000,0.800000,-16,53,0,0x003ff6e9,-1.136230,0,0,1,202,1.010,581266,581518,582278
548,signal_10.csv,548,803,448.000000,703.000000,0.800000,-16,53,0,0x003ff63d,-1.220215,0,0,1,203,1.015,582278,582530,583293
549,signal_10.csv,549,804,449.000000,704.000000,0.800000,-16,53,0,0x003ff609,-1.245605,0,0,1,203,1.015,583294,583546,584308
550,signal_10.csv,550,805,450.000000,705.000000,0.800000,-16,53,0,0x003ff586,-1.309570,0,0,1,203,1.015,584310,584562,585323
551,signal_10.csv,551,806,451.000000,706.000000,0.800000,-16,53,0,0x003ff645,-1.216309,0,0,1,202,1.010,585326,585578,586338
552,signal_10.csv,552,807,452.000000,707.000000,0.800000,-16,53,0,0x003ff7a6,-1.043945,0,0,1,203,1.015,586338,586590,587353
553,signal_10.csv,553,808,453.000000,708.000000,0.800000,-16,53,0,0x003ff77e,-1.063477,0,0,1,203,1.015,587354,587606,588368
554,signal_10.csv,554,809,454.000000,709.000000,0.800000,-16,53,0,0x003ff6ed,-1.134277,0,0,1,203,1.015,588370,588622,589383
555,signal_10.csv,555,810,455.000000,710.000000,0.800000,-16,53,0,0x003ff658,-1.207031,0,0,1,202,1.010,589386,589638,590398
556,signal_10.csv,556,811,456.000000,711.000000,0.800000,-16,53,0,0x003ff631,-1.226074,0,0,1,203,1.015,590398,590650,591413
557,signal_10.csv,557,812,457.000000,712.000000,0.800000,-16,53,0,0x003ff6cd,-1.149902,0,0,1,203,1.015,591414,591666,592428
558,signal_10.csv,558,813,458.000000,713.000000,0.800000,-16,53,0,0x003ff7f3,-1.006348,0,0,1,203,1.015,592430,592682,593443
559,signal_10.csv,559,814,459.000000,714.000000,0.800000,-16,53,0,0x003ff79c,-1.048828,0,0,1,202,1.010,593446,593698,594458
560,signal_10.csv,560,815,460.000000,715.000000,0.800000,-16,53,0,0x003ff68a,-1.182617,0,0,1,203,1.015,594458,594710,595473
561,signal_10.csv,561,816,461.000000,716.000000,0.800000,-16,53,0,0x003ff66a,-1.198242,0,0,1,203,1.015,595474,595726,596488
562,signal_10.csv,562,817,462.000000,717.000000,0.800000,-16,53,0,0x003ff5fb,-1.252441,0,0,1,203,1.015,596490,596742,597503
563,signal_10.csv,563,818,463.000000,718.000000,0.800000,-16,53,0,0x003ff654,-1.208984,0,0,1,202,1.010,597506,597758,598518
564,signal_10.csv,564,819,464.000000,719.000000,0.800000,-16,53,0,0x003ff744,-1.091797,0,0,1,203,1.015,598518,598770,599533
565,signal_10.csv,565,820,465.000000,720.000000,0.800000,-16,53,0,0x003ff6f5,-1.130371,0,0,1,203,1.015,599534,599786,600548
566,signal_10.csv,566,821,466.000000,721.000000,0.800000,-16,53,0,0x003ff66a,-1.198242,0,0,1,203,1.015,600550,600802,601563
567,signal_10.csv,567,822,467.000000,722.000000,0.800000,-16,53,0,0x003ff6e7,-1.137207,0,0,1,202,1.010,601566,601818,602578
568,signal_10.csv,568,823,468.000000,723.000000,0.800000,-16,53,0,0x003ff6e2,-1.139648,0,0,1,203,1.015,602578,602830,603593
569,signal_10.csv,569,824,469.000000,724.000000,0.800000,-16,53,0,0x003ff75b,-1.080566,0,0,1,203,1.015,603594,603846,604608
570,signal_10.csv,570,825,470.000000,725.000000,0.800000,-16,53,0,0x003ff7a4,-1.044922,0,0,1,203,1.015,604610,604862,605623
571,signal_10.csv,571,826,471.000000,726.000000,0.800000,-16,53,0,0x003ff714,-1.115234,0,0,1,202,1.010,605626,605878,606638
572,signal_10.csv,572,827,472.000000,727.000000,0.800000,-16,53,0,0x003ff69d,-1.173340,0,0,1,203,1.015,606638,606890,607653
573,signal_10.csv,573,828,473.000000,728.000000,0.800000,-16,53,0,0x003ff7d0,-1.023438,0,0,1,203,1.015,607654,607906,608668
574,signal_10.csv,574,829,474.000000,729.000000,0.800000,-16,53,0,0x003ff707,-1.121582,0,0,1,203,1.015,608670,608922,609683
575,signal_10.csv,575,830,475.000000,730.000000,0.800000,-16,53,0,0x003ff75c,-1.080078,0,0,1,202,1.010,609686,609938,610698
576,signal_10.csv,576,831,476.000000,731.000000,0.800000,-16,53,0,0x003ff6fa,-1.127930,0,0,1,203,1.015,610698,610950,611713
577,signal_10.csv,577,832,477.000000,732.000000,0.800000,-16,53,0,0x003ff63b,-1.221191,0,0,1,203,1.015,611714,611966,612728
578,signal_10.csv,578,833,478.000000,733.000000,0.800000,-16,53,0,0x003ff6a6,-1.168945,0,0,1,203,1.015,612730,612982,613743
579,signal_10.csv,579,834,479.000000,734.000000,0.800000,-16,53,0,0x003ff7f9,-1.003418,0,0,1,202,1.010,613746,613998,614758
580,signal_10.csv,580,835,480.000000,735.000000,0.800000,-16,53,0,0x003ff7df,-1.016113,0,0,1,203,1.015,614758,615010,615773
581,signal_10.csv,581,836,481.000000,736.000000,0.800000,-16,53,0,0x003ff808,-0.996094,0,0,1,203,1.015,615774,616026,616788
582,signal_10.csv,582,837,482.000000,737.000000,0.800000,-16,53,0,0x003ff696,-1.176758,0,0,1,203,1.015,616790,617042,617803
583,signal_10.csv,583,838,483.000000,738.000000,0.800000,-16,53,0,0x003ff696,-1.176758,0,0,1,202,1.010,617806,618058,618818
584,signal_10.csv,584,839,484.000000,739.000000,0.800000,-16,53,0,0x003ff761,-1.077637,0,0,1,203,1.015,618818,619070,619833
585,signal_10.csv,585,840,485.000000,740.000000,0.800000,-16,53,0,0x003ff891,-0.929199,0,0,1,203,1.015,619834,620086,620848
586,signal_10.csv,586,841,486.000000,741.000000,0.800000,-16,53,0,0x003ff74a,-1.088867,0,0,1,203,1.015,620850,621102,621863
587,signal_10.csv,587,842,487.000000,742.000000,0.800000,-16,53,0,0x003ff703,-1.123535,0,0,1,202,1.010,621866,622118,622878
588,signal_10.csv,588,843,488.000000,743.000000,0.800000,-16,53,0,0x003ff61d,-1.235840,0,0,1,203,1.015,622878,623130,623893
589,signal_10.csv,589,844,489.000000,744.000000,0.800000,-16,53,0,0x003ff5b3,-1.287598,0,0,1,203,1.015,623894,624146,624908
590,signal_10.csv,590,845,490.000000,745.000000,0.800000,-16,53,0,0x003ff776,-1.067383,0,0,1,203,1.015,624910,625162,625923
591,signal_10.csv,591,846,491.000000,746.000000,0.800000,-16,53,0,0x003ff847,-0.965332,0,0,1,202,1.010,625926,626178,626938
592,signal_10.csv,592,847,492.000000,747.000000,0.800000,-16,53,0,0x003ff6cd,-1.149902,0,0,1,203,1.015,626938,627190,627953
593,signal_10.csv,593,848,493.000000,748.000000,0.800000,-16,53,0,0x003ff692,-1.178711,0,0,1,203,1.015,627954,628206,628968
594,signal_10.csv,594,849,494.000000,749.000000,0.800000,-16,53,0,0x003ff603,-1.248535,0,0,1,203,1.015,628970,629222,629983
595,signal_10.csv,595,850,495.000000,750.000000,0.800000,-16,53,0,0x003ff61f,-1.234863,0,0,1,202,1.010,629986,630238,630998
596,signal_10.csv,596,851,496.000000,751.000000,0.800000,-16,53,0,0x003ff769,-1.073730,0,0,1,203,1.015,630998,631250,632013
597,signal_10.csv,597,852,497.000000,752.000000,0.800000,-16,53,0,0x003ff75b,-1.080566,0,0,1,203,1.015,632014,632266,633028
598,signal_10.csv,598,853,498.000000,753.000000,0.800000,-16,53,0,0x003ff5cc,-1.275391,0,0,1,203,1.015,633030,633282,634043
599,signal_10.csv,599,854,499.000000,754.000000,0.800000,-16,53,0,0x003ff4ee,-1.383789,0,0,1,202,1.010,634046,634298,635058
600,signal_10.csv,600,855,500.000000,755.000000,0.800000,-16,53,0,0x003ff55a,-1.331055,0,0,1,203,1.015,635058,635310,636073
601,signal_10.csv,601,856,501.000000,756.000000,0.800000,-16,53,0,0x003ff4c7,-1.402832,0,0,1,203,1.015,636074,636326,637088
602,signal_10.csv,602,857,502.000000,757.000000,0.800000,-16,53,0,0x003ff63d,-1.220215,0,0,1,203,1.015,637090,637342,638103
603,signal_10.csv,603,858,503.000000,758.000000,0.800000,-16,53,0,0x003ff5c5,-1.278809,0,0,1,202,1.010,638106,638358,639118
604,signal_10.csv,604,859,504.000000,759.000000,0.800000,-16,53,0,0x003ff487,-1.434082,0,0,1,203,1.015,639118,639370,640133
605,signal_10.csv,605,860,505.000000,760.000000,0.800000,-16,53,0,0x003ff3f8,-1.503906,0,0,1,203,1.015,640134,640386,641148
606,signal_10.csv,606,861,506.000000,761.000000,0.800000,-16,53,0,0x003ff50e,-1.368164,0,0,1,203,1.015,641150,641402,642163
607,signal_10.csv,607,862,507.000000,762.000000,0.800000,-16,53,0,0x003ff4b5,-1.411621,0,0,1,202,1.010,642166,642418,643178
608,signal_10.csv,608,863,508.000000,763.000000,0.800000,-16,53,0,0x003ff5e0,-1.265625,0,0,1,203,1.015,643178,643430,644193
609,signal_10.csv,609,864,509.000000,764.000000,0.800000,-16,53,0,0x003ff5d0,-1.273438,0,0,1,203,1.015,644194,644446,645208
610,signal_10.csv,610,865,510.000000,765.000000,0.800000,-16,53,0,0x003ff4ef,-1.383301,0,0,1,203,1.015,645210,645462,646223
611,signal_10.csv,611,866,511.000000,766.000000,0.800000,-16,53,0,0x003ff4aa,-1.416992,0,0,1,202,1.010,646226,646478,647238
612,signal_10.csv,612,867,512.000000,767.000000,0.800000,-16,53,0,0x003ff569,-1.323730,0,0,1,203,1.015,647238,647490,648253
613,signal_10.csv,613,868,513.000000,768.000000,0.800000,-16,53,0,0x003ff478,-1.441406,0,0,1,203,1.015,648254,648506,649268
614,signal_10.csv,614,869,514.000000,769.000000,0.800000,-16,53,0,0x003ff579,-1.315918,0,0,1,203,1.015,649270,649522,650283
615,signal_10.csv,615,870,515.000000,770.000000,0.800000,-16,53,0,0x003ff55b,-1.330566,0,0,1,202,1.010,650286,650538,651298
616,signal_10.csv,616,871,516.000000,771.000000,0.800000,-16,53,0,0x003ff59b,-1.299316,0,0,1,203,1.015,651298,651550,652313
617,signal_10.csv,617,872,517.000000,772.000000,0.800000,-16,53,0,0x003ff540,-1.343750,0,0,1,203,1.015,652314,652566,653328
618,signal_10.csv,618,873,518.000000,773.000000,0.800000,-16,53,0,0x003ff4ff,-1.375488,0,0,1,203,1.015,653330,653582,654343
619,signal_10.csv,619,874,519.000000,774.000000,0.800000,-16,53,0,0x003ff505,-1.372559,0,0,1,202,1.010,654346,654598,655358
620,signal_10.csv,620,875,520.000000,775.000000,0.800000,-16,53,0,0x003ff5b5,-1.286621,0,0,1,203,1.015,655358,655610,656373
621,signal_10.csv,621,876,521.000000,776.000000,0.800000,-16,53,0,0x003ff5c3,-1.279785,0,0,1,203,1.015,656374,656626,657388
622,signal_10.csv,622,877,522.000000,777.000000,0.800000,-16,53,0,0x003ff6cb,-1.150879,0,0,1,203,1.015,657390,657642,658403
623,signal_10.csv,623,878,523.000000,778.000000,0.800000,-16,53,0,0x003ff640,-1.218750,0,0,1,202,1.010,658406,658658,659418
624,signal_10.csv,624,879,524.000000,779.000000,0.800000,-16,53,0,0x003ff5a1,-1.296387,0,0,1,203,1.015,659418,659670,660433
625,signal_10.csv,625,880,525.000000,780.000000,0.800000,-16,53,0,0x003ff5de,-1.266602,0,0,1,203,1.015,660434,660686,661448
626,signal_10.csv,626,881,526.000000,781.000000,0.800000,-16,53,0,0x003ff69a,-1.174805,0,0,1,203,1.015,661450,661702,662463
627,signal_10.csv,627,882,527.000000,782.000000,0.800000,-16,53,0,0x003ff624,-1.232422,0,0,1,202,1.010,662466,662718,663478
628,signal_10.csv,628,883,528.000000,783.000000,0.800000,-16,53,0,0x003ff786,-1.059570,0,0,1,203,1.015,663478,663730,664493
629,signal_10.csv,629,884,529.000000,784.000000,0.800000,-16,53,0,0x003ff6bf,-1.156738,0,0,1,203,1.015,664494,664746,665508
630,signal_10.csv,630,885,530.000000,785.000000,0.800000,-16,53,0,0x003ff52f,-1.352051,0,0,1,203,1.015,665510,665762,666523
631,signal_10.csv,631,886,531.000000,786.000000,0.800000,-16,53,0,0x003ff57e,-1.313477,0,0,1,202,1.010,666526,666778,667538
632,signal_10.csv,632,887,532.000000,787.000000,0.800000,-16,53,0,0x003ff730,-1.101562,0,0,1,203,1.015,667538,667790,668553
633,signal_10.csv,633,888,533.000000,788.000000,0.800000,-16,53,0,0x003ff6a6,-1.168945,0,0,1,203,1.015,668554,668806,669568
634,signal_10.csv,634,889,534.000000,789.000000,0.800000,-16,53,0,0x003ff850,-0.960938,0,0,1,203,1.015,669570,669822,670583
635,signal_10.csv,635,890,535.000000,790.000000,0.800000,-16,53,0,0x003ff768,-1.074219,0,0,1,202,1.010,670586,670838,671598
636,signal_10.csv,636,891,536.000000,791.000000,0.800000,-16,53,0,0x003ff606,-1.247070,0,0,1,203,1.015,671598,671850,672613
637,signal_10.csv,637,892,537.000000,792.000000,0.800000,-16,53,0,0x003ff609,-1.245605,0,0,1,203,1.015,672614,672866,673628
638,signal_10.csv,638,893,538.000000,793.000000,0.800000,-16,53,0,0x003ff768,-1.074219,0,0,1,203,1.015,673630,673882,674643
639,signal_10.csv,639,894,539.000000,794.000000,0.800000,-16,53,0,0x003ff6dd,-1.142090,0,0,1,202,1.010,674646,674898,675658
640,signal_10.csv,640,895,540.000000,795.000000,0.800000,-16,53,0,0x003ff784,-1.060547,0,0,1,203,1.015,675658,675910,676673
641,signal_10.csv,641,896,541.000000,796.000000,0.800000,-16,53,0,0x003ff732,-1.100586,0,0,1,203,1.015,676674,676926,677688
642,signal_10.csv,642,897,542.000000,797.000000,0.800000,-16,53,0,0x003ff617,-1.238770,0,0,1,203,1.015,677690,677942,678703
643,signal_10.csv,643,898,543.000000,798.000000,0.800000,-16,53,0,0x003ff560,-1.328125,0,0,1,202,1.010,678706,678958,679718
644,signal_10.csv,644,899,544.000000,799.000000,0.800000,-16,53,0,0x003ff6d3,-1.146973,0,0,1,203,1.015,679718,679970,680733
645,signal_10.csv,645,900,545.000000,800.000000,0.800000,-16,53,0,0x003ff6a8,-1.167969,0,0,1,203,1.015,680734,680986,681748
646,signal_10.csv,646,901,546.000000,801.000000,0.800000,-16,53,0,0x003ff743,-1.092285,0,0,1,203,1.015,681750,682002,682763
647,signal_10.csv,647,902,547.000000,802.000000,0.800000,-16,53,0,0x003ff708,-1.121094,0,0,1,202,1.010,682766,683018,683778
648,signal_10.csv,648,903,548.000000,803.000000,0.800000,-16,53,0,0x003ff5a5,-1.294434,0,0,1,203,1.015,683778,684030,684793
649,signal_10.csv,649,904,549.000000,804.000000,0.800000,-16,53,0,0x003ff524,-1.357422,0,0,1,203,1.015,684794,685046,685808
650,signal_10.csv,650,905,550.000000,805.000000,0.800000,-16,53,0,0x003ff5e5,-1.263184,0,0,1,203,1.015,685810,686062,686823
651,signal_10.csv,651,906,551.000000,806.000000,0.800000,-16,53,0,0x003ff67e,-1.188477,0,0,1,202,1.010,686826,687078,687838
652,signal_10.csv,652,907,552.000000,807.000000,0.800000,-16,53,0,0x003ff5e4,-1.263672,0,0,1,203,1.015,687838,688090,688853
653,signal_10.csv,653,908,553.000000,808.000000,0.800000,-16,50,0,0x003ff643,-1.217285,0,0,1,203,1.015,688854,689106,689868
654,signal_10.csv,654,909,554.000000,809.000000,0.800000,-16,50,0,0x003ff536,-1.348633,0,0,1,203,1.015,689870,690122,690883
655,signal_10.csv,655,910,555.000000,810.000000,0.800000,-16,50,0,0x003ff45f,-1.453613,0,0,1,202,1.010,690886,691138,691898
656,signal_10.csv,656,911,556.000000,811.000000,0.800000,-16,50,0,0x003ff4bf,-1.406738,0,0,1,203,1.015,691898,692150,692913
657,signal_10.csv,657,912,557.000000,812.000000,0.800000,-16,50,0,0x003ff5ee,-1.258789,0,0,1,203,1.015,692914,693166,693928
658,signal_10.csv,658,913,558.000000,813.000000,0.800000,-16,50,0,0x003ff59c,-1.298828,0,0,1,203,1.015,693930,694182,694943
659,signal_10.csv,659,914,559.000000,814.000000,0.800000,-16,50,0,0x003ff5ab,-1.291504,0,0,1,202,1.010,694946,695198,695958
660,signal_10.csv,660,915,560.000000,815.000000,0.800000,-16,50,0,0x003ff429,-1.479980,0,0,1,203,1.015,695958,696210,696973
661,signal_10.csv,661,916,561.000000,816.000000,0.800000,-16,50,0,0x003ff4a1,-1.421387,0,0,1,203,1.015,696974,697226,697988
662,signal_10.csv,662,917,562.000000,817.000000,0.800000,-16,50,0,0x003ff518,-1.363281,0,0,1,203,1.015,697990,698242,699003
663,signal_10.csv,663,918,563.000000,818.000000,0.800000,-16,50,0,0x003ff528,-1.355469,0,0,1,202,1.010,699006,699258,700018
664,signal_10.csv,664,919,564.000000,819.000000,0.800000,-16,50,0,0x003ff50a,-1.370117,0,0,1,203,1.015,700018,700270,701033
665,signal_10.csv,665,920,565.000000,820.000000,0.800000,-16,50,0,0x003ff58f,-1.305176,0,0,1,203,1.015,701034,701286,702048
666,signal_10.csv,666,921,566.000000,821.000000,0.800000,-16,50,0,0x003ff458,-1.457031,0,0,1,203,1.015,702050,702302,703063
667,signal_10.csv,667,922,567.000000,822.000000,0.800000,-16,50,0,0x003ff4dd,-1.392090,0,0,1,202,1.010,703066,703318,704078
668,signal_10.csv,668,923,568.000000,823.000000,0.800000,-16,50,0,0x003ff537,-1.348145,0,0,1,203,1.015,704078,704330,705093
669,signal_10.csv,669,924,569.000000,824.000000,0.800000,-16,50,0,0x003ff5aa,-1.291992,0,0,1,203,1.015,705094,705346,706108
670,signal_10.csv,670,925,570.000000,825.000000,0.800000,-16,50,0,0x003ff5ce,-1.274414,0,0,1,203,1.015,706110,706362,707123
671,signal_10.csv,671,926,571.000000,826.000000,0.800000,-16,50,0,0x003ff5e6,-1.262695,0,0,1,202,1.010,707126,707378,708138
672,signal_10.csv,672,927,572.000000,827.000000,0.800000,-16,50,0,0x003ff4de,-1.391602,0,0,1,203,1.015,708138,708390,709153
673,signal_10.csv,673,928,573.000000,828.000000,0.800000,-16,50,0,0x003ff5ce,-1.274414,0,0,1,203,1.015,709154,709406,710168
674,signal_10.csv,674,929,574.000000,829.000000,0.800000,-16,50,0,0x003ff636,-1.223633,0,0,1,203,1.015,710170,710422,711183
675,signal_10.csv,675,930,575.000000,830.000000,0.800000,-16,50,0,0x003ff5d4,-1.271484,0,0,1,202,1.010,711186,711438,712198
676,signal_10.csv,676,931,576.000000,831.000000,0.800000,-16,50,0,0x003ff5f5,-1.255371,0,0,1,203,1.015,712198,712450,713213
677,signal_10.csv,677,932,577.000000,832.000000,0.800000,-16,50,0,0x003ff60e,-1.243164,0,0,1,203,1.015,713214,713466,714228
678,signal_10.csv,678,933,578.000000,833.000000,0.800000,-16,50,0,0x003ff465,-1.450684,0,0,1,203,1.015,714230,714482,715243
679,signal_10.csv,679,934,579.000000,834.000000,0.800000,-16,50,0,0x003ff633,-1.225098,0,0,1,202,1.010,715246,715498,716258
680,signal_10.csv,680,935,580.000000,835.000000,0.800000,-16,50,0,0x003ff713,-1.115723,0,0,1,203,1.015,716258,716510,717273
681,signal_10.csv,681,936,581.000000,836.000000,0.800000,-16,50,0,0x003ff601,-1.249512,0,0,1,203,1.015,717274,717526,718288
682,signal_10.csv,682,937,582.000000,837.000000,0.800000,-16,50,0,0x003ff628,-1.230469,0,0,1,203,1.015,718290,718542,719303
683,signal_10.csv,683,938,583.000000,838.000000,0.800000,-16,50,0,0x003ff638,-1.222656,0,0,1,202,1.010,719306,719558,720318
684,signal_10.csv,684,939,584.000000,839.000000,0.800000,-16,50,0,0x003ff5bb,-1.283691,0,0,1,203,1.015,720318,720570,721333
685,signal_10.csv,685,940,585.000000,840.000000,0.800000,-16,50,0,0x003ff6d0,-1.148438,0,0,1,203,1.015,721334,721586,722348
686,signal_10.csv,686,941,586.000000,841.000000,0.800000,-16,50,0,0x003ff6f2,-1.131836,0,0,1,203,1.015,722350,722602,723363
687,signal_10.csv,687,942,587.000000,842.000000,0.800000,-16,50,0,0x003ff5ee,-1.258789,0,0,1,202,1.010,723366,723618,724378
688,signal_10.csv,688,943,588.000000,843.000000,0.800000,-16,50,0,0x003ff684,-1.185547,0,0,1,203,1.015,724378,724630,725393
689,signal_10.csv,689,944,589.000000,844.000000,0.800000,-16,50,0,0x003ff6c0,-1.156250,0,0,1,203,1.015,725394,725646,726408
690,signal_10.csv,690,945,590.000000,845.000000,0.800000,-16,50,0,0x003ff638,-1.222656,0,0,1,203,1.015,726410,726662,727423
691,signal_10.csv,691,946,591.000000,846.000000,0.800000,-16,50,0,0x003ff76b,-1.072754,0,0,1,202,1.010,727426,727678,728438
692,signal_10.csv,692,947,592.000000,847.000000,0.800000,-16,50,0,0x003ff777,-1.066895,0,0,1,203,1.015,728438,728690,729453
693,signal_10.csv,693,948,593.000000,848.000000,0.800000,-16,50,0,0x003ff65e,-1.204102,0,0,1,203,1.015,729454,729706,730468
694,signal_10.csv,694,949,594.000000,849.000000,0.800000,-16,50,0,0x003ff647,-1.215332,0,0,1,203,1.015,730470,730722,731483
695,signal_10.csv,695,950,595.000000,850.000000,0.800000,-16,50,0,0x003ff6a7,-1.168457,0,0,1,202,1.010,731486,731738,732498
696,signal_10.csv,696,951,596.000000,851.000000,0.800000,-16,50,0,0x003ff6c6,-1.153320,0,0,1,203,1.015,732498,732750,733513
697,signal_10.csv,697,952,597.000000,852.000000,0.800000,-16,50,0,0x003ff712,-1.116211,0,0,1,203,1.015,733514,733766,734528
698,signal_10.csv,698,953,598.000000,853.000000,0.800000,-16,50,0,0x003ff602,-1.249023,0,0,1,203,1.015,734530,734782,735543
699,signal_10.csv,699,954,599.000000,854.000000,0.800000,-16,50,0,0x003ff595,-1.302246,0,0,1,202,1.010,735546,735798,736558
700,signal_10.csv,700,955,600.000000,855.000000,0.800000,-16,50,0,0x003ff5a0,-1.296875,0,0,1,203,1.015,736558,736810,737573
701,signal_10.csv,701,956,601.000000,856.000000,0.800000,-16,50,0,0x003ff5ff,-1.250488,0,0,1,203,1.015,737574,737826,738588
702,signal_10.csv,702,957,602.000000,857.000000,0.800000,-16,50,0,0x003ff680,-1.187500,0,0,1,203,1.015,738590,738842,739603
703,signal_10.csv,703,958,603.000000,858.000000,0.800000,-16,50,0,0x003ff6eb,-1.135254,0,0,1,202,1.010,739606,739858,740618
704,signal_10.csv,704,959,604.000000,859.000000,0.800000,-16,50,0,0x003ff61c,-1.236328,0,0,1,203,1.015,740618,740870,741633
705,signal_10.csv,705,960,605.000000,860.000000,0.800000,-16,50,0,0x003ff5d2,-1.272461,0,0,1,203,1.015,741634,741886,742648
706,signal_10.csv,706,961,606.000000,861.000000,0.800000,-16,50,0,0x003ff5fd,-1.251465,0,0,1,203,1.015,742650,742902,743663
707,signal_10.csv,707,962,607.000000,862.000000,0.800000,-16,50,0,0x003ff5f6,-1.254883,0,0,1,202,1.010,743666,743918,744678
708,signal_10.csv,708,963,608.000000,863.000000,0.800000,-16,50,0,0x003ff691,-1.179199,0,0,1,203,1.015,744678,744930,745693
709,signal_10.csv,709,964,609.000000,864.000000,0.800000,-16,50,0,0x003ff697,-1.176270,0,0,1,203,1.015,745694,745946,746708
710,signal_10.csv,710,965,610.000000,865.000000,0.800000,-16,50,0,0x003ff605,-1.247559,0,0,1,203,1.015,746710,746962,747723
711,signal_10.csv,711,966,611.000000,866.000000,0.800000,-16,50,0,0x003ff5c6,-1.278320,0,0,1,202,1.010,747726,747978,748738
712,signal_10.csv,712,967,612.000000,867.000000,0.800000,-16,50,0,0x003ff614,-1.240234,0,0,1,203,1.015,748738,748990,749753
713,signal_10.csv,713,968,613.000000,868.000000,0.800000,-16,50,0,0x003ff572,-1.319336,0,0,1,203,1.015,749754,750006,750768
714,signal_10.csv,714,969,614.000000,869.000000,0.800000,-16,50,0,0x003ff668,-1.199219,0,0,1,203,1.015,750770,751022,751783
715,signal_10.csv,715,970,615.000000,870.000000,0.800000,-16,50,0,0x003ff619,-1.237793,0,0,1,202,1.010,751786,752038,752798
716,signal_10.csv,716,971,616.000000,871.000000,0.800000,-16,45,0,0x003ff682,-1.186523,0,0,1,203,1.015,752798,753050,753813
717,signal_10.csv,717,972,617.000000,872.000000,0.800000,-16,45,0,0x003ff5df,-1.266113,0,0,1,203,1.015,753814,754066,754828
718,signal_10.csv,718,973,618.000000,873.000000,0.800000,-16,45,0,0x003ff681,-1.187012,0,0,1,203,1.015,754830,755082,755843
719,signal_10.csv,719,974,619.000000,874.000000,0.800000,-16,45,0,0x003ff654,-1.208984,0,0,1,202,1.010,755846,756098,756858
720,signal_10.csv,720,975,620.000000,875.000000,0.800000,-16,45,0,0x003ff724,-1.107422,0,0,1,203,1.015,756858,757110,757873
721,signal_10.csv,721,976,621.000000,876.000000,0.800000,-16,45,0,0x003ff697,-1.176270,0,0,1,203,1.015,757874,758126,758888
722,signal_10.csv,722,977,622.000000,877.000000,0.800000,-16,45,0,0x003ff7fa,-1.002930,0,0,1,203,1.015,758890,759142,759903
723,signal_10.csv,723,978,623.000000,878.000000,0.800000,-16,45,0,0x003ff73a,-1.096680,0,0,1,202,1.010,759906,760158,760918
724,signal_10.csv,724,979,624.000000,879.000000,0.800000,-16,45,0,0x003ff79d,-1.048340,0,0,1,203,1.015,760918,761170,761933
725,signal_10.csv,725,980,625.000000,880.000000,0.800000,-16,45,0,0x003ff73e,-1.094727,0,0,1,203,1.015,761934,762186,762948
726,signal_10.csv,726,981,626.000000,881.000000,0.800000,-16,45,0,0x003ff78c,-1.056641,0,0,1,203,1.015,762950,763202,763963
727,signal_10.csv,727,982,627.000000,882.000000,0.800000,-16,45,0,0x003ff699,-1.175293,0,0,1,202,1.010,763966,764218,764978
728,signal_10.csv,728,983,628.000000,883.000000,0.800000,-16,45,0,0x003ff876,-0.942383,0,0,1,203,1.015,764978,765230,765993
729,signal_10.csv,729,984,629.000000,884.000000,0.800000,-16,45,0,0x003ff7e8,-1.011719,0,0,1,203,1.015,765994,766246,767008
730,signal_10.csv,730,985,630.000000,885.000000,0.800000,-16,45,0,0x003ff879,-0.940918,0,0,1,203,1.015,767010,767262,768023
731,signal_10.csv,731,986,631.000000,886.000000,0.800000,-16,45,0,0x003ff8d3,-0.896973,0,0,1,202,1.010,768026,768278,769038
732,signal_10.csv,732,987,632.000000,887.000000,0.800000,-16,45,0,0x003ff901,-0.874512,0,0,1,203,1.015,769038,769290,770053
733,signal_10.csv,733,988,633.000000,888.000000,0.800000,-16,45,0,0x003ff784,-1.060547,0,0,1,203,1.015,770054,770306,771068
734,signal_10.csv,734,989,634.000000,889.000000,0.800000,-16,45,0,0x003ff92b,-0.854004,0,0,1,203,1.015,771070,771322,772083
735,signal_10.csv,735,990,635.000000,890.000000,0.800000,-16,45,0,0x003ff90b,-0.869629,0,0,1,202,1.010,772086,772338,773098
736,signal_10.csv,736,991,636.000000,891.000000,0.800000,-16,45,0,0x003ff9f1,-0.757324,0,0,1,203,1.015,773098,773350,774113
737,signal_10.csv,737,992,637.000000,892.000000,0.800000,-16,45,0,0x003ff8e2,-0.889648,0,0,1,203,1.015,774114,774366,775128
738,signal_10.csv,738,993,638.000000,893.000000,0.800000,-16,45,0,0x003ff974,-0.818359,0,0,1,203,1.015,775130,775382,776143
739,signal_10.csv,739,994,639.000000,894.000000,0.800000,-16,45,0,0x003ff78a,-1.057617,0,0,1,202,1.010,776146,776398,777158
740,signal_10.csv,740,995,640.000000,895.000000,0.800000,-16,45,0,0x003ff907,-0.871582,0,0,1,203,1.015,777158,777410,778173
741,signal_10.csv,741,996,641.000000,896.000000,0.800000,-16,45,0,0x003ff8b6,-0.911133,0,0,1,203,1.015,778174,778426,779188
742,signal_10.csv,742,997,642.000000,897.000000,0.800000,-16,45,0,0x003ffa1b,-0.736816,0,0,1,203,1.015,779190,779442,780203
743,signal_10.csv,743,998,643.000000,898.000000,0.800000,-16,45,0,0x003ff981,-0.812012,0,0,1,202,1.010,780206,780458,781218
744,signal_10.csv,744,999,644.000000,899.000000,0.800000,-16,45,0,0x003ff8f5,-0.880371,0,0,1,203,1.015,781218,781470,782233
