event_index,event_chunk_id,event_score_hex,event_batch_index,event_last,event_data_hex
0,9,0x00002593,0,0,0x01cfe201cfc4025fe1038ffafecfd7043fc6026020fd8fd7060f8c01dfc9019fff015018ff5fdbfcd07702df5d01c03d022fcdfcf03305bfaa009fe301401bff4006fe3fd5067fca03afebffdfd3061fc3fdd03d034faaffd02effcf8a060044
0,9,0x00002593,1,0,0xf8703001dfe200000bfd400a041ffdfe6fac04401efe101906ffc4f73087fd805ffebfc0fcc03a007015031f96029fecfeb022007fa6052fb603305af5a0070a2fdbf6e04effb00ffa7018008017fe7feafc20adfb7000fe2fe7038fce07af64
0,9,0x00002593,2,0,0x017fcb026048fa1ff701301b00dfb8046fedfef00ffcb0770a9fa3028feef8b08afe7011010f9a00f04afe2fe2043fbafeffd7011063fd1ffaff0fc202a039ff401dfaafe1051ffff90fca04a024033fdef86073fc803efe3fd803ffae04302e
0,9,0x00002593,3,0,0x01f01df8c02703303dfe8f6b045039fd3055fa2023fe000eff5ffe038fdbfc302d057f9ffe3015037041f60069fb8fcf011071ffdfb1fe303efeb019fd501e023ff7fc0fe2087fc4fd505100ffb9fc9055031feffcc008010fa7038057fd3038
0,9,0x00002593,4,0,0x00b007036fb2fe6fff098f9aff1012fd1050fdffcf062fba002fd101a013ff7fdf00e046fe0f88059046faf00d005ffffc0f6402104500d04ff84010fde004051fcc024ffa001fa700301b01ef7705e049fc2ffefddffcfd607efe4ff5ff3ff6
0,9,0x00002593,5,0,0xff8fb204efcfffd025ff6fd0068fbafe502efcb049febfe2fbd0acfb7ffbff0febfff053ff7f7e05c002001fed00401301c015fd303cf97ff209ff7505bfb4009099f51fba069087003fa5fcd0470b5fb2f77fa90eaf93ff2073fbcfd6022fed
0,9,0x00002593,6,0,0xf3fff502b074ffbf8704dfbd02efee009057fadfd500704efc200503ff92044003fab02500803cff0fe2012ffbfe1005fd6fd6fea03dfe5fbd05a022fccfdd021ff5038fe5fb003108f035f8cff1fde02a045fd4fea003fec056fb101efd1054
0,9,0x00002593,7,0,0xff9ffffc0018fe1036ffefe404afb3044f8cfe7094ff8046fac038ffaffd04ffd8fd1fd101f062fe4ff0fe9febfd308100c02000ffc1fe205b015fbbfd205dff401bfa3fe305703bfef032fa8fd4040fd6034fe801f007fcb00302c004facfe0
0,9,0x00002593,8,0,0x05903701f004f97fe102e021039fe7f88072fedfae039031025fe2ff403ffd000001b00dfce046fadff203bfed046fda0b3fac01ffb5000035feafd306f011f80ff003a01e012fbdfe1fd801a04afa8feb068fbefd601d078faffbe013fd906e
0,9,0x00002593,9,0,0x034063fd0fab015060fdafc1fe9088f8bfff095faeff2f85fb502f00c002011f7303f068feaf9901a05efbcff6032fc8028ff5f8d04701d020fd5fa9054006fff017fac093f4fffa03af6bfee00307d014fb0fe7fa8077031fe6fd2007fe9041
0,9,0x00002593,10,0,0xf80067fd3fbd03c05ffaefaa03a019037fa2019030fdffb0fd6013047030fd6fae00303d010fba021025011f9b01e03efd2024032ffcff8fcd03800ffb201001cff704efa0fe003f04fff6fdbfb903604ffebfd1002ffe023005fb900901303d
0,9,0x00002593,11,0,0xfc0005054fcdfd001f052fadfc4064ff9fdc05ef8bfdb096fc7016034ff200ff8809c008f7402e00d05df7002d06bf90036045f9effa06ffd7fccfdb064004fc0fdc05201afe2fe004afc8fd206efa3010fc203707ffbbfa3fd0099fd1011fc2
0,9,0x00002593,12,0,0xffbffa03bf78038054f97000052fd1059f9ff9709efef008fd4ff703c011fcf019fa402005efebfca027fa3053040fc000c058ffefc1037fd9fe200b05cfcefe5fc504e03dfc9fb2fc005cfea013f8e054ffb007ff701201bf95059fc7013ffe
0,9,0x00002593,13,0,0x003025feffca00801b05cff0f66016047039fc5fe300501ffcffed023021fefff4fce03afd501a03bfb0008030fbf035052fe1fd9035fd6ffe042fdbfdefd402804100e019f7800002905cfd5015fc3035fe4fc805eff3feaff5007032fb502a
0,9,0x00002593,14,0,0x01affffd701eff9ff5016fe9024feffc901a02a024fa9012016fb0fd504501100afbd00f051fbe005fe4035fb604b00b015049fdefeafbe06eff9f9107af9e046005fee01dfa201503a01ef59018092fc5fc805aff7fc9fe200404204bf97fb5
0,9,0x00002593,15,0,0x00aff5ff0ff304c03bf97fd4034fef01a021ff1fca00901001dfef01fff4015fd201600efa1062ff000701bfbaff2050016fb003ffdc023ff9fda05efdbfb6ff307bfe3ff1fccffffe8002032fb901905ef8402a040ff0f8a03c046fb1029fe2
0,9,0x00002593,16,0,0x077f5b01a03b005fcf00e00effd00fff2fcf00a067fc5fedff503ffbbff2070fa9020fc503efa406604df5a044fe2ffdf9f053020010fbbfea039fe6033fc0fe0068fd8fe0026ff9040fcd024fe8040001f6305fff506dff5f67ff505c06af90
0,9,0x00002593,17,0,0xfed01e013fd7000009006012fdb017ff2ff6ff701104bfc200800cfe1023025fd6fe802401afe7fa902006effbfb6fe1fd8fe4072facfd903ffcb04cfeffecfd204bff6fb002d03c007ffcfa507001afcafeaff7047fdbfc8048ffc006fb702d
0,9,0x00002593,18,0,0xff7078ff8f9ffce04404afd5ffaff9fbc051002ffffe000efccf9707b02ffecfccf8f04708dfbafeafc600f04701afadfbd012ff107df9afb603400d06bfa2005fe8fe3042feb01efe8044fc3fa608c003fe101efc9fe703300cfdb022fe1012
0,9,0x00002593,19,0,0x00c051f91038002fe103dfe2fcbfe7086fcbfc9050fddfd303c039fccf8506e015fc4049fcefecfd8070ffefbafed060ffa003028fa6045fe7ff502bfc8025039fa7fc803b04afebfab01904dfd101efb006bfd2004ff2fee036fd401301bfe5
0,9,0x00002593,20,0,0x074fd2fd9fefffbffc05bfe2000faeff8056026fe0fb1017f85031011ffc01cfb400900affc01a04af9c025fa604ffcd026fb0fd6071fa004f00001ff7dfee09efca006fd10040170a8fe3fa6079fccfe3fd902701f026fd500cf7e02a0e5f72
0,9,0x00002593,21,0,0xfba01cfeffc305301001affdf5c01e08cff7fdc004f97031fc8fa4f91093058066fa0f7bf9304c0bc071f4af58066075fbcf90071054007fe3f9ffd003507101df91fc304200f00a034080fa4f400490e1033f40f6a03702f0dffd6f78fafff5
0,9,0x00002593,22,0,0x009026febfa903c00dfec02b048f63018018016003fd4051fe104e00cfc3fb502efdd09ffd8fc703cf340260560bbfa9009023002015f5d0500a8f97faf006010064fb5fea04a00300f004fc2051fd5ff0ffd01001603dfa3feb025fff02cf9a
0,9,0x00002593,23,0,0x041035f8ff9b07a02fff9fe3fc7ff902e008037fbcff7009ff2041f9d004077fc7fe9ff8032fc1004055fcc000fc1039fdbfd408ffeaf8f00a042ffefe9ffd03afb400401d00bfd8041fe7fc4044fd1047f7f041078f7f00900afe302b007ff0
0,9,0x00002593,24,0,0xfd9030006003016f89042090f46002038044fcffcffea01d00eff2fc2040fd5012030ffcfcd00400ffda025008019fd2017fe0ff901a02202ef9efbb070025fc1004fca028045fd7fdc02dfaf004032fdcff2011045fd600dfc0ff803dffafdf
0,9,0x00002593,25,0,0x021009ff4029ff2faf03802bfca002007fff00601efecff3fdd070fd2fa303d01104ffb7fb003f00aff4019ff0fe9020fd700cfccfe6059fc800403600efa7fda079faa03e00cfca033fd2ff2013024fd2fd105bffcff0fe4fed03dfcefff03f
0,9,0x00002593,26,0,0x008027004000fc5fe4079ff3fc1ff6010020011fe5fe7fee03bf9202b000ffa03dfbd009fde048fd2011016fde011feafc6022012fe7030fc8fdc033ffbff9023005fe7fbe01a058fd0fd9007086f7003e00cfdffe602704af8efe106efcfffa
0,9,0x00002593,27,0,0x05201bfe7fe1fedff407ffd7fb801cfdb02b00d006009fc502002dfe2f9d064fc300700c031001fd5ff5fe9026ff8007002fe502401efc801ffdf001ff5015030fc0031000fa405a064f8902601efcfff703c02cf8c023fe5022038f98044015
0,9,0x00002593,28,0,0xfed022fb200b043fc2fe203803cfd8fae00c027025001f98fcefea05b002fe9fe900afebff7071f7702d031ff1fa003401700201e001000003020fcbf9008802dfd4fde025fc7025ff4023fdff990b3fc1fcd024fed035fe7fe3ff6052f9d016
0,9,0x00002593,29,0,0x01f00bfed033044f6301f01cfcc03a02c015fb5fc101604a03cfc6ffdff3fdb09bf7d016030ff1fcefd3048045fd0ff7fe7ffe011fe3fbd040010045fb1fa206ffd003202afd8fb8011fb2fc9074fa902a00efd6034fc7018009ffdffcfdf02e
0,9,0x00002593,30,0,0x019f9c046018fb900903d01afdbfccfd4075fa905e004fa004efc203f002fa300f00201d063f6a023023fc4031ff1ffbfb6058012fedfcc00603cfc503ffb8030fefff502af9e067fe104af61054023fba049fc2014fe8040001feffb2ff107b
0,9,0x00002593,31,0,0xfecfc5060fa000703dffe006f9605bff6049f7f00503fffd06402f002fd1fdcfe9fff084f9000f02afeb015fd1fdf00fffdf9201503bfb103e026fa1007075f95005026fe301bff6ff7fbe00e02600efb702ffed01cff7003fdd036fd4fe9047
0,9,0x00002593,32,0,0xfbc02a02d01ffd4fe6fdb01406ffa400d011fcc01600402c06e042fa8fcd018059fbeff400a01cfa1060040fc2fa7fe302407905ef9af8bff801c07400a000f6e015051fca004053028fc8ff6024050fe4fa9ff503affb012fd802eff1fb206c
0,9,0x00002593,33,0,0x022ff7fe2040fb1021fecfe406ffedfe3faf008059ffdff302cfeefdd012fef00b03cfb900202afc405ff8b02905bfc605df5cfe00af00bf96fad055011042fcefcc013fea024013049016ff1fb300e049022fc2007ff2fd600405a038f86fe9
0,9,0x00002593,34,0,0xfa2ff800a031000ff9f9f08cfc100cfd4ff6070fd9fa902e06eff4fc2ffd032062f88fd502f016ff5033f9b028012fecf69feb074fde00effdf950020ccf9cfb7fec07901bf410760acf98fdb042f95086feafd1fd4079fca002f9b084015f83
0,9,0x00002593,35,0,0xf46f830c9052f66ffc056fd7ff7fecff106efd4f9106a03003affefcb007fdc026049fccfc901dfec039fdf01501ef88051017f7103d039fae038ff2fdd056fa3072faffab05906efcd02efd8fe701dfe8065fc0fe2fe402703dfc102efbffd9
0,9,0x00002593,36,0,0xfc606002dfbafaefea09afbfff6038fc8fed007ff3039079045f8900efa806905ff90026fa403501eff501bfe9fb2032fb2005002056025f8400f00200501e033f7f03104ef9500706c028f60ffd06b03bfd0fb2fe5061020fd5fbc02b00302c
0,9,0x00002593,37,0,0x008fcffa804f0b8f4ff96078034fd3fe900703dfe7f94056feefe9009fd204dfe6fdf040fc3012035fb101301dfb2056fcd051000fc202c02cfb3ff001105bfcdfcd00d009037ff8fe4004057fe3ff0fa500906b001023fb1f750620a2f91fb1
0,9,0x00002593,38,0,0x09bfb6fa9018022029fc6011033f750aefa0fb0068006009fb4020fee000044ff3fe1ff8fcf038042fb201efb703b020fd401a003fe300101e026feffb9025fea046fd9ff801dfe5060fcd026fdefad02b01d07df7bfe1011fd60c3f8afc4032
0,9,0x00002593,39,0,0x01b023004fb1006fff04202dfa1fb6072011002fd5fb8017030f8ffef00f01c013008ff4014fb201effb019025fd102c012fb4010fe703902afcffc003fff501cfd800100502aff5f9e00e028fdf023001ffafb5045019fecfca03cffefd0ff5
0,9,0x00002593,40,0,0x01efd7007022ff0fa9037048ff0fa202603ffbdff8033fcdfc504cfb5fc109efa2ff302ffc8034017fe9fca00c00503b06501ef9f01103afac020038fe0fbf092f99fa608bfdc017008079fc4fb5fde02e08cfcdf73031028feb047fbefea05c
0,9,0x00002593,41,0,0xfe5014059f6102a025032fedf7405e031010fdefc0006027042f9105000bfea00cfcbfea01c06ffd7fae031fcd00f044ff7fe100001b01ffe3021f9900c085ff3f9afe405b00ff91fde00bfe9025fe7016fc1046003fcc034fc2034022fa6005
0,9,0x00002593,42,0,0x02204dfa103a009fc6004021003015fa705bfdffbe07ffc6fe600dff002efbf00dfcf063fe6017fccff702900bfc301302dfec03cff4fedf640560c9f5301ffe9feefd4096fd0ff205efd6fea098f78ff7066f81032053fcefb0031012ffd017
0,9,0x00002593,43,0,0x013ffefdbfaf04000b00e02bfd5fae04200d01bfe6ff1fd2041ff5026f8e07ffedf72017099ff6fd3fbb027ffeffb028f990cefeff99012fff061fc8fbd01902d019fdc009fbc013fae027016ff3fc702401600afe201efcffe0061014fe5f97
0,9,0x00002593,44,0,0x003ffdfebfe701a049fdbfa101b053002fd7fe8ffcfe8048fd903cf8f01803e013f9a02d012ff8ff3018fef02afb4ff9fb400c021029009fac016fe9023026ff4fa403402b033f93fcb01405afab047ffdf6c07b01afd5ff302efdffa4090ffc
0,9,0x00002593,45,0,0xfbf04affd02dfdbfce056fdafcd04afdb01c002fdefe903101d01d016f8f037021fcb05cfc2fdd01b019014f92046029ff000f056febff2021f53091fd403302ffa8fdd01903effaff703a017fa3feb01dfd6054065f8bf9a05200f00f01cfd3
0,9,0x00002593,46,0,0x004ff803bf8803b048fcb000fc1044012f93082fec001fd9f86ff8046034fcdfb8042febffc006049fdcf9e03303dfb603ffd0026ff1008fbc03103cfa0044fddfdc00308afb2fc9ffa003031ff3ffcfedfb705f037fc1fe302dfc501101dfee
0,9,0x00002593,47,1,0xfe1016fc702c065fc9f8e046038fd0ff3ff301a020fe8ff3000047f82024025037fe9fc0016fe4030002fdb010ffe052fd003cfbafd0069fe200f004fdcfd203102cff601df7803400501eff1fe5fe0024023fcf003022024f9a008027048fa5
1,17,0x00002bf8,0,0,0x00af3f07d049fbb009022fbffdf056002ff8fe4008000fe6fdafcd076fdbfdfff0017022fd200600700701afd5feb029040fa9047feefee033fc4009023026fb3fe4054fedfcf03504e02202ff7aff8ff702206c004fa1f7f084045fd5fa2063
1,17,0x00002bf8,1,0,0xff201c00af9701c000076ff1f8500d01a00d055fa3004000fb5007036ff7023fc1ffa003033ff6fd900000b00b01effdff8f0c0ae068fdffbb011fc402501d029fddfab04600503303b020fd8fb8067fc2fca03804bfcbfee017fe2fda055ffa
1,17,0x00002bf8,2,0,0x003ff9018043f86ffd032012fdb052fb1028fc6ff2030012fd3f950a5fcafe602ef9203703afd8fe501d031f9903c017fc9ff3052fddfce02600602afcefb3047063f6e04efdc04dfba087fcaf98008099fca00dfd4fb7030041054f7dfa8045
1,17,0x00002bf8,3,0,0xffbfbf072fdcff2fcf040022fa7fed04900cfe9fd903afdbfff025005fb0fdc09afc000cfc8040fa306403ff4901707808d06cf8cfda02400c00e010fd401cfdc005009ff4032002fcb077034fd5f77012032087fd6f9bfc702d059ff3fe5006
1,17,0x00002bf8,4,0,0x0d8017f72fab0330d3f64fd3058fb5009030fd706af6904b03efd2002ff4fd2052ff7fc204ffc2fee064febfab02dffe09bffafb9ff7fc4059020007ff9fc8fa502709b031f61f8903dff3fcdfe800902a057fc3fba00900d02400ffcd034fc3
1,17,0x00002bf8,5,0,0x02d043fbb00bfd301c02c00bfb800d023fca082fd7f6efe600a031043faef6c0730aaf8dfb2fe709afaeffa03ef7f043051febffdfc0040027fb2026ff4fecfe404b015fe4fd7fbb01b02bfee003005ff1fd8036fdd03dffffb8ff503e006fd5
1,17,0x00002bf8,6,0,0xffefa002607afa5fda041fdb00801dfce022fdb02102cf9af8b0a5fe701efd7fde00703cfd900bfc2032047fa402ffc0fadf9e07a006fa300402a01f030fbcfb101806dfd0fe5fdf027015fdb02402bf99ff4054ffbfe0fd903afef027ff3fba
1,17,0x00002bf8,7,0,0x00503c014f8afbe07b059fbaf9302e005070fdaf9202e02dfcf027041fc1009027fe9f97058050fa6012fe7ff308df8dfd5089f8f014fceff704cff8021fbffe602e00cfc8007080fc907600ffedfdffe902a016fb1029ff4015028ffbfb0000
1,17,0x00002bf8,8,0,0xfb001bfe6046fe3fe2024feb011fcc046fb7081facfbb038021055fe1ff1fdf021fb7073ff0fce012fae063020fdffe9fe801ffb9ff901a02401efd0ff8fe7038013fcffaa07afea046fd503cfbc01bfcc023040ff0fc9fbf071013fca02efb4
1,17,0x00002bf8,9,0,0x008013feffd3013027fde03dfc3fe205afb5008ffb03501202e01e007fdf027fcc00e016fed00efc8029041fe5fc9fd905bfc6fe1026fdefbd07203ff9afbf070fd0fef01201c007020f6e00804a01e02efc5fccfef04cfb506bfd6ff4ff7fde
1,17,0x00002bf8,10,0,0xff8fa8087ff6fd1ffa011019fa4059faf0aff87fa6067ff304d064fe7fcdfe1ffc02dffe015feffd300105cfe9fcefd503efb6045001fc1007041fdcffd02af7e06703ff8f00200c03bfe702afd0fe904dfd0fe1022029fddff0fe004afe2020
1,17,0x00002bf8,11,0,0x02ffd0008024fe7fea035fcbff902b003fd3042fd1ff601b023fe8028f9805bfda02400cfe9fd6fff034ffb00b003f7b007feb00e00effdfc4031024017fa0fc107e02bf9803ffc7057fdafc400c012021fcd019ff3ffa02b01df7106300cfbe
1,17,0x00002bf8,12,0,0x048fe5001fd5ff304ffdf015feafd100504401ffcdfc801ef9700a012058ff6f92fec082000fc2fe902bfce050fdcfeb021fb8066033fd1fb0feb05ffe8055f6704200afe1025ff1085f86fe4fcf04e01b021fcbfab043021ffd010fd0fcd02a
1,17,0x00002bf8,13,0,0xfa2ffffef077005fa5fe2041013012fc6fc307afba023fd2000fd8035fe3ff5fc704e009036fadff0fa4084023fe201f04cfbffb6ff806afcbfdc04cff3fd7fec02efed02eff9fc0fed028010faa096fe8f6705102efd1007031ff0fc0fe6038
1,17,0x00002bf8,14,0,0xfe1facffe0b6f7d024fee00104bfb2f8f090015fb804b005fd201ffbe051006f7805d03bfc6fce02a013031f9eff304400101d01000bfca00401efa704702ffedfda033fd4f8f086042f9cff200d006010047fc0ff400bfc801602102efecfd0
1,17,0x00002bf8,15,0,0x075f5fff4ff505801cfe7ffaf8d07f00afa8fff03b01effefbd066faa00402dfbe000037fef03efb9fd505cfe3fb4066fb8fcc01c056feffba031024feef88073fe5011ffcff7fecffd006fa405f036fd8fdefbf04cfd6073fabff8022fb6044
1,17,0x00002bf8,16,0,0xfe1fd8016fdeff9045025f8903bff9fde03efe2fe201001100a01d036fb0000fcc016049021f9302404af8cfe7068ffff9efb4032020fdc032fe8ffdff1038f8307efb7ff106cff7ff1fe9051fd7f90095047f8af5f0d003bf8600dfda04ffe9
1,17,0x00002bf8,17,0,0xfc9011003fd404600dff7fb4fd8073025fcdfe9ff9feb02a03400dfda011021fe302cfb2023ff201e00cfe6fe5ffd03efcd047024fa7046033fbafa803802c036005f7301403701104cfe0fdc00ffdafec05cfe800dfedfddfe101e061fbefeb
1,17,0x00002bf8,18,0,0x05801803bfd6fd5ff400c047fc5ff800c032fb9fc809cfd6f98fc5ff205a004fe501b038f92fa808dfeb021019fb1fe0082f6601dfee069f9fff305300dfbbfcd03302bfe4045faaffffb000dff803005ff3d03501efeb079f91001fefff6013
1,17,0x00002bf8,19,0,0xf96fae0a5045fa2fab04501b043f85fe305ff9e08500ef42f9b011003014048fa5fee043fe7012ff2006fe5fb408803f024fb701801afe700afeafd9067fc0027010fb402efce01200e065fc2fd700d01f017fb4fe304405ff9aff2fda03d027
1,17,0x00002bf8,20,0,0xf9900202802efc8fc503ffe702104ff9bf6c0ad03efc4023ee0030072f9803c01c021febffdfbf003018fedff408efd203efddfc7041fea001fe0042fedfaf02f065fcefa501a02bfdf00b018fdefc703a079f69fe409af9f00ffcb01804ffa0
1,17,0x00002bf8,21,0,0x00006dfd8020015fd6ffbf56057082055fb8f79ffb02406c03afe5feefcafa504b01509cfa6015fb0f6e01d08d0b1fe5fc103d03b09aff1f36f77078060067f8a000fd0ffa02ffeffecf38f950430f4007f4cfec048023fbf00400001a006006
1,17,0x00002bf8,22,0,0x014065fbdfe8fe0054005fbf03dff6f9602b087fccfd9fbafd400a042f9b01c072f8ffdd032039fc700f041f4403f043f4cffd024fd604cff4016fcafdbfc3080074f92fe8ffffd101103e022f87fd6fee05204b039fc8f72ff7fec03208903d
1,17,0x00002bf8,23,0,0x074015062f98fb002a01d01dffbfd4fe4034ff102b002fa700f029009fd7fe505ef65093009f6b089fd2fd2037014ff0061fc2fc004bfd400d04df9500c01700c030fc8f7e07c098f7d082fd2fde015fe8052fbeff0ff9025032fc4018fb1025
1,17,0x00002bf8,24,0,0xfd2073fd2ff8ff0008043fc1fd7009053fd6009041f92fa7fbefd001dffb013015fed021f9d043fe2013021014fa9006fdafdc045012fbcfd604dff601eff4fad067ffffc8fd002cff207cfe1fbc02dfb103400000301a018fdafeefaa077021
1,17,0x00002bf8,25,0,0x04efaefd600000303c016fa801b017fd2ffb04dfe400ffcff6704503ff8c05f006fe6fa9043042fa8038fe1006fc108a00bf9904601bfd9008fe8ff7033024f9204f000fba02602a01f036fca010fe1039025fcaff1fb603404c025f9efeeffd
1,17,0x00002bf8,26,0,0x00efec018000fcc02dfe002000efcf00eff308bf51fda06effffa9fca074feafef00900cfd2fca05602cff5fb4004068fd4051fdaff6043fb4001029fc5038ffaff0008fec005028fd3013fde03b021fb9f750c4026fcefeafa900607f00ef86
1,17,0x00002bf8,27,0,0x059011fe7fd4035021ffaf9a013076fc8fc8057fc4ff101cf57008048079fa6f82046fea05afebfd601604af4a02108504dfabfd0fe703c02c005fc2fdc039015ff9fe4ffc018ff5fcbfd600801afef005036fd000bfe200101bfee003020001
1,17,0x00002bf8,28,0,0x04bfc8fee03afdcf7507104dfc5019fd8ff5fa30d1fe1f6afd2fca032023fac067f9402effd013ff0ffd02af9f03d05bfd4fe6014004ff6ff2fef02902afad061fddfa401701102bfe3fed035ff8fa206efecfe7fe7fe906eff1fdcfa504c049
1,17,0x00002bf8,29,0,0xff4043042fa801cfd4014059f9401e008fe5050fdef7406bfbf005058fb900d041fb8fe2ff503a064fbdfd6f7c0a501d073fa500104ff7c03f01e00300afa303404bf9efdd045031007f9e01a00100502cfcb011ff900302dfa2074fa8ff0044
1,17,0x00002bf8,30,0,0xfd300f05dfc700afd003efe8028ff9f7e04f014050fe4f95fc3fb704002efcd013015fab01b051008fbffaf032086fb4ffdfc3008ff106bfc2fdbfd900507d026f4d02c060f8e004045fadfea028033ff9fa9017017046fbf007fd5016fea057
1,17,0x00002bf8,31,0,0x023fb2065fd2fe3fc701a074ff3fd4fa3032ff903704ef91fe4fca03003ffae04cfcc019ff6fd902ffcc042fd4017038ffffd602dff4fe400700a03ef8e01b02ffe6035fd8f9f082fb5069f61ff1021045015fb9030fb003f035f6c034060fb3
1,17,0x00002bf8,32,0,0xfdd04c030fe5feffe6ff6035feefb5097fbdfedfd401401efe001d003021011fb6004014033fd7febfe604aff000400103307af8ffdc06501bfbbff2fc003a074fd4f9f028fe103d032fdd015ff6fa105cfe3015fee00c043fe7f75008068039
1,17,0x00002bf8,33,0,0x026fb400702e039faa007005ffa024fe1fe4054fcdfcf069ff6fa4075fc6012003fbb04202ffb6000026fce01102603100103efb5062fd0fb1081f8b049fec01affcfe9ff9ff600d0a3f92fe203a011fd100300b006035fa0fec05afdb025fbc
1,17,0x00002bf8,34,0,0xff2ff8fe1fef04d001fe7fc500ffed070ff0fa701e022fe5fa5fb30b8ff6fb001bfeafc8088fe1fb6047fe7fd800e037fcc06a048f82024fcf013057fd0fd1fed01b075fa3ffdfe7f99036064fc1033f8404903df9d01cffe025ffcff4fdffd5
1,17,0x00002bf8,35,0,0xf98017ffffeb08efbbfebffefd600b04bff6fd6007fc4060fc30460b1f59faf01a01f074fd5fccfdbffe012072fa003d0d6fbbff9fc501004dfd003af9bffdfdf0bbfacff7febfe9fc9020f90fb5092046001f2b087021fd6fc7012067ff2fd9
1,17,0x00002bf8,36,0,0xf73ff705efc9ff7037fb3002060faefe604e018fac01100302300f007020fe1005022feffbe01204dfc5fcf067ffafe4fba022035fd9f9804e027ff9feafdf026ff201afd9ff4064fbc05c031f5bfa70c7057fb7f6408efd1fd6053feefebfdc
1,17,0x00002bf8,37,0,0xfe0005010058f7103d01ffa501e030015ff8fb6fe103c07305fff6009fc5f630b40b5f38004f9206604bfd101cff4fa704efc3001011ff9017fe5fd503b00dff0017fc8fef02402efcc017014fb401bfedff002f01cfe7fe7020fe4fdb04eff6
1,17,0x00002bf8,38,0,0x00ffd2018fe7051fbbfe4036fd503effafbd058fc7fea029fe501805ef9e030ff9fbd022002050f88073fd1fd800efdbfd9fa708cfcb00af8d066058f9ffcd02e031fd201dfcb00106bfd7071fa0006fe100a012fdc02105bfbdfe6fc0005077
1,38,0x000043a1,39,0,0xff8fd204b01cfe0ffd004f9c04b054fc9fe0036fa7007050fdb02dff3fde04afee00bffbfcb01bfce01a062fc1018ff1ff2fe0fecfee058feffb402effe011044fa1fd8031fe2028091fbf021fb2fa309b05ef6a02cfd2fc2069065f82ff8fd7
1,38,0x000043a1,40,0,0xfb5010015010034fd2fb3fe80a5fcdfba04afb601b042fd104b00efb3ff1072011f66ffb05bffeff4051fb1faa039008037001fa7055fd0ff600503f033f420010c3fe4f7800b06901eff3ff8025fd9fe5031023fda028fbdfe400808ff9dfa9
1,38,0x000043a1,41,0,0x018064f8500801307bfa3f5b09b016011fe4fcf01301b013031fee017023fd400cfc906400af7504e018fed01ffbfff3fdf03effdf9305d003029fe2fd6fca054037f9e03bfc301001f01bfc2037fd9fe701a03f022f6bfec038056fd900bfc9
1,38,0x000043a1,42,0,0x065fceff9fbe03901ffd2fd402803bff4fdffe200f02cfbbfd503ffe9fdd054f98069fe201401df1808206e01bf95fd304bfea002021fbe01900affcffbffb00afee023ffb006fedfd9003ff4ff4fff00402000afcc017ff5fef066fa4ffcffe
1,38,0x000043a1,43,0,0xfe1ff8fccfbc0b7002fc2000f9e05c031ff2fcb016fb5028fdb026fe2066fd1f310df02bfdcf7e02804afc9fd60baf7ffd101efe8008022fe8faa04300f003037f79021079f8efe9fbdfe502304cfd3fe5030fbd01efe802902afc4fd7017045
1,38,0x000043a1,44,0,0xffe07002df9c00dfeefe301b006034ffdff0f7c057051ff002e045fe100efdffdc02607ef3d032024023fa9026037fd2f9b0000080230aef9af2903d07401b001fda004fa5018055f8601c05efb6ff8ffc072faefc403d02cfb1fd409afb2026
1,38,0x000043a1,45,0,0xffe0090a3f160270a0f6f01bfe1042001fed00300bff2fbb04bf8204801cfd100efd404cffbfe0fd6019028fef03ef71fc108c03bf7efaa06e025001fe8fce010015fe7fed07dfdd085047f80f9804f064fdcff4fc301e011ff7001fe4055002
1,38,0x000043a1,46,0,0x02d0030050baf81f9901b03201cfdf028fb001903ffe3fd602ffdfffb02c022fb5003049fbaff6ffd042006fad025ff6002fd6fa2045076fd8fca02afc1fd1071000fecff6010fd101ffb1034ff6ff7030fea009fcd021027f94051032f93fd8
1,38,0x000043a1,47,0,0xffc008ff300d009ff300a004fdd008fe202b021032fc9f90010fc0ffd03ffe2018fdafdb02802a006f8705d033fc5fd9040034fd4fecfbb02005600afc202cfb400100802a019ff804ef9c00f070f6302d04dfd801bfbfffa004031000ffcfef
1,38,0x000043a1,48,0,0xfe3047020fd6fd9fef01f039ff3fcefd805dff0fdb012fff014fcdfca02101a007ff2ff3000017035fa9fe0035ff7020ffbfbb067034011f7efd304801dfdb071fc0fa402c038fa501af9403e01e00ff8904302e01dfb4fb606300a01ff95021
1,38,0x000043a1,49,0,0x012fcf009018fd1fd4048fec034015fcafaf05000700dfd4fd5020057fc3008ff7fd101505cfd7fc8fed072fc2fac074020071f7503efecfd6043ff7fed001046fbdf9a08c00dfc301505cfc0fd6ff904ffa001e044004fd6f8607e04bf7004a
1,38,0x000043a1,50,0,0x056fe5028f9000e03b017fdefd0051015fa8ff1039fcb043fa5071fca015007015fbb030fecff4021011fb0031048faa00dfbb04afea003fd5015032fb8080f83fca06704ef82feb00f037fb8fd901005b02df6a02afb7051023053f69fe701b
1,38,0x000043a1,51,0,0x00301fff701c003ff4fa404c03bf9b02dff200204df98ff5fb8051079f71ff4008fff063f8f01d00cffe019fd4027ffcf83030029fc100803ffccfdefee087fdbfa201c030fda01602600dfa9033fe6fd603a024011f9fff703b033fb1ff800d
1,38,0x000043a1,52,0,0xfecff6021fc4022fc506901df9603cfcefaa0ccfddfaeffcfeefe2fe0fec04a00efdaff9fc8037034ff2fcbfea05dfc6fcf05a00efeb025fb0005032fee025fe2fbd063fd1fdf072024f9dfc104ffde04d029fb1fae03802d026ff6f88023025
1,38,0x000043a1,53,0,0xff900101ffe600501cfc102c00dfca041fbb00a049fce01800dfd5063fb4fea03cfba03e003ff3010fb3056fac01405200f02107ff8bfd7006025018006ff6fe3faf06c01d00cfab013fa206cfd8007fdfffc03cfb4049033f8dfc1044049ffe
1,38,0x000043a1,54,0,0x05a018fae00efd403100502aff6fd500eff5fbc07cfedfddff7002ff2036ffffbfff201e02affdfc904afd3fea00d006ff7fd5ff4ff4016ff708dfa8fc1fcd027074fdeff3ff5fb8fd8fbd036020007fae01b046f8801407efcffc3033fbd03b
1,38,0x000043a1,55,0,0xf91049031024fa1fe804101ffddfe402cfe7fcc03703af8e04efd5046014f90057fb8fe904e021ff3fb500001203afdafe700d023029fd5002021fb5039005fd901cff9fe1026022030fccfc407ffe6fcc053f9a025018017fc2ffc06cf5b08e
1,38,0x000043a1,56,0,0xffffe2052027fbcfae03f01002cfb502500dfb601e045015001feefb4035031fc6031fe9f9c05e058fb5faa023032030ff9fe4ff305ef9304affbffdff7ff9fd501303ffd700202f020057ff502ffbbfeaff1027fd6090fb6fe0fddff902404a
1,38,0x000043a1,57,0,0xfcc04afbdfbf04d00a019ff4ffffd7028faf01108cf99ff7fef07ffc9fe4026fc1fef054fe500101afb101a00dff802bfb502f00303000ff7900d089fa0021000fe0016011fe501705e005f80016031014fedffc023fccfe1038fd5066ff9f6a
1,38,0x000043a1,58,0,0x029fa8fb805c010009facfff091fcffa4021ff8fce08efd5fb6fb7f800c6fe6054fa6fba07afa6fec059021fb0ff5ff3ff2fea03802cfcdfcc03bfe7021004fe2fe2035ff800500afa0fff02bf680c0fd7fe5fd6ff404403dfbbf95090fbbff0
1,38,0x000043a1,59,0,0xfdc01f006f8e024069fe6f9b041ff101f010fc2002fec04e008fc1007040ffafb5059fedfc8061fd8faf01901002d058fe0087ffbf99ff6ffc0a9faef7b07603bf6b01107ffe0fd2fe2090013f8fff0091f82ff104501affdfd2fba02103404d
1,38,0x000043a1,60,0,0xfbf030007012023fdcff4fb0027025063fc6f93034fe4051ef900d0dd0c5025f21f4c03309f00001cf9dfc2085012fd0feff86023036056f7605ffa8fcc066023ffefc2023fedfdefd1ed9f7d0960ce0b7f45f4cfef05a04cfbd017052fb9fb6
1,38,0x000043a1,61,0,0x013fb2033ffb05ffb9fe4fd1029082f8ffbf038050fc8ffcf9009f004f98032ff1fe203e04ef64fde01504c05f052f5c05301ffd2fd4023fc3055041f96fd8047037f7600107c00402ffd6040ffcff1f8b028080fee013fdef99f6b0a60c003d
1,38,0x000043a1,62,0,0xf6c04a034feb01af9802101bff9027fa8031020ffcfda00c008fbf058ffef7e04a04c00afa8fd400606b015f9402c002063feafcd020fdbff7067febf99047fbc063fee003fb7ff3028fdcfe200100c02cffcfca01cff7ff6ff904efeffb5007
1,38,0x000043a1,63,0,0x064019fb6fb6030ffa01403bf92059fbb03c016f61082028feef9500703702efb801f025f9e031fd201c074f9afe002b075fbdf5206902b00ffca01000cfb9060ffffc3037fc3feffb103607ef5903a02bfb0047fc700705dfccfcb00002eff6
1,38,0x000043a1,64,0,0xfffffb032027fc8fe601afe600902dff001ffc9fe3ff8005fc0076fcafe600cfc601d05afe6fe9fc601e020fa8051037ffb059fc0009000fc501c03bff800cfd5ff6004001fd403a01bfd3021ff101dfeafb80a0fd9fb202ef7e0570b1f6f000
1,38,0x000043a1,65,0,0x056000043f95ff2013052fdffeaff3fb305604dfedfb1ffbff3fff066fa4004030fab084f8eff3057fdd00afd201801505fff1f93fe9053029fc3ffa04cfa001c013fe101b016fcdff100101efee024fd704cfca009fbdffc05b00ffe0feaffe
1,38,0x000043a1,66,0,0xff5ff5fbcfc10b1fc9fdf013019fac02100f00a029fdafa7067fec053f99fff02fffa019fc2005021fd6021037fb6ffd041047fe3fa4012078fa5012ff0feb03ffb1056ff7f9a03300a00504dfe0fa5070fcb00ffeefffff6ff1063fe5fe5ff0
1,38,0x000043a1,67,0,0x04101cfac076fc9ff6ff0fc101507501bfbffa1042fb5083fcd00602f006fb8049044f8700ffa806fff6030066f15ff7fedfca030028fdb023fed026f7206efebffe05ffa6ff2fca049006007fa9037fd507efd9f76068016fe8fcf04f000fb9
1,38,0x000043a1,68,0,0xfb901cfbefd8072fbf052ffbf93039fce04b02cfc3fecfd2fb6024feb037ff7fbe032ff003ffd5fb6035032fcf01cffa028009fb8fcc00306d046f83fab00f09afecf95044ffe002fbdfc301d06afa403fff6fd4ff0017fe1049ff7021fa3fef
1,38,0x000043a1,69,0,0xfab043057f9500e02c000fba01f03efcc004fccffa05702602001dfd6001ff7000fe9ff704c001fdefd9016fe8051ff2066fcefcc004fcc03806cfecf5e007093fe0fecfccfe304e045ff8fac06ffdffd202e019ffdfd7fc9031048fccfee04c
1,38,0x000043a1,70,0,0xffb006feafec028ff600c00efc202cffb000fd8038024fcc03e039fa1fdf04f01ffb3ff901efd7067008f7d02000affffe204c04df8ffe504c01dfddfa308afc8faf0c3fa3f70065017018fe9fa405c08ef4cff200702900cff800100500ffba
1,38,0x000043a1,71,0,0xfde025fd7046fc701b01dfb7fdd062039fc7f95017076fcbfe1fd4066029fb1f9505902f03bfabf9a0250c0fc0f5a034fecfd605f006f9d01c01ffe4013fe4ff504ffa4069feefae009ff1ffc031032f4906903ef9301e029ffeff6fe8ff100b
1,38,0x000043a1,72,0,0xfb2013ffc029fe401901cf8c00a06c026f88ffa00300808eff0fff00eff404efb0fe901e00d02dfe5f88058038fbe018fe601a025f8301d05c027fabf9a047078fe6fb9f9e06801600dfe201a00afc400802901f001f9303c00401101dfcafeb
1,38,0x000043a1,73,0,0x004030febfd4025044fb800ffb8050026f9a033fd1053006fb201901200cfed00cfb9087fb5ff0026fce019021fe7000020fd8fc300700e0aaf85fa0014024071fddf8301705bfdffb802d04ef8efdd06e020fcbf9207affefdfff4019005ff9
1,38,0x000043a1,74,0,0x04bfe7000014fe6fd303300bfedff8032fb6044fc2046fbe09cfe2fbfff6041fd9ff803dfb6017037fcefc604001e005fd0fe3068fa300f047fd6021f7809ffbffbf076fddfba04afff00cfe8036fd0fd300d048002fea008fb600c02e020ff0
1,38,0x000043a1,75,0,0x00bfedfcf03b034fd6fd5ff7021021feefdc00806cf6900ef49f9e0860b403bf57f4d04e09dfdbfa101e079fd3f8efea03ffb9ff9ffefc9029078fddfa4011fd704efe8023fd202a02105ff40036027ff001400cff7fdc007013fe8032fcf013
1,38,0x000043a1,76,0,0x034fb101507ef6602ffdb008026049feaf6105dfe4056fd2046fd9ffdfdf01302afc203201bfb6ff3fde04204900e00dfb405e00cff102af4a05603b015fe5fe8001fcf050fc9021fe6fd001f0a7038f60f5d01a0daff6fc0fbf03700ffd4003
1,38,0x000043a1,77,0,0x013fe2014fd1004035ff202cf9200802e000032fcefe600bfbbfd8057fa003dfee00301dfc300002603efeef78043ffe01a03b02dfa2fe4052fd3ffd02afccfeb06ffeff8d050ff9fedfe202001800dffcfc400a038fd7fbc05202e00afc1ff3
1,38,0x000043a1,78,0,0x092f88039019ff3fc7028005fd5052fc6fed059fcbfb804df7e02d014fdb03affa01ffb5ffeff301d03f004faafc809f008027f7c02604000e001fb401702aff4fbb04a01efd5fc201dff5ff202afc805ffb9fb3068ff201afe6fc704dfe9006
1,38,0x000043a1,79,0,0xfed016025fbc051fe1fca015017012fe6fdb01806df89fcdfea01300aff4fecfed04a026f80060fd4fa207bff600702e076024fb100b01dfa5055fe202700bfd1fd000a05cfdcffb02cfb7035fe2ff501e021fe7fc302400f008003fe401cfdd
1,38,0x000043a1,80,0,0x041033fe7fc1061fb6042fa3039026f89084fdefe1ff800df8f0d7fbdfab043fe001c00effffe3ffdfc705e022fb3016fcc017004ffe00eff2fe4ff0066fcd021f89050067f5efdf008026fedfe2056f9e01e054ff1f7401206dffcfc7017ff6
1,38,0x000043a1,81,0,0x028fff006016fdbfa705e02efcb002ff3ffc028020fbffc006af81fd5fe8095029f67ffd050fdf01ffeefd6011052fb9039fd8fdc020ffcfd6048fd2041feff9605efe3ff2034000028f7906f058f94fd7002049fdb03afdffe5fe301f051f9c
1,38,0x000043a1,82,0,0x045fe6029facffa0b5f8cfd9fe8ff9076026f71012024fdafc2082fc9ff5fec016ff5042fedfc8feefe208cfeff79052ff503403bfcff9f042014008feffc6063feffdffd3037ff3079fbdfe7000041fd2019010fc6013fe4021029feafd9013
1,38,0x000043a1,83,0,0x061fdefdd01e00700dfd7fce04304afb2008fd904afd8fd2ff4fdb00c029026f8e02002bfea017fe4fe107bf96013ffdff803df8702bff100d009fdd077f8dfe8058fe8fde030fc8feb00a020ff5fe2055fe7fbf010ff3ff5060fdd011fb7fe9
1,38,0x000043a1,84,0,0x02b041fa7ff204bfc2002035000fd1fca075fe4fb8068f98fa2089fd2fce03af9d070fd5fd804afd9002ff000b024ff3ff1002020023fc1ffb039fecfbd03100401b00efcbfb506df6900301e075020f5bfed04b010ff300900dfc9012033fd2
1,38,0x000043a1,85,0,0x019043fdcfc3048039f6404b01ffc8001060fc3fe9ffdfeb048036febfd9fc6ff2054029ffdfaafd703309ff63fcb0640bafe7fd0fc601803cfbd027060f7efae098ff7fe700cfe401601201effa01afb200e00dfe703c019fcffab03b061003
1,38,0x000043a1,86,1,0xff7fbb02f006fcb027017fe004ff6500f080ffcfebfbfff4fa3fe7025fe400e01004bf92fdb053013fd003bfc2ff8fd902f02df8602f036fffff7fc6fe0047022fe2fda050fb5facfd4f57022042072006f3602303702bfedfd0031014fcdfdf
2,39,0x0000068f,0,0,0x00dfeefd802c013fb501b058fa9034fb3029005fe004bff000101cfeefd305df9f02700201cfeefc9032022fd802bfbf004fac08602af7cff1057ff2feb01effaf98088ff1fbd00dfe204cfdafb8050fd405efc9fa1089ff6fbafe107dfe0fae
2,39,0x0000068f,1,0,0xff800f00e00effbf99080007fe0fdefd8049ffaff1047fb9fc8038004fd6064fdff9902f01c020fdefd8ff6057feafe4ff602afb9048017ff1fdcfec051faa036febffa028fe6012fd3ffdff3001fe502a020fe4ffbfcf035fec00703dfbdff6
2,39,0x0000068f,2,0,0xfd6006009feafd6045045f89035fc900704cfad04dfeffdb05cfbfff1025007029f87013054fe8ffffd401b002019fecff400003d00bfe5fba00500802601e01cf89005079fccfdbfdf003013fd0053fdffbc03e00f01cfd0fdbff703100202d
2,40,0x000044c2,3,0,0x04c027f6e02004301efdbfe5fe8025fde03afc503301dfb1fb1ff9038015ff1038f9f00bfa906605ffc4fbb01401f00700e01aff2029003fcb034fa5feb083fdc00dfe5ffcfbe036fd9ff904bfc8fdb02bfda01e018fc1030011fd2ff701203e
2,40,0x000044c2,4,0,0x005f9d01b07bfbafcf05bf9600f04d001fad030015fb400fff0fcf067021fc7007f95088fe2ffcff1fe4048feefe4fcffc604c035fb0ffafc8072fe0fce043016f7804ffe303f038f6f01f066fabfd704400bff0fc601700305ff9afee05cfca
2,40,0x000044c2,5,0,0x057f91f920bcfe9fc300f01bfdd008045fa7fe103b01affb001fd804dfc5010fff01bfac02004bfbffe006efbc014fe7034fc202ffc0030052fcdfb8fe0096fb801dfe5fe2014007026ffdfcdfe0040ffc01dfd6ffafe8044004fc8ffcfed07e
2,41,0x00001d77,6,0,0x001073f73fe408fff4f8a01e041008ff1f6d091007fdc04600ffca01dffbfec039fe3fdcfeb063ff1fc3007032fe3015fd7fd2049fe5ffbfd202200ffd306ffdef93032ffa031fdbf8bfcf005030061fd0fa2fe603003f045f6bfc908bfe2012
2,41,0x00001d77,7,0,0x02d040006fc3fe3ffb03701d005fcdf9508300efe2ff500afed02604cfdcf94031014fe902e026fb6fef01000201efdf00c025ff0fd0009084f6102301aff6015fed000fcd06900203ffe3065fd9f9d01902c014ff9fddff3024013ffefa7060
2,41,0x00001d77,8,0,0x031ff6016fb502a018fe501ffcefd104f04df8e029fedfc6027000f8602c00104d035f89fd3027017042fc300efd700805cfe4fb3042046fa800cfbf04f040f9b036fdafce071fb5ff8ff3009f6e09eff1005ff1ffb021f7506b01cff5ff8fb6
2,42,0x00002aaf,9,0,0xf9906900dfadfee04dffbfd6ff9035ff4fd5018fe503903905cfebf8c05102affefeaff000ffe9004012fc107ffd9fdd055f3a01207e00af9f032fb5028042fa201d014046faefc904000001dfdbfce01c065f4e07d009fb2022005030fc0feb
2,42,0x00002aaf,10,0,0x033045fe3039fa4fce056044fa2fd200a08dfbefbf04ffb4000f8e088ff7fc8ff400b047fb0fdf02206dfcdfa9ff904600b010f8c00a081febf8f01005ffa904cfe7fba04202bfc8f93010048fea01bfc004bfc5fe001e000038fe5ff800afdc
2,42,0x00002aaf,11,0,0xffdfad053fe3fec038ff0017fd2f9e03c07a011fa5fecfc0021fb7ffaff7011fe100e036020f96fdb06ffeffebfd5044046fb5f91061fc5070005f98012fc5093ffbfcbfc1005046fe3faf06401ff9c03dfea000ff7023fd3013008fed02201d
2,45,0x00001eb7,12,0,0x001ff7050fa8017fc700303104aff5fabfe701bff700903a029fdf023fe4fb504105cfbcfc4045feffe6fe7058ff6fd206d017fd3fd000d04df7507400afbd038fc201dfd1069fd6022fe4fdd039f88084fd302efcef87092045fdff6303905b
2,45,0x00001eb7,13,0,0xfd7060ff1f8302affb027040f8b04bffefd7ffffc0072033012029025f6e048001032fcefed01d021ff8fba01afdf02801e002fd900401bfe8fdc04efc6022ffefe0051f9301602b03900aff1fa601d04cfd2fe302cff5ffc00a02cfabffd014
2,45,0x00001eb7,14,0,0xfd000afdefca035042fe5fd2fe2007059001fe4fb001a02ffea042fbbffd01501affdfba03d000fca035010008fb000dfbd004ff6021054ff5f7affe080fe0fd3024fea015fcd020fcbfcd02700d01afb6ff9052fbe009030001fcfffaff100d
2,45,0x00001eb7,15,0,0xffdfd9011fbc086fb0fe7016036fe1fd502101bff5f890a502a017f6a023081f8701c035fdcfceff507affcf6f04b00d048ff5fe6ff1fd800902202601afae001fef00400507cfbdfd0047fd7000fffff501100dfe9012fea00b053f74ff6088
2,45,0x00001eb7,16,0,0x04d029f85fe0084fdaffdfbf038006019ffafc200001602aff8ffdfd901c06dfbbfa3ff108ffe1fc904ffc5fe6fea03a02203bfbbf7905b0b5fc9f4300a073003007005fbffd3030038026fd6016009ffbfb604004cfbefcd01202efc1057fe0
2,45,0x00001eb7,17,0,0xfbf011019fe7ff2068fa6ffffdf01e04ef99038019fb2ffa024feaff7003fed012fd302004ffbef9206d02efb1034feefe50a3fdbfd9fbbfdd08efad02dfe0029fdffff000fec004fae016fb80290a8f76f6e06a076fc2fc300301902f018f7c
2,45,0x00001eb7,18,0,0xff4fe2fff07afe6fbcffdff9ffe025025fb003101bfa005dfc4028014ff101efcc026022fc8fd8ff807e02af74fb606a028030fe0fdb00f03dfd7006001fb600e07200ffc0fa6024f7b076015f8e046f8f07efee027f78050066f8cf93080041
2,45,0x00001eb7,19,0,0x074f96016fa404803efe1000fd500800efea04dfbc021fed01a043fcd00fff0fac04d04bfdbffafa902a027fd8059fc70c9057f41fc4079fc9035ff9fe1032fac027ff5044fe2fbafd900ffe1006050fa5037005fae035020fc4062f9cfec070
2,45,0x00001eb7,20,0,0xfe8ff803cff9fd3fd706efebfd3fd204205bf68032ff4ffa028fee04dfcef81029039059fcdfccfd3ff5092fd7fdbfd7fdb018085ffef91f9c07d024ffaff7fd2000046004f80fccff9010fad01a015045ff4fc9fd1049ff4fe5031fe7ff6024
2,45,0x00001eb7,21,0,0x053fb3033f9503e03dfa205bfbe03afd3fe3020026fe1fd9fb7fdeff700d036fe3057f9f007fe3fb70d5fbaf86083fedffcfbb04d002fa503501f000011fd7fce043fc604efe3045009fb0044fed018fcefd904700dff7fce031fe0022019fc7
2,45,0x00001eb7,22,0,0x04301203bf2004703fff3ff001a02ffb9022f8c04405dfa405dfe4fdb08bfccfb5021fc801c03a03bfa3fc901d02e03df57ff603906101ef4f019038ff504cfc5fa6049008017ffcff001f059fb005af75fec07afa9067fcf029fa8fda043023
2,48,0x000010cf,23,0,0x008fbd03a064fb1fe9fbb03f057fc8fc601104ffd6fbf00803c041fde023f95028023ffcfeb011020fbeff9034012fcdf7ffe404bfedfcaffa0a6fabfb9017027fefffdfd803000cfd601ffe200e016fea007030fb4fee01a03ffeffd4ff4017
2,48,0x000010cf,24,0,0xfe400e020fbeff1065fc8fa406aff4031fc2fdc00302c00cfeffe303cf8dff6060fd801a018fd0ff9fd6033042fd7f9bf98fa705a04400efcbfdbfdd00304a04ffb1ffff8706602e01b005f9e01205bfdb015fe9fde022fe3054fa5027005fac
2,48,0x000010cf,25,0,0x017fdf00bfc005c008faa04a021f6c03e048ffd002f5b093020021f9c03f003053fc6f8c054061fbafcf032fbb00705bff2ffdfc8ffe00a00802dfd601afcf046fc3fcc04f02202e03efe7fdf03bfe9000015f9a044022fef003feafe0044fe5
2,48,0x000010cf,26,0,0x027fb1056fce01c01ffdafb5058001025ff6f6505804efccfbe027001fcc030013ff5fe7fe7028ff3ffb032fa2095f8005ffd7035fd8fc3fe4049033fce028fd1fe9030fa4035043fe6fc2036017ff8ff2004005fe8ff6010037fc5022fd5ff4
2,48,0x000010cf,27,0,0x039030fb3ffe02efc202703af9d02700fff1fe803bff1fde02dfdc030fd101302bf78086febfd201401aff6f9f07fffb060fec010040fa1014ffa000034fb605cf8a02c04ffa3fec020ffcfb0ff1090fa8fe5fef082fa7fab086ff1fdbfee03a
2,48,0x000010cf,28,0,0x035f5e018050046fb1fba02d021038faafd701004500cfa4f8a0b6fe8f86f8f0a0073fe3f65018056fd1ffd015005fd6072f68ff509d010fa1f8c06c08df99f6a099fee02dfebf88ff6037f87038060fc2fbc021051fa901a033fc300ffc0047
2,48,0x000010cf,29,0,0xfcefe402b03ffd1ff4fc603301dfe202800af7806cffd00a06b038ffafa7fdd055004fe1021ff7013fa602ffd207cfdc02afc4013014fd501cfd803afe9fcb07dfbbfcf03e00afc3fea014fea005fbc00a04100401cfc0ff1fe1035022001fde
2,48,0x000010cf,30,0,0x042fa800d041fc5fd705eff4fcc024fe6005050f8403a01dfa7007059015ff9fa1ff1077fbb049fb0fff017029fecf86002fbf050009fc9fe005ffbf016019fd3ffe026fe7fe701fff5006014003fb803603dfa7010ffcfec04e01df8cfde06f
2,48,0x000010cf,31,0,0xffa058fd3ffefc2071fa8fed05eff5fc6ffa032000fda006077025fe5f9201e074f8fff40d0f45fee00800505fff9fe2fd701000cff902201af9c02803ffb5fe502f059fb5fba048ff8fde027f9803e049ff6fa3fe6083fedfb2ffe026022fdf
2,48,0x000010cf,32,0,0x042fcafaa05c01102ef97fe80adf89f8509b039f9f02bff3010fc7fcf05b00dfdc034fae00903afd3004fcc086fdaf9eff1004fd003c018f95014030039fa6034fd4fd806afd6ffa07502afa5fe9042ff4fed032fa503eff3ff2029016fc7fbd
2,48,0x000010cf,33,0,0xfeafaffee039041feafc9ffa00c02afd101901afc7026fe6fa0046007024fbbff807ef9bfee00601ffcf03103cf96037ffafbafff02004bfd6fd302afcb029031fc4fe2017010014016f9e048fd6004077f85014ff7016ff600400001300df86
2,50,0x0000110c,34,0,0xfb0fe7035fb404703afd0ff1fb3022076fb3fba05c00e00a06efbdfd2065ffffa7fd506b023fcafe8ffb01effbfe9031fabff1ffc021fed004fe806df87026fe701301efc404bfeaff1017ffa00b02bfebfd9fc605a056f93fd9034faa092002
2,50,0x0000110c,35,0,0xfe3016fe901705ef3a035054ffafe9ff3ffefd2039ffb02f01b01afbc023006fbf04c02efc3ffbfc9044043f8403101d03404dffefc0001ff202000500d013fcbfe6030fe7036fbd003ff3fd8ff201603b037f5affb07bfcc01afe8016fe4fc6
2,50,0x0000110c,36,0,0x080fc8fdd024049fb9fe001d002ffffffffc01f005fc102ffe900d020043f84fe404d019012fbdfd0049ff5ffc02ffc2fc201bfdd00b00904bfae02c02ef53037020039044f70fd0ff3fd304d038f87042fe1fa00a203bf81fe9fef040feb022
2,50,0x0000110c,37,0,0xfc505afdafba01f027038fac001012fed01cff8030fbefc5fbd0acfb4001045f98ffc065fe3f9304303bfeffdc006ffd04a003fd8fdc048fd1fda01d042fe8fd4024fc802202100c046061fe0fb6008fdf044012fac07cfcff9a02602604cfb3
2,50,0x0000110c,38,0,0xf880240b8f57fe302afe5074fd2f91097fb2fb3058033fdb05dfc3fd500900f04cfe4fb6022033f600360b7fb9fd1fd7003fb401d003fc802cfe5ff603501bfd2fdc03afebfce00a00d01fffbfc0056fc401d042fa3fc603e060fbcffbffafaa
2,50,0x0000110c,39,0,0xffefef00dfef000ffd014005ff6ffdfe2ff105dfe3fd6040ff9008053f83f940d6075f3dfa3053013066f93ffdffcffc03c063fb2fd1fe9014071fa5003fdaff30b4ffff0bff50c1fca019041009ffcfa4ff6079fdcfd8ffe000010045fb0ff6
2,50,0x0000110c,40,0,0x06ffb4008001fe5049fb0035020fc7fde02201800afb803e063fd8f9000c03007df80006fde03d015fc100801600dfe8006080fda003018fb7016040f8c035029019fb600e004fc5ff7030004ffbfd2061fa2fc903a04ffbd036fd8fd6042fe2
2,50,0x0000110c,41,0,0x053050faaff501602f001f9003100e047fb8008ffcffbfda007ffdfea02d002fc602703bfb700bff700901ffbc02bfea040ffffb0fa2096ffdff400bfeefecfb905a00b020013f64fb9fde034022fb0017027005fd3fd1072fb5042fd5feeffd
2,50,0x0000110c,42,0,0xfaa066ffffee014ff4fbd039034fc4ff0006019038fdbf88f9002f043f8901900c01b017001fc7fc3064fde01b026fc0041021013f99024fdf059fe6006fcdff6047000fdbfc203bffa032fe0fa105afe5fd603600703afbbfb903c002000042
2,50,0x0000110c,43,0,0xfc604602ffbf01efeb045fd2fd6028012fd4fed046014fd2018081f7702601ffab005038037fbcff9041faafdc04b03c00802ffa000cfcb08dfaf000038fe1feafbf04f02efe1facfaafe706ffe3032fcb02ef9a015044fea01afcd013fb8054
2,50,0x0000110c,44,0,0xff001b00bfcc001005031002fe8005fd8ff202103502bf98ffffc800500f05ffbbf8d0020defb7fb2fefff908df8bfe4f7808cfe7fc7053fdffe7ff5032005fbc022067f76fee04803fffcff2ff1020fc9fee062ffaffdfb8fa109804bfa5016
2,50,0x0000110c,45,0,0x05e034fb0014003ff0ff901bfaf09dfb0fdd016fe7043fdfff7fdb070018f8d037fd4ffa057fcefec03cfd6008fc6052ff5048fb606afcbfdf02bfe6fe9055fcdfd501d01e014ffefb10b1fd2fe0fff005fe4fd2066001fddff0024000fd0ff5
2,50,0x0000110c,46,0,0xfe3017ff600fff5ff904efa6fb907702efa600a003023f8ffdb00c01efc501d00d032fbefdd031fd6076f7503d037fb5fcdfe201f085f5ffbd0b3fd700afe0fae01b062007fe4fc4fcd052011fcefd503cfdbff6046fdefcf01006af96021fe6
2,50,0x0000110c,47,0,0xfbd016020fee025015fbafcc07400bf75064018fdefeb01af6dfa900103906bfa9fb805ffe6fdd038011fb8fe705dfed03d01900f001fe3fdb02fff301effdfac053ffcfd403100ef9902f03fff202ff62067ff9021fae00f034020fb4fef028
2,50,0x0000110c,48,0,0xfd800b001044fd9fc1033ff704cfa5fda03903cfbc01f001055009fe9fae032048fcffbb05a005fecfda008fbe0530a2fea08ffd8fb5ffefcf02d093fe6f79fcd04902c04afa3fb3f620ca021fa2fac03701affb00a001ff2fe9030000fe901d
2,50,0x0000110c,49,0,0xfb6042ff8fda070fb0fe002ffd504afcb00a001ff1034fe804405bfacfe0fbd050ff8026054f78fc90030ad003f4d01a083030fbbfaf01c0c5f96f9dfda06000c038fccfbf03afd7036fd3fb5072031fabfd504efe1ffa025ff5ff7fc5052ffc
2,50,0x0000110c,50,0,0xff8fd7039fd4065f7004fff900f003ffb00bf6107807ff9e033fd8fd1fe604102efbd005ffd032f9601a07bfd4f97005043fb9fd905bfe5ff1016fda006007018faf09e005f44ff101af3700909600cfe8fbf02efe1fe3013028027fb5029fd5
2,50,0x0000110c,51,0,0xfdb010fd7042006fc203f018f9901004afc301000b029f9d053fe8f9801605bfceff802df91061018f9e066fa8020000fcc04f00b02efb4fd200e03b022fbeff102afb806300cfc203cff3fb5fa602d09bfe0fb9fcb00008efcbfe2ff1fd4055
2,50,0x0000110c,52,0,0x058005f7b071fe0045fb0fe102202700ffcbff7008034feafdd04f059fa5fff00cfd601efd8055015f8b037015fbd01dff1038fad056009f8304500a00afd102a006ff2010ff3febfdd009032feffe302ffdffd5019070f90029007fac007043
2,50,0x0000110c,53,0,0xf5100405901802ef58059014fc103efea011fc803bff4fc402dff1fd7091fbafa801604b01dfb0fdd010066ff9fccfd1f8b01206cfad022fdcfab07205efb2f91022062fcbff7007fa5ff4032f99083ffcf6d00a0e0f83fcdfda041052fbcffc
2,50,0x0000110c,54,0,0x01ef97fd5071fcaff3046f95060fecfd501afdf00a04a027fa60e7001ec40f6076f1a059fdc00e00b00c031fb6017fd202c005ffe024ff8fdc01aff103dfd8fa103d06bf91ffe05b00d086facfd4078f97ff603ffd002eff301c008f73035082
2,50,0x0000110c,55,0,0x026feb046fc4f9602affc0cbf49fc3072003ff9fb0ff5071fbf032fcbfda01d026ff6047fc8001fb2f910fb014fc3fb1f9efd4043fe201a03efb6fd0058044f0b0360a002cf99fb8fef0a1fa3f2e05809a043f49fb10e4f9cf5d103fab018f94
2,50,0x0000110c,56,0,0xf99fd8fda061024f94074fcff6208f00f047fd2f99fd505cfe1fea034fcd00a025fcb008001055ff8f5d078ffafd805404eff9fd9008fd905c023fa5fda028039fcd016fcd01e05afc800a012086f86fc5014059ff4fba030027fc900efbf034
2,50,0x0000110c,57,0,0xf61051011fd806ffa9f7707a062fd2fd0013fe8fa3075061ffcf6e0250bfff9f59ff4039053fddfe1ffdfd200705bfeefe6039fbdfe001201802afcefe104cfb900801f002026f98fe5fd807afedf9f039011fe3044f8e015038fcc035023fcf
2,50,0x0000110c,58,0,0xf80fac031fee06aff3fcbfd0016035046f81fcf04a030024028fe605dff100afe5fb70110a5f74fe9033fe201b025ffaf7201406cfd2020f9905100efab058ff5fe2012fe7fd3057f80025fca083fd1fce024ff6016feafb8092fb101afe700f
2,50,0x0000110c,59,0,0xfd7ffb036fe4fb8014001075fa7ff802afcfffefffff00acfae033039fb6fd204204cfa4fff014fdb01602202cfd0fae06201efac004026fd9ffd058fe9fe6fae01505efe7ff103cfca09afd0fdcfe0002059fecfdefee030fd6009fe9029047
2,50,0x0000110c,60,0,0xfc505ffbb00003afaa02b023fb301e040fcc008fbc03502b058fc100400400cfef028017f91021056fbb029fc9028014fa9fce018010fc9028fb405d06bf8dfaefef08bfeeff1fa200e00cff5fc1fea07efc2071f97febfe9fe708bfe4feffd0
2,50,0x0000110c,61,0,0x01ffa7fce041031fb6039fcefac0c9facfebffafeb031ffe007fc7feb03f00bfe1fea00b000043fc6fd1fed06f012f9701f01b00cff6fa90a3f95fe7010ff5048006025f3e0090d8008080fe9fc6fff013fbe067000feafdafea00b045fedfe8
2,50,0x0000110c,62,0,0x02bfc7f8f09203cfa7ff8ff5ff801802000cfc0000fe2060058fedf7708901efc0fbcffa060ffcffc01bfdcfd1feb05cfc7fee078fbffe000c046ff6fc5f9807902fffefceff7fdfff5011025005fc6005038ff5fa7030031fe7fecffc065f63
2,50,0x0000110c,63,0,0xff9066010fa7fd8026026feaff6013ff701cfcdfee038ff6fb8fa70a601ef8efc4061ffaffa02eff5f9e03604af7602d009f9f04302f00a005fc0fe9028ff8007033fc202afc3039ff2fcd028fb7ff4065fd6ff2ff6002032fd5006052f7802b
2,50,0x0000110c,64,0,0x016fd800b028fd302ffd4ff901d004fd2024048fb7fd200606003f013f86fdc05a008019fe8f9406100bff0004fe204d04afd8044ffffb802afdf03302afaefc003c01e044fb9ffbffeffffeff9309f004fbffe900301f00704dfc5f70040070
2,50,0x0000110c,65,0,0xff302d03d00cff3fa2fa7099ffe040fabfe9007fec061fbf03e022fd5fe8fd704801bfc904dfb2fc3047041023f73fd0fd2021012012fd0fffffc02401ffb8fea024020017febfa7fdf03dfd207df71026032fb2028fe9068fb9fa805bfe1029
2,50,0x0000110c,66,0,0x02e00200ffcfffa01901cfe1ffffe0062f9ffff052ff4fb1010035f92027051fe8ff0feffe2ff3048038f77048ffefc4035fed019fe7ff5fe7035ff5fd4033008ff9fba032017ff5fff003fbd005054fd3012019fc8fc303f00a05afb9fe4000
2,50,0x0000110c,67,0,0x012fd5fe208efdcfc0fea01f03d02cf6600502e004046ff104902bf89fd6075fbf070f9801affeff9015fb9066ffafbd01bfda02705af6a04ffb200e096f87ff2ff8017018ff601c011017f9b049fc303f02cf91062fcafe601f01fff2fd2005
2,50,0x0000110c,68,0,0x056006fa400a051ff6006fbd05efbffdd00102e061f8a00a027026ff9f9704c027fd101301dfe2fc6043fea00201bfc6fe9050fadf9f020081fe0feafed012fc202c03cfc4003feefbd04100ffca01a01dfd8fea044fb602ffe2061f8302500d
2,50,0x0000110c,69,0,0x04a02501ffc7fb304b05ff6e012fe904d029f8d05afeefb2fcf00301efea062f5001006cff1061f4dffd01d047012f9f022000008fdc032fe4018fe9fd803ffc208efc0f7904503a06dfc1ff900dff6fdaff705a007fa3054f9004404cf95033
2,50,0x0000110c,70,0,0x12ef10f3e01e106f81f870b0f9efed00106c011fbdfb2feefc8090faa015fe9011fe304cfd4fc604cfde02401bf8a064064fb002ffd5005fbc095ff7f96fee04d005fb708bf9afeefbf03601e020fb6fb8029037fe806cf79ff9060fa2012fec
2,50,0x0000110c,71,0,0xfd9fcc0c5040fc9fbefc1f8308f0a504af4cfac011f6b0be029f9df8d03a01006801dfbaff1f9502504e03cfd0fe2ff506104afaaed60540fd02aefe01f0a1f6e06dfb9013fe4ff5042061f9e06efc000705af6cfcc03e06901dfd2f7305d016
2,50,0x0000110c,72,0,0xf9002d057017f84fbc0cdfd9fc2ff5ff2024fcf09500ef64fc5058fdd022019f7600107ffee017fe4f9b043fdf02c040fe2ff205703d00ffc9f80fe602d0700c3f72f1102602703d033f9d003feb041001fed014fe4fd2040feb02b01cfeef67
2,50,0x0000110c,73,0,0xfdffef01f02efe1fc6ff403902e001fcdfb803b020013ffefd300701400bfeefb603e05bfbafa905affbffa025fb202b034057f67022050019fa5002ff3043fe4fae065061f80fed028fdd060f88027028fceff6049fefff2ffcfaf038025003
2,50,0x0000110c,74,0,0xffcff8054f78ffa0a7fbcfcfff0028036fd9fb304300a00806a03af77049fc700e00d002000013ff6ff5021f9606cffffa0fd308afd6fc2fd307effcfeafebfb6030062fb8015fb0037032fb6050fc801efeafd2076fc3fa401c0bffc5f5e03c
2,50,0x0000110c,75,0,0xff0012058f7bfdf046019009017f9d00eff103d029fbd008fb3085fcafd6011023ff3ff4002ffbfbd0adfc4fc0ff0fe3ffffc2051fb200a001041fd6fd703401dfc2ff0036fcb06a036f9607102bfbdfb901205701bfd2f880130ccf88017fa3
2,50,0x0000110c,76,0,0x0a2fbcfa9fe104e04afbe015fcd006ffa035014fdbfb3049026fb3085050f7cfae02c060020f82020021fda027fe6012f91056050ffd000faffcb057029fdb020fc3fe5060fa404c023fed006fd4fed038018fd1fd4021059fddf9b071fccfea
2,50,0x0000110c,77,0,0x085008017fe0fc4061f8d050024fb2ffc058fc6004fe8fe001efdb018fd4ffb00cff3046016f93ff1041fff02fff8fa3f75ffb007055027f4e057078faefb8025febfff071fe5fca029fd6fcd00a032fdcfee025009ff200c00ffbe027fcb034
2,50,0x0000110c,78,0,0xf9b049feefe9ffc01604cfb9fee006ffa026fe104cfdaf6ffdf02d023027fbd01cfc0fdf0a4005f6700305e01ef6a06101ffcdfb4073fe502ffab028021fecff0fa4093fa2063020fb8fc50a8fbc02ff73025057020fb2ffcff602efd7fdc049
2,50,0x0000110c,79,0,0x061002020fbf02505cf8efe6011031017fc5ff500f038006047030fbb002044fcdfe0020031fca019fb702904bffdfae03a02b05ff87fc2fff086fdaffc000f9b04100301c00cfe9058fccfdc026019fbf00c032004fb4011031ff4011fdb033
2,50,0x0000110c,80,0,0x010048fb2fab04503ffe5ff6fea021fa402205801bfd0f7efdafa103700707afeff53033013017041f8d01305bfd1fa807bfcbfe0ffe011ff600006af8ffca00605204dff2f6dff2087020fd2f9bfd20b7fc3000ff3fdc04dfe4fd4ff1053fbd
2,50,0x0000110c,81,1,0x00d021fef038fdcfac03d01500700dfb200007dfbafb5038f8dfde021020028fde011fd5034fa701207afb0feb00504200608bfbcfabffb096f7a01500004ef97036041fb9fb9012fdcfa003d01efef01dff1fcbfe2035022ffd037fd7f7101d
3,51,0x00004a15,0,0,0xff8fd7039fd4065f7004fff900f003ffb00bf6107807ff9e033fd8fd1fe604102efbd005ffd032f9601a07bfd4f97005043fb9fd905bfe5ff1016fda006007018faf09e005f44ff101af3700909600cfe8fbf02efe1fe3013028027fb5029fd5
3,51,0x00004a15,1,0,0xfdb010fd7042006fc203f018f9901004afc301000b029f9d053fe8f9801605bfceff802df91061018f9e066fa8020000fcc04f00b02efb4fd200e03b022fbeff102afb806300cfc203cff3fb5fa602d09bfe0fb9fcb00008efcbfe2ff1fd4055
3,51,0x00004a15,2,0,0x058005f7b071fe0045fb0fe102202700ffcbff7008034feafdd04f059fa5fff00cfd601efd8055015f8b037015fbd01dff1038fad056009f8304500a00afd102a006ff2010ff3febfdd009032feffe302ffdffd5019070f90029007fac007043
3,51,0x00004a15,3,0,0xf5100405901802ef58059014fc103efea011fc803bff4fc402dff1fd7091fbafa801604b01dfb0fdd010066ff9fccfd1f8b01206cfad022fdcfab07205efb2f91022062fcbff7007fa5ff4032f99083ffcf6d00a0e0f83fcdfda041052fbcffc
3,51,0x00004a15,4,0,0x01ef97fd5071fcaff3046f95060fecfd501afdf00a04a027fa60e7001ec40f6076f1a059fdc00e00b00c031fb6017fd202c005ffe024ff8fdc01aff103dfd8fa103d06bf91ffe05b00d086facfd4078f97ff603ffd002eff301c008f73035082
3,51,0x00004a15,5,0,0x026feb046fc4f9602affc0cbf49fc3072003ff9fb0ff5071fbf032fcbfda01d026ff6047fc8001fb2f910fb014fc3fb1f9efd4043fe201a03efb6fd0058044f0b0360a002cf99fb8fef0a1fa3f2e05809a043f49fb10e4f9cf5d103fab018f94
3,51,0x00004a15,6,0,0xf99fd8fda061024f94074fcff6208f00f047fd2f99fd505cfe1fea034fcd00a025fcb008001055ff8f5d078ffafd805404eff9fd9008fd905c023fa5fda028039fcd016fcd01e05afc800a012086f86fc5014059ff4fba030027fc900efbf034
3,51,0x00004a15,7,0,0xf61051011fd806ffa9f7707a062fd2fd0013fe8fa3075061ffcf6e0250bfff9f59ff4039053fddfe1ffdfd200705bfeefe6039fbdfe001201802afcefe104cfb900801f002026f98fe5fd807afedf9f039011fe3044f8e015038fcc035023fcf
3,51,0x00004a15,8,0,0xf80fac031fee06aff3fcbfd0016035046f81fcf04a030024028fe605dff100afe5fb70110a5f74fe9033fe201b025ffaf7201406cfd2020f9905100efab058ff5fe2012fe7fd3057f80025fca083fd1fce024ff6016feafb8092fb101afe700f
3,51,0x00004a15,9,0,0xfd7ffb036fe4fb8014001075fa7ff802afcfffefffff00acfae033039fb6fd204204cfa4fff014fdb01602202cfd0fae06201efac004026fd9ffd058fe9fe6fae01505efe7ff103cfca09afd0fdcfe0002059fecfdefee030fd6009fe9029047
3,51,0x00004a15,10,0,0xfc505ffbb00003afaa02b023fb301e040fcc008fbc03502b058fc100400400cfef028017f91021056fbb029fc9028014fa9fce018010fc9028fb405d06bf8dfaefef08bfeeff1fa200e00cff5fc1fea07efc2071f97febfe9fe708bfe4feffd0
3,51,0x00004a15,11,0,0x01ffa7fce041031fb6039fcefac0c9facfebffafeb031ffe007fc7feb03f00bfe1fea00b000043fc6fd1fed06f012f9701f01b00cff6fa90a3f95fe7010ff5048006025f3e0090d8008080fe9fc6fff013fbe067000feafdafea00b045fedfe8
3,51,0x00004a15,12,0,0x02bfc7f8f09203cfa7ff8ff5ff801802000cfc0000fe2060058fedf7708901efc0fbcffa060ffcffc01bfdcfd1feb05cfc7fee078fbffe000c046ff6fc5f9807902fffefceff7fdfff5011025005fc6005038ff5fa7030031fe7fecffc065f63
3,51,0x00004a15,13,0,0xff9066010fa7fd8026026feaff6013ff701cfcdfee038ff6fb8fa70a601ef8efc4061ffaffa02eff5f9e03604af7602d009f9f04302f00a005fc0fe9028ff8007033fc202afc3039ff2fcd028fb7ff4065fd6ff2ff6002032fd5006052f7802b
3,51,0x00004a15,14,0,0x016fd800b028fd302ffd4ff901d004fd2024048fb7fd200606003f013f86fdc05a008019fe8f9406100bff0004fe204d04afd8044ffffb802afdf03302afaefc003c01e044fb9ffbffeffffeff9309f004fbffe900301f00704dfc5f70040070
3,51,0x00004a15,15,0,0xff302d03d00cff3fa2fa7099ffe040fabfe9007fec061fbf03e022fd5fe8fd704801bfc904dfb2fc3047041023f73fd0fd2021012012fd0fffffc02401ffb8fea024020017febfa7fdf03dfd207df71026032fb2028fe9068fb9fa805bfe1029
3,51,0x00004a15,16,0,0x02e00200ffcfffa01901cfe1ffffe0062f9ffff052ff4fb1010035f92027051fe8ff0feffe2ff3048038f77048ffefc4035fed019fe7ff5fe7035ff5fd4033008ff9fba032017ff5fff003fbd005054fd3012019fc8fc303f00a05afb9fe4000
3,51,0x00004a15,17,0,0x012fd5fe208efdcfc0fea01f03d02cf6600502e004046ff104902bf89fd6075fbf070f9801affeff9015fb9066ffafbd01bfda02705af6a04ffb200e096f87ff2ff8017018ff601c011017f9b049fc303f02cf91062fcafe601f01fff2fd2005
3,51,0x00004a15,18,0,0x056006fa400a051ff6006fbd05efbffdd00102e061f8a00a027026ff9f9704c027fd101301dfe2fc6043fea00201bfc6fe9050fadf9f020081fe0feafed012fc202c03cfc4003feefbd04100ffca01a01dfd8fea044fb602ffe2061f8302500d
3,51,0x00004a15,19,0,0x04a02501ffc7fb304b05ff6e012fe904d029f8d05afeefb2fcf00301efea062f5001006cff1061f4dffd01d047012f9f022000008fdc032fe4018fe9fd803ffc208efc0f7904503a06dfc1ff900dff6fdaff705a007fa3054f9004404cf95033
3,51,0x00004a15,20,0,0x12ef10f3e01e106f81f870b0f9efed00106c011fbdfb2feefc8090faa015fe9011fe304cfd4fc604cfde02401bf8a064064fb002ffd5005fbc095ff7f96fee04d005fb708bf9afeefbf03601e020fb6fb8029037fe806cf79ff9060fa2012fec
3,51,0x00004a15,21,0,0xfd9fcc0c5040fc9fbefc1f8308f0a504af4cfac011f6b0be029f9df8d03a01006801dfbaff1f9502504e03cfd0fe2ff506104afaaed60540fd02aefe01f0a1f6e06dfb9013fe4ff5042061f9e06efc000705af6cfcc03e06901dfd2f7305d016
3,51,0x00004a15,22,0,0xf9002d057017f84fbc0cdfd9fc2ff5ff2024fcf09500ef64fc5058fdd022019f7600107ffee017fe4f9b043fdf02c040fe2ff205703d00ffc9f80fe602d0700c3f72f1102602703d033f9d003feb041001fed014fe4fd2040feb02b01cfeef67
3,51,0x00004a15,23,0,0xfdffef01f02efe1fc6ff403902e001fcdfb803b020013ffefd300701400bfeefb603e05bfbafa905affbffa025fb202b034057f67022050019fa5002ff3043fe4fae065061f80fed028fdd060f88027028fceff6049fefff2ffcfaf038025003
3,51,0x00004a15,24,0,0xffcff8054f78ffa0a7fbcfcfff0028036fd9fb304300a00806a03af77049fc700e00d002000013ff6ff5021f9606cffffa0fd308afd6fc2fd307effcfeafebfb6030062fb8015fb0037032fb6050fc801efeafd2076fc3fa401c0bffc5f5e03c
3,51,0x00004a15,25,0,0xff0012058f7bfdf046019009017f9d00eff103d029fbd008fb3085fcafd6011023ff3ff4002ffbfbd0adfc4fc0ff0fe3ffffc2051fb200a001041fd6fd703401dfc2ff0036fcb06a036f9607102bfbdfb901205701bfd2f880130ccf88017fa3
3,51,0x00004a15,26,0,0x0a2fbcfa9fe104e04afbe015fcd006ffa035014fdbfb3049026fb3085050f7cfae02c060020f82020021fda027fe6012f91056050ffd000faffcb057029fdb020fc3fe5060fa404c023fed006fd4fed038018fd1fd4021059fddf9b071fccfea
3,51,0x00004a15,27,0,0x085008017fe0fc4061f8d050024fb2ffc058fc6004fe8fe001efdb018fd4ffb00cff3046016f93ff1041fff02fff8fa3f75ffb007055027f4e057078faefb8025febfff071fe5fca029fd6fcd00a032fdcfee025009ff200c00ffbe027fcb034
3,51,0x00004a15,28,0,0xf9b049feefe9ffc01604cfb9fee006ffa026fe104cfdaf6ffdf02d023027fbd01cfc0fdf0a4005f6700305e01ef6a06101ffcdfb4073fe502ffab028021fecff0fa4093fa2063020fb8fc50a8fbc02ff73025057020fb2ffcff602efd7fdc049
3,51,0x00004a15,29,0,0x061002020fbf02505cf8efe6011031017fc5ff500f038006047030fbb002044fcdfe0020031fca019fb702904bffdfae03a02b05ff87fc2fff086fdaffc000f9b04100301c00cfe9058fccfdc026019fbf00c032004fb4011031ff4011fdb033
3,51,0x00004a15,30,0,0x010048fb2fab04503ffe5ff6fea021fa402205801bfd0f7efdafa103700707afeff53033013017041f8d01305bfd1fa807bfcbfe0ffe011ff600006af8ffca00605204dff2f6dff2087020fd2f9bfd20b7fc3000ff3fdc04dfe4fd4ff1053fbd
3,51,0x00004a15,31,0,0x00d021fef038fdcfac03d01500700dfb200007dfbafb5038f8dfde021020028fde011fd5034fa701207afb0feb00504200608bfbcfabffb096f7a01500004ef97036041fb9fb9012fdcfa003d01efef01dff1fcbfe2035022ffd037fd7f7101d
3,51,0x00004a15,32,0,0xfe7ffb029ff7fe5035fcc018fe5033006f7908301dfb3ff001900f01dfd9fb800b073fd8fe304df7601202d01101a03303c022fccf8807b040f79045ffb005fc504d00efbc014fdbf9d025ff201900efda003fce061002fdcff5014fd7ff006f
3,51,0x00004a15,33,0,0xfd5fa004100b00cfd9feb02b01cfde038fb8f9d0a6ffdfc402bfa0fc90360adf60fd6ff905402efa6fe502e02300df8e015fa106ff9801604df62061039fd6fad05a03ff5f035049fac04f020faa00b03cf9f061feafc8081f91ff8fd904b04e
3,51,0x00004a15,34,0,0x031fcbfdaff301503f000f8f04201300ffebfc3029ff106304b00dfc7038fc806cfe4f69044058ff9faa03c00ef86077025fb2ff4057fe4fd4fd602703fffaffdfbf009000ff803cff204bff5017fbe02efc2000074fae038f9900d053fe6009
3,51,0x00004a15,35,0,0xfe6052ffff6f045037fd6001ff001eff001bfecfcd019024ffbff4fd003701e006fd0fea049feffa5009091fc7ff0fb2038002f4d043028ffcffd034fc7fc802002e05af80fad07a022ffffbeff9026024fc1062f93ffb02aff604efc9febfe8
3,51,0x00004a15,36,0,0x0befeefbefd100905dfe2f9d06afef002fe402dfe1fc1044ff7025fea016022f97046000fd501201bff3005015fca025fb900701602cfca015030f8003fff603efe0027f88ff306afc1043febfdcfee06cfe5fe7ff6ffb027f8b08ffdbfc502d
3,51,0x00004a15,37,0,0xf64019091fb7fd6006fec08af93ffe01afea023fedffdf95fe6001005035074f98f40070091f65083fa6002feb04efc6003f8d02b024fd101e02102bf9ffa1058055ff2fe7fb805bfc2082fb6ff3ffffe707cffaf2605a09dfcef7f012087fc6
3,51,0x00004a15,38,0,0xff8045f9efdf06bffefda033fedfb8007036fe8fd8082ff7fa604f052ff6fcefe5036fb102506afa8fe9ffb03b007fd004dfd300f088faaf9c04a00dffa014faa090fb2fac04803b012fd1011025fe3ff8007028fbdfe3066fe7fea010fea00d
3,51,0x00004a15,39,0,0x062fdcfe2059fe2009fc8fef00a060fbfff602ffb2044fe5fbe00d044fbf00b06cf89ff401c00c024fa701105502ff90f90fcd084fcbfd300a03bfbd009036fd601bfc8030044f68027018fdaff8013fbaffa093fcfff5fc1fc50b4fb1ff000e
3,51,0x00004a15,40,0,0x010fc8fe3ff105afd702afb501201bfca03cffa03cf9afd9fcf001fff00c022febfee024fe5000fdf036ffffd3045fef03ffed034fcd00cffdfcf08dfd4f68096fd801cfe3fa60befe1088fcc006fe8ff3004ff7031019fb0040fb201702afd5
3,51,0x00004a15,41,0,0xfed01bfb800502bff503afc1fdb01f021ff1ffd000fbe063073fd1ffefd9ff701803b014fb502ff8e04b001fe0073fcd00afa5ff4059fdb031fcffce030033f84083fc301b011fa1fa301809bf69007067fa2fef041fd7035f9405003ffc0fcf
3,51,0x00004a15,42,0,0x03303efe401afebfcfff5060fe0fe102dfdafeb02cfdb032fc3fc300d07afe101cfebfcdfdd037fe3047fd701efdbfcc007fc705a029fd9fc5055fe1fc7040fdd048007f4708002601af8dff2078ffcfb2018038fa1001042035f9dfe206cfe4
3,51,0x00004a15,43,0,0x088042fb2f9f053016fa0067003016f8102900b048ffbf7fffafa8ff4074029f96fb706b035fc4fcffe604700c02efe905b01bfe9fca000020ff803efc2014f92092fba01d057f84ff3fdb04300cfcefc8022065f8bfff060004fa7fee02a02b
3,51,0x00004a15,44,0,0x02afc8fe5ff4007034009fa202d055fa0022000ff7005f9200600101efd800a05bf8c01103efd5ffeff2016007fde03e038fd8fbb07cfecfdafcd04cff4024fdbfb6036046fd0fb0001ff5fe702dfae04600c020fb1fe602c00101d01ff7e05b
3,51,0x00004a15,45,0,0xfddfe605dfdbfcfffb029006fd0001046001fc0feb009036034fbd00d02bfe1ffa022017fb0ffa029022fdd01fff1fe003dfd1fe904afd9fca00903002bffaf93ff8084fd7fd300201200401100bfdcfda000025072f98fe0033fc0fec072fda
3,51,0x00004a15,46,0,0x050fbf009fed02dfe502afb7ff8025ff8042019f8efc407eff8f7801b026014039fac017fa9091fc9fa307eff3fd4ffc0fffdefcaf9803703afdd012fd404df9b027064fa9fc8028fcefe3fae03202401bfe4fd7026004fd101601e007fe1ff1
3,51,0x00004a15,47,1,0xfad04501efd6018fd402002dfd2fe9fe706ffd4febfd801001403d003fd6f8d08301ffd4002fe2041fd0fcc042fe405cfed029fca034006feefb1037026fd5029039f78052fcff89fe7004026fb0fe203eff5fc8097fd4fbffeb03dfa901c07d
4,55,0x00003728,0,0,0x00dfeefd802c013fb501b058fa9034fb3029005fe004bff000101cfeefd305df9f02700201cfeefc9032022fd802bfbf004fac08602af7cff1057ff2feb01effaf98088ff1fbd00dfe204cfdafb8050fd405efc9fa1089ff6fbafe107dfe0fae
4,55,0x00003728,1,0,0xff800f00e00effbf99080007fe0fdefd8049ffaff1047fb9fc8038004fd6064fdff9902f01c020fdefd8ff6057feafe4ff602afb9048017ff1fdcfec051faa036febffa028fe6012fd3ffdff3001fe502a020fe4ffbfcf035fec00703dfbdff6
4,55,0x00003728,2,0,0xfd6006009feafd6045045f89035fc900704cfad04dfeffdb05cfbfff1025007029f87013054fe8ffffd401b002019fecff400003d00bfe5fba00500802601e01cf89005079fccfdbfdf003013fd0053fdffbc03e00f01cfd0fdbff703100202d
4,55,0x00003728,3,0,0x07c02ef7104100bfefff0051fe3fb200b02704bfa4fe50510b3015fa1024ff800fffcff2fea024fbf0aaf7cfff009fe4fae01602dfef007068f99fdd016ffc017ffd01703bf67040005ff8fc1fb308a01cfdafddff000801e006ff0000ffe017
4,55,0x00003728,4,0,0xfe9023ff6ff3fedff905ffa1072fa8fd101b030018ff0f86fd3006fff03f022faaf8508f070f8ef8a07503cfc4016f5b060fdefd3046fcffd3080faf01d012fa9ff8029058ff8fd505700bfeeffefe7070fb0fad04801b007021fb1fc703603d
4,55,0x00003728,5,0,0xff5081fbff8205300802000efa005efa5034fe601e032fc9fb8001061fcd024fe9fb2045047fb3fa409bfe6fc002600cfc0fddff901e058f8b043fce00f003043fd3f97099fc1fccff206f03bf9ff470850a0fbdfcefa8034040fc4080fa8fa3
4,55,0x00003728,6,0,0x043f94007003fe901c005011fedff102cfd0ff5028ff3fecfecfae03203bfe6022fcefd901101004af8902b02bffaffb059f5fffc044001fff01efbf004029feefedfdf043007026037fd0040fad047f8205304ffb9fe8016fd004affbffbfc0
4,55,0x00003728,7,0,0xfaf05c053f8dfb609dff7f6d036039036ff4fa0feaff206103705bf54059028fec020f9203e000fb107dffbfb401b023017024fd101ffc801f02efb500a002032ff200efd2fc905afc7006018000fea03afc9feb027012ff7ffbff0017fc9014
4,55,0x00003728,8,0,0x00c007fbb016056fbeff3ff8013057faefd300d029039fc1fdaff905a002faaffd03afd1054feef7c05c027ffdfe5fb9038054fc2055fa8f99070017ff3ffcfb90a1f9cf9e086fc7038097f7304cfa100b049fdffe7fe108efcbf84036052ff0
4,55,0x00003728,9,0,0xfa0ff4052fc3ff9010038fe1fdf011fe6039fd00110020020a7028f9e046fbefb3077fe900400bff7fc602703efc600803c04ff8afc903b00f014ff3fdffff013012013ffdfd0fc1fb803102f043f5d02d010fe007afaffb5043018036fa9faf
4,55,0x00003728,10,0,0x01dff1fef02401dfe4fbeff4042052faefcd03efb7048034057016015fd1fdc02afdc00f00e03dfb1000025028fa4fa201a003fb903100dfdf01cff6ff3011fef00f022fcdfdd00efbb088f740380a4f69f8804807e004f94fb8066052fa400d
4,55,0x00003728,11,0,0x001fbb04301cf9902afedff605cfc7ff100f00efeeffbff80a0fd6ffe00cfbf005063ff9fc4fc000a06a014fd6fe3fb4fc2039feefb1059022fd0fc4035018fbf04b000fcefed021ffd037ffafdbf85061041ff1fedfc601c010038fd2fe2015
4,55,0x00003728,12,0,0xff504b039f8b015fc4012062fe701ff9f02bff100afcb056015f8202a01ffdd009047f83032053f63069012020f95fbefb400a026fe502e00af5905808ff8901cfb5049fdd01401ef9d00800aff301601efd4fc4060fe8000016fd8fdb02c004
4,55,0x00003728,13,0,0x04b0a5f75f95059fe8038027fadff005cf92034037fafffd03effefaaffc02a037fedffefa8035fe7030044f9efa9098003fdffd1010047042f7bff903ffce052fa2028010fe503a00f025feffe1021fee027fc4022fdc03800ffb600efe907b
4,55,0x00003728,14,0,0x063ff402af47032006035071fb2f6c042027028005fb7fc0f7807800a03ef5800803b030020faffe4ff6078fa5ff900701d01ffd8006fa1042044fb004dfaf00105cf8302703efedfdcfb5066016f68076040facfa3045052ff7fba014ffafef
4,55,0x00003728,15,0,0x05cf9700202b032fb602dfe2fe7fed06b04ff23050fd5007fd8fd4071ff2fbd040fcefdf06bfbcfff02afc1017036ff7034fa3070ff4fa3feb04a038fb0fd605ffbf074f7efe303bff3f8104702bfee01dfc0012fe102604afacfe002401a015
4,55,0x00003728,16,0,0x04c027f6e02004301efdbfe5fe8025fde03afc503301dfb1fb1ff9038015ff1038f9f00bfa906605ffc4fbb01401f00700e01aff2029003fcb034fa5feb083fdc00dfe5ffcfbe036fd9ff904bfc8fdb02bfda01e018fc1030011fd2ff701203e
4,55,0x00003728,17,0,0x005f9d01b07bfbafcf05bf9600f04d001fad030015fb400fff0fcf067021fc7007f95088fe2ffcff1fe4048feefe4fcffc604c035fb0ffafc8072fe0fce043016f7804ffe303f038f6f01f066fabfd704400bff0fc601700305ff9afee05cfca
4,55,0x00003728,18,0,0x057f91f920bcfe9fc300f01bfdd008045fa7fe103b01affb001fd804dfc5010fff01bfac02004bfbffe006efbc014fe7034fc202ffc0030052fcdfb8fe0096fb801dfe5fe2014007026ffdfcdfe0040ffc01dfd6ffafe8044004fc8ffcfed07e
4,55,0x00003728,19,0,0x05bfaefc106efce01bfa605b007fdefd6037002feffe7020085fbdfe8ff9020008064faffb6fda05202effc02bf46078034f4b01403802afd0014feffe201f016ff9fac04a046f9706cf87fc4094024fa500bfdeffd039fed008ffbffcfdc01b
4,55,0x00003728,20,0,0xfbf031004fdcfc10abfcef47098fea054fc8fbb017ffe00df9303602c064fb3fadfed07900ffdbfc001001f00801df90ff5015fe7fcc027085f6ffcb04501200e01dfa2fcd067026fcdfde054020ff3f8104106df8701702200ff8907bfd9fdf
4,55,0x00003728,21,0,0xfae07a094fe2eff10efd6f6b080fba025026ff0fe6fc106501cfb4ff2fd1054021021fd1f6905d0adf3dfb60ca018fa9ef3fb20b20e1fd8f31fb80a9005f92078feffc8014fd203d072f98fd2ff502f058f8efaf094036f88003fde03204ffca
4,55,0x00003728,22,0,0xfc9fe5001fe1015fe6008087ffcf85f700080dc076fb2f48024046fd7fe5023ff5fd402800501dfb303f005fbf006044fbcfea02cf7608b004fc205ef7904702af8400f05008ffdd01efeffe7050fe0fd5054fc3fad03b05b00afbcfe1fb6063
4,55,0x00003728,23,0,0xfbdfe000403301dfd5026fc6ff0ffe04e046f6cfc004f067032000f9b031fe502503efccfe1fd104601bffffd8010fc001bfeb002ff5046fcefdbfecffd099008f9df6903409500efc7ff9039028ffffdcfb9020046fecfb7043fed026fdcfea
4,55,0x00003728,24,0,0x02203c01d001f9efeb02d060fb9021feef96063fd5056ffffaffc206d008fe9fc9016029fe2fee036fd8ffd052f61056fd6fa505dffe000ff601df8105303ffc7021fcb00401bfe8003045006f9602a048fbeffe009fd0036021ffefb0054fe3
4,55,0x00003728,25,0,0xfdf002065fa9014ff2f8c08c03bfe0fa7fff022ffe06df4fff703402bfecfe1fb4072fc1007052ff6fa6ff204bfd9053f7903902dfe9fe6fcd094fa7fdc048fad07ff90ffc02303afd5001ff6fe703a01cff7fb3fea04300502efc0ffeffefec
4,55,0x00003728,26,0,0xfe301d013fe2ff4fc508ffc1fdf01000700cfc405efc700d014050ff2fff022f99fdc04e00605af95ff2fd007201df95fcbffe047fdcfe300dff8fec04dfe4001fc003100afda05c05dfd2fce034053fc7f98ffe092006fdbfa9ff404c004014
4,55,0x00003728,27,0,0x00efa600f04efd8ff0fed01802ffae031020f9a046ff3009fed01efddfdf04dfbd054fd3fe3fe7ffb040074f9cf9e00a009fb2047fffffb013fc400301e016005fd1fdd03c00800c00e01a022fe2000fc6feb083fe5fc8017febfe203103cf8a
4,55,0x00003728,28,0,0x01103df9f038ff7fa9057ff5025f920a2f91fd303a00201d005ffffbf011fdeff4064fd200f00dfb8001045fdefeb028fb6ffc02f04900af83fe301906affbfaafef04c024f7c05001a00dfbbfec00f04b02cf57015063feaf9f08f005f77020
4,55,0x00003728,29,0,0xff1034fccff500c024fe9ff3fc806300dfaa046fc6fff00801d03cf7cffe04203afa7fd802b00e01202dfe1f71032065fa6020021ffdfd3ff3038025fd5fd8fed03f03afa000902902e061f7c00402d000ff8008fe5fd0068fe6028f8c008038
4,55,0x00003728,30,0,0xf3704905dfa3013fe004cfa9fdd06403dfa3fde024ff3012014022fdb004fc3077f9dff007afc2fd4022078f48ffc042fd703c021fba025029f8e079fedf96068ff9f8f061029ff7023fd8009004012028fadfea04ffd403100af89061ff8fbf
4,55,0x00003728,31,0,0xf8701801bfce071013f99fb904c04dfe0fa9051ff0fb50b2fd0ff7009063fd1fa5038048fa2fe20a7f9bfc302b01cfe3041fb9fe501ffed066fbffab045068f80fed00a053008fbafd9009fd5010064fbcfcfff208dfbbfa1064ff8000fe3001
4,55,0x00003728,32,0,0x001073f73fe408fff4f8a01e041008ff1f6d091007fdc04600ffca01dffbfec039fe3fdcfeb063ff1fc3007032fe3015fd7fd2049fe5ffbfd202200ffd306ffdef93032ffa031fdbf8bfcf005030061fd0fa2fe603003f045f6bfc908bfe2012
4,55,0x00003728,33,0,0x02d040006fc3fe3ffb03701d005fcdf9508300efe2ff500afed02604cfdcf94031014fe902e026fb6fef01000201efdf00c025ff0fd0009084f6102301aff6015fed000fcd06900203ffe3065fd9f9d01902c014ff9fddff3024013ffefa7060
4,55,0x00003728,34,0,0x031ff6016fb502a018fe501ffcefd104f04df8e029fedfc6027000f8602c00104d035f89fd3027017042fc300efd700805cfe4fb3042046fa800cfbf04f040f9b036fdafce071fb5ff8ff3009f6e09eff1005ff1ffb021f7506b01cff5ff8fb6
4,55,0x00003728,35,0,0x07c019ff6020013f9dfc5074fe7059fa1fe8035ffdfe0ff6fa5067fc201201001dfcb01201dfa1046001026fac01401a072f9300e027fbc02efd9051007fb7fc105e020ff4fd4fdafc3027fd5ffcfea00f031019fc3fca037037fe0fe2fd505c
4,55,0x00003728,36,0,0xfe1006fe4006000011fc704900a011f8c003031072fcaf4e07000cfbefea01ffed01b01bfb500904dfd2002fd204eff5059fed005f91032047fd7fd404afc0ff5062fdafcc00dff204bfc4fe6091fae013fc1034fef025ff3fca037fc401f042
4,55,0x00003728,37,0,0x02a054ff8f9cf910760c2f6ef8804a00006bfdbf8002a04f016031f7103603101dfd6fbc053ffafb904a030faafe7fea002078fbdfdffff034045f65fae0ba040ffaf3203104afcbfcffd4014fd9058fc1fd905afebffffb701304200eff7fab
4,55,0x00003728,38,0,0x084fecfbc02f031fb8fc7076fbd029ff2fa40a0feaf9000900bfbff9b0a3021f91ff1041001014007f6005206bfb4ff804bfecff0031fb700e032fda00dff5015ff8fe100f048f910130b9f83044fb000b027fda055fbffc4048022fcbfac0a6
4,55,0x00003728,39,0,0xf43ff405ffc6044011000f7201f082fa5034ff4fe6005fafff4033ff5fd9fe8ff903efde02dfedfde03ff8704900b01f01bfcafe101d024ff301ef6508300efccfff03200bfb3ff2fd503304dfe6fd6005fc003c04dfc2fc6fd509b00cfebf64
4,55,0x00003728,40,0,0x04cfe0fa802dfce04d044fdcf94fec09efc0fcbffc04106b01401bfe9ff5077f66fe6040029010005f93034fef01bfff02901503301afc9ff2fb504f010ff501400dfd4fd002002cfc7018033ffdffaff8fcb03b047f5c060fc0036043fc6fda
4,55,0x00003728,41,0,0xfde02cfb5032ffeffb020fe8037fac006fea02e046f8102a06af7fff601601cffdfe1015025fe0011fd3fee042ffdfcf01500c00cfbfffc061fd0005fd9001012042fd100300cf9cffb048003fb200402b017fae055ff7fa202e053ff1fb5022
4,55,0x00003728,42,0,0x05003f017f8efc105e001ff506afb3fae016031ff702afe6fe303af8e09efc6fb5013019045fdefd8ffdfdc060fb501bfc400b003017006fd603efb102701afe7ff3ff903efdbfe803a024fbf00ffdeff5068fa301502f012f7102606afe7fc2
4,55,0x00003728,43,0,0xfbd018fdc012fdcfd4094fecfcbfd9ffe059fce027fd2fb7fa705e026fbe022feeff8018fde015017fed00cfba04ffeff91028049fbbfea01e057fa4ff304af9e02a021fd502c009042fde01301ffdffd5ff8057fdefcf02504ff99fd306ffb0
4,55,0x00003728,44,0,0x000fbffde09f014f36091fc600101bfde01c048f5b036060027fbcfdc01f06bf82045fd8fe903cfe8fe500f01f01bfd300efa502704e055f13fe509a030fc9ff0fc9012036fff01df80fc5083008013fd8fd3005011015fe3ff2092fc8f5404c
4,55,0x00003728,45,0,0x026fe5039014f9705dfc0039008f9604c012fec021fb303c03b008fecfbd020034fb203102dfccfdf032fdc00001400bfdbff701105bf9901a012fd500700b02400cfccfe1027012fe001006dfd4fc3004ff703bfe001c004fd2fe201804f01b
4,55,0x00003728,46,0,0x0b0ff2ff2034f85fbd0bafdffe7ffafe501efd4043017fa2089f7d048fc3016012012012fb401eff6043fdbfedfd7014015065fb3fd3fe502a072fd4f7e04800a00002bfad037ffd015feffcc046fccfe805f008fae002fee03500402cfb3002
4,55,0x00003728,47,1,0xf7201101b00601b027fbb000fe601400902fff1ffcfe5f84ff8fec00a00904afb301eff2ff100d00102cf83072004fa8014062fdefc003d003fa903d050f8500804afebfdc023fcb052fdafcf033fdd04afd9fc1078fbbfdc03effdfdbffc01f
5,58,0x00001453,0,0,0xf9906900dfadfee04dffbfd6ff9035ff4fd5018fe503903905cfebf8c05102affefeaff000ffe9004012fc107ffd9fdd055f3a01207e00af9f032fb5028042fa201d014046faefc904000001dfdbfce01c065f4e07d009fb2022005030fc0feb
5,58,0x00001453,1,0,0x033045fe3039fa4fce056044fa2fd200a08dfbefbf04ffb4000f8e088ff7fc8ff400b047fb0fdf02206dfcdfa9ff904600b010f8c00a081febf8f01005ffa904cfe7fba04202bfc8f93010048fea01bfc004bfc5fe001e000038fe5ff800afdc
5,58,0x00001453,2,0,0xffdfad053fe3fec038ff0017fd2f9e03c07a011fa5fecfc0021fb7ffaff7011fe100e036020f96fdb06ffeffebfd5044046fb5f91061fc5070005f98012fc5093ffbfcbfc1005046fe3faf06401ff9c03dfea000ff7023fd3013008fed02201d
5,58,0x00001453,3,0,0xfedfc102efb4056fe8033fadfcc080005f76062042f7005bfd7005fe402800c00dffcf7b047064fe4ff7fb9ffbff805800b00dfde04cfd0026002fa002402bffd01ffbafd902d028ffcfc0042000015fd8fc2046011ff0016fac056ff1fca04a
5,58,0x00001453,4,0,0xfc103dfd6fe503b053fe0f7bfd409102bffaf9801cfbd08402202202df9c014029ff0fd504cfb4006025fec03df9e04a08efac02cfeffb40a2f7e083f6601a02a03cfb7fe4061fabfb40b2fd6fab06ffecfe5019fbf00d02101d001fe9fbb04e
5,58,0x00001453,5,0,0x07dfdafd9032fc100d018fb30b9fb6fad02efa904b064fb7fe8f8d0500ad03cf42f82073058f7b05e053f60063fb4fecfad049ffafd1047ffaf8b06903dfb8f9605203bff6ffdf8bfdc014fd604cfbefdf030faf06d086f96f0007308b066f38
5,58,0x00001453,6,0,0xfe902ffb9fba04701501dfbdfd907ff9f019024fe5feefc9fd7fbc012fecff3026056fddfa6027fc0013041054fc1fd5031fcfff6029fe1041fdaf9e05e01bff4f91072feb00e002018ff1057006f9d01c02efc7017028ff8ff4fbd01c014028
5,58,0x00001453,7,0,0xfb807c01fffaf78057030f97ffc071037f6002ffcc00505cfed024fe4f8505d01301e00efc4f9304c0abf92f8c029083039fb2fe505500f003fdffc501b02bfed008016feafdc00ffc8028072f82fc002f039ff1fec045f90033fce06cff7f9c
5,58,0x00001453,8,0,0x018fe2023032fc2020011fad017ff5056fd0fcf07efbcfd7f69fc007c001fea00cfc7fe8051feaff008af70fc402204bf7101906afca00afe2049ff9f9cfed03c070f86fed053fc5fe600cff0fb304f037ff2fa1fcc07a04dfbdfc3fd605dffa
5,58,0x00001453,9,0,0xfb7038fff00a009faa012042068f86f84073fef059fdcfc0f9fffa00b016026fab00201d02900ffb1022fd7fe505905c01eff1ffe01cfcb00a029fe100f022fcffcf03401000e023fe6f8b05b08af6efdd061fbf01b022f9905e02ef8bff005f
5,58,0x00001453,10,0,0xf9e06407ff6e015001028fe6fb503dfee03d017f8604e00701cfe4010028fe4fe6024000fce02b01ffbfff2033fda06500e07bfc6fe7004027fc200500e003008013feaff5011fe6fd5020021ffd033fb7f6e0d9fdf00dff6f8e04301a006014
5,58,0x00001453,11,0,0x010fd3fab01e01aff705c00cf78fe401705d051f5a042fe1010040fc4fcd00efdc03404cfb2024faa003066fda003fd5feefeff9205206cfc3ffcf65085ffd01b006fd800dff9fbeffc01ffdeff1fd104ffd6002046fedfb5fbe08500a008fca
5,58,0x00001453,12,0,0x021012fd3ffa02efb900a038011004f9ffcf09eff4f79087fe6fe902800b003009f6907c039f8108af8a03cfedfb904103401dfbf001067f5704700c02bfc6010017fd103af8f07b04cff2fc4fd404efdb04ffe9f9005301afc1086f87fa3082
5,58,0x00001453,13,0,0xfbdff9024faf069fe3021fab02403bf9e025024fe4fed002ff5050faa03e050fa5fa304704efd7fc7045013f9802e01c04bfdaffd015feb02afde025fc1fe0052016fedfd3009fe603c00af8ffec064ffdff1fe8ff601bfcd061010f5f05cfec
5,58,0x00001453,14,0,0xff5fa903502cfd5055f9200401a02300afb7fe305fff301e02d019fcd006fe1025035fb301203df89030ff703f00ffa3015047fe5005fbcfeb06effbfd9fe500dfe6043001febfc3fb9044002fe4fd0050fad0050a8f51018052fe2fbeff1034
5,58,0x00001453,15,0,0xf9b038000fc406af62040082f8efdb04c015fb5fa80c9fc8fa600dfff056fc9fdf065fa7ffcfd105c033f9202cfebfe901e013ff1fec013fca02601efeeff8ffeff1021ff200bfc3018fa3041015fe501cfdfffb00afe902a021fe6fbd01103d
5,58,0x00001453,16,0,0xfcc07bff9ff1f9f026035fb8056009fcd004fd5ffb035039fcffa0069020fe9fc6fcf08f00af7602602c012fc1022027022036faa015ff4ff102501eff1ff0fca00b04dfd100cfdffdefdb01f03bffef8f02f01bffa00401effaf6109e011fd8
5,58,0x00001453,17,0,0x03200dfebfe6024016febfe1004037fdb01dfd7ffeff902efbf079fd0fcb01b02bfb2069fcffdb02dfab067fe5029ff101a022fd6005fc702b062f86ff5036fe203f027f87ff4026026ffeffafca023029fda036fa600700fffc03a027f98ffe
5,58,0x00001453,18,0,0xfc7fff03e003ff3fe702bff9fae02404200bf95058ff7fc0fe0ff9ff3031fd2016004fc2087fbbf8a080042f89013015004060fc2fdd01703cfba037fe2fe1065f5309200ef92024013022fae00e046ff4fe9ffffeb004003036fd2011fd8008
5,58,0x00001453,19,0,0x01f00efcefce01002b023fa2030051fd4f8202106d010fd0fb5065059f9000aff3fc307ffdffc406ffabff001a003023fcefe1024ff4fe2016063fbdff3fe9fd1077fe2fea029fb1fee08ffbcf9b071fee001fce053fcffba06ffc4048fc2ff9
5,58,0x00001453,20,0,0x01503ef9403d011fc7021ff9049f81026056fb4009fcb041fa0fae08efc701bfe6012ffe006fd0034fed000042fb4003fc3060f81061048f92f9306a073fdcfd2fbefd2046085fc7fd0fc1ffa029063f81fcf04d00dffbffefe102fff9ff2fd6
5,58,0x00001453,21,0,0x0a000dfe9f9900b096fbafa8065fd6031fc4ff8056fbdff4f4dfc60abfd6ff4023fc401bff902400aff9f8903106301b03df80f84047072058fd1f2eff8110f83f790cffc2fcb02ff99f9104009605bf3ff730d4fbe00f05afbafdafba046061
5,58,0x00001453,22,0,0xfd103f029fc5fbd00c05b034fe2fcaf9d02f05c01cfdaf6f041fa908a00cf97fed00106200ffd7007f90fdd0a502e019030f8500a0a0fe1f9c02efe9006fed046027f8afc0074028030ff7fd8087fb300ffd0fad0aa004fd4f7c02f07fffe00d
5,58,0x00001453,23,0,0xff3007fb808dff7ffdfd3017008fc000c01802f002fd8004febfe4060fdefc404efc001104afd0fdefb906c03efdbfa1fb9f9c054fa4063037fcc015feef8e04103000b009fce008036fe8fcc018fc9079010f8bfd601f03f06af78fcb082f90
5,58,0x00001453,24,0,0xfe504cfb7ff4011fd8075fedfdffe7015fbefe60bcff5f97fd4028041fc0fdb01bff6051fb200a00aff001ffe1021ff1026fd6072fc9fd6fcc04c036fe2fe8fa7074fd000600f059034fb1021fb1091fecfb9fdafe108102200cf5a04cfbb043
5,58,0x00001453,25,0,0x0a9fa6031fdc03800bfb3000043fb4053008f9501e058fcf033fe804dfad00300d03dfe2fd902df9d03b050fc2fe8019031ff2fd301003dfce017018fd8fdc02100b01cfebff0fe407603bfacfdd009048fe9005ff6fb801e072fb6fd201700f
5,58,0x00001453,26,0,0x055fdffa106601dfdf010ff5000fd102bfeefe905b01df3cfa8016054030fc6fc600eff7042fed001ff5fd0066fd3fc5faa03504af6c022018034019f6c069fcd00001702dfe1fd7066fc9f8102603002e008f9102302ffb2065fd3006013f7c
5,58,0x00001453,27,0,0x01c00cfe8fc6051fb2034002fe3072f91fc701b087fdcf9dfab031041f9901cffb00aff0044fdbfcfff1057fdb039fd5056fea003008fb201101803800bf7003b02f046f7bff605dfe7fd301bfe2015fe3032fab04303efae03bf7c028037fee
5,58,0x00001453,28,0,0xff7ff4029081fcef4f07a018ff8fb802a037fbf028fc1029fb5005fd8028034012fe4f7b05c01f012018fa8fc606e013ffcfec005036f7604a03bfae02bfe302efc3040040f2904bfe7fddfd402e03ef93018032fb5042015009fb8fba03c059
5,58,0x00001453,29,0,0x006fcf043f8002c038fe5047fa7ff9ff600904000cffbfb201a033fd0ff802d024f9bfea071fce010006fe1fdc041029ffd008fd7008018fbf052fedfe504ffdcfddfbe02d037ffdffafa802105dfa202dfb502803dfd5fc2069fe5fc7fde07f
5,58,0x00001453,30,0,0xfcd04aff0ff5035fd9fd900802c005018fb203afd5fda05bfcd020fe2074fd6f380fdfa7005fe7fd2092fbefd5042fb0fba035050f8d039050f85004038fd603fffafd2fd1045008054fd805df9cff701503700bfa4016017ff8026fd8fd105d
5,58,0x00001453,31,0,0xf90028040fd1021fda01afa1060038fa1feb01f036003fd0fec00afdcfff038018f9a00807dfb7fdb003fe904a018fdeffcfa2fea094fdaff9fad00b056001ff0f9302407affcfb7f7400b051ffcfc5fdc055ffffcb00e00603efb7040fb5fdc
5,58,0x00001453,32,0,0xf9affc012ffa06cfa400cfd3018051f87049010fd0006040fbefd302101cfda025002fd4006057fb2ff1034fda00601cfd8ffbff6ffaffd047fcafe501803202df3b066022fd803b069002ffa018f9afc901f0a3ffff6602e014fe8fe403704f
5,58,0x00001453,33,0,0xf8ffcd053030fc301cfe8020fd8018004fc202d032ff1fb4032042fe1fe6fed03cfb8021ff300302802ff71055feefc6fd8fcf021fe8091fc4f9f01700c04ffdefdcfc806cfcf027fdeffa00601aff1fbf00a094f7c01202cfdafbf05504ff87
5,58,0x00001453,34,0,0xfd4fe3064ff0fb3ff9027027000004f8801707dfcafef056fc801d00801302ffc803df75046018faa0a6fbdfc302dfb5fc2fd5fcd06c03efbcff7fa507a021fbbfe8fd403f05afd100400a03ffa5fa3099015fc800af8f08600ffb201dfe103e
5,58,0x00001453,35,0,0x022fe5fff00e04bf84ffb09cf8afc605c023fbdfea031011ff5066f9802d00cfe000d006041f89fe303905202cf67037f77fe4044fcb065f8100e044045f9afe2fee03b03cfa705e000fd905bfd0fe5fea017043ff9f8f00e088fccfbb01b005
5,58,0x00001453,36,0,0xfbffabfff052017feafdd04ffaffcb037039ff0ffafdeffc069fcefd3feb049033f7306dfe1fe9030fd7fef00405df9f0eff86f5f0aefe1000fa103101b02efe1029f82fe706e063fc3f9407002cfdefe9003fe602bff5016fe6ff2022fd0025
5,58,0x00001453,37,0,0x01efeafbf0b8055f3ff720a302c00200cf73066fde007061ff6fd2fd8079ffff9f050fa9060001f6c066021016fafff206005af9df8e035073ff1fdcfcefe103e065fd4faafbb01afea001feb039fbd02001ffcbfef038021fcdfe2fdb07b007
5,58,0x00001453,38,0,0xfdbfd4072fd5f8209905efa6fb0fc603005cfe904dfaefc7fa0ff0059024f84039fd002f00efe001dfe8025fdcfe303f05100bf6805c00c009029fbbfe001d00001402efe8fbffd9ff7025023004fe0004ff0ff003dfca03ffc801dfdb01f00d
5,58,0x00001453,39,0,0x025002fce00306dfbbf9c073ffd014fbbffbfff014066fb603afe3fe701f020024fcaf9b053014025fdbffcfc8025048042012fcc00ffe104afeafbe041fd8ff702a01cfe0fd8ff9030f7d056fc8021014fcb01901a011fa6fe7088fd4028fa2
5,58,0x00001453,40,0,0x050ff1037fcff9a04fffd06cfe8f68000079fe8021fb900307900ffae03eff8020fd5fa4049062fb9fbb04aff502bfa9f8b058fb5fe9019fed041001fe3fd2023ff705dfbefbd00aff9025fc7fe104cfe4fb9074fe2ff7021fba012ff8ff003d
5,58,0x00001453,41,0,0xffb048feb027facff3049fac058003fd4014ff700bfeafce01f001012001000fe2020f8f053039fcbff801e02ffa3fbbfedfdbfec016051fc2ff101b00dfb6032039fc2fa805306400c006ff9fdcfe302e020005f90044fff039ff1f8b05fffe
5,58,0x00001453,42,0,0x040f8dff601fff104efc000201af93065030fb4011014fc801cfaf02efdafe304c030ff3f9dfcb07001dfe302bf87020031f9d042fe3fd8047fedff0007fe801c010fdb012ff102f037fe2ff404bfcc008fd6027019fe0038fbafe7035fd202d
5,58,0x00001453,43,0,0x06efdcfe6ffcff205bfeff9900b04205ef6efe0059fbd04601a014fcf033fac011073fdbf89016042036fb1fe502800f03a062f87fee02401bfee01cfc4fb80b3fedfc4fba031020026fb9fd506dfeb013fa8fe808afc8025fb6fe2069ff3fb6
5,58,0x00001453,44,0,0x01204204af3ffd90a0fc5000020ffbfdd023fb6056fecfb6ffd022fa507eff3f96035017fe9051f7d03f01dfcc009ffdfeaffbfd801802dfd4ff5034ff1fedfe0038021faf01cfc8fc9057fae02cfd4013009ff1033fdbffdfa106d016fd9007
5,58,0x00001453,45,0,0x037fdffe900901b001020fcefeb025fdc010049feaf8e02903bfadfdd012fbc06f00400200af6108a008fba020034fc7fdf019ff6047ff5f9103702bfe9ff200c029f9f006058ff4f7400ffc505f028ffafabfe9055fd301bffc032fb9fc7062
5,58,0x00001453,46,0,0xfe8fee085fa1fd2016024029fb6ffbffd040fd6016ff8fdf015fba076fcdff5ff0ffdfd5045044fcdff5fccfd8046023fdcfdd00f053fabffd057fb4021ff6fb905f010fb703efddfc0042034f7f06ffe4ffffea00e002ffb01ffd4fdf03c05f
5,58,0x00001453,47,1,0x03800800efc3041fcf00302300cfca00b017ffeffcfee011fa1026ff704e004f7f05cfdb039fbb008057f9e02ffe100dfce00702c00e029fb6fe402bfdc030024fdafbc012067fdefbf07efadfd005d004fb7042fc4feb095fa5f8e073057fa0
